location_name,location_id,sensor_id,utc_timestamp,local_timestamp,pm25_value,parameter,unit
Valenzuela,5975180,14258421,2025-10-01T08:00:00Z,2025-10-01T16:00:00+08:00,2.5,PM2.5,µg/m³
Valenzuela,5975180,14258421,2025-10-01T09:00:00Z,2025-10-01T17:00:00+08:00,10.6,PM2.5,µg/m³
Valenzuela,5975180,14258421,2025-10-02T03:00:00Z,2025-10-02T11:00:00+08:00,17.5,PM2.5,µg/m³
Valenzuela,5975180,14258421,2025-10-03T00:00:00Z,2025-10-03T08:00:00+08:00,0.238,PM2.5,µg/m³
Valenzuela,5975180,14258421,2025-10-03T01:00:00Z,2025-10-03T09:00:00+08:00,3.4,PM2.5,µg/m³
Valenzuela,5975180,14258421,2025-10-03T02:00:00Z,2025-10-03T10:00:00+08:00,2.71,PM2.5,µg/m³
Valenzuela,5975180,14258421,2025-10-03T03:00:00Z,2025-10-03T11:00:00+08:00,4.09,PM2.5,µg/m³
Valenzuela,5975180,14258421,2025-10-03T04:00:00Z,2025-10-03T12:00:00+08:00,0.9,PM2.5,µg/m³
Valenzuela,5975180,14258421,2025-10-03T05:00:00Z,2025-10-03T13:00:00+08:00,19.1,PM2.5,µg/m³
Valenzuela,5975180,14258421,2025-10-03T06:00:00Z,2025-10-03T14:00:00+08:00,2.19,PM2.5,µg/m³
Valenzuela,5975180,14258421,2025-10-03T07:00:00Z,2025-10-03T15:00:00+08:00,0.0139,PM2.5,µg/m³
Valenzuela,5975180,14258421,2025-10-03T08:00:00Z,2025-10-03T16:00:00+08:00,0.0,PM2.5,µg/m³
Valenzuela,5975180,14258421,2025-10-03T09:00:00Z,2025-10-03T17:00:00+08:00,13.8,PM2.5,µg/m³
Valenzuela,5975180,14258421,2025-10-03T10:00:00Z,2025-10-03T18:00:00+08:00,24.1,PM2.5,µg/m³
Valenzuela,5975180,14258421,2025-10-03T11:00:00Z,2025-10-03T19:00:00+08:00,25.3,PM2.5,µg/m³
Valenzuela,5975180,14258421,2025-10-03T12:00:00Z,2025-10-03T20:00:00+08:00,2.57,PM2.5,µg/m³
Valenzuela,5975180,14258421,2025-10-03T13:00:00Z,2025-10-03T21:00:00+08:00,1.28,PM2.5,µg/m³
Valenzuela,5975180,14258421,2025-10-03T14:00:00Z,2025-10-03T22:00:00+08:00,0.0,PM2.5,µg/m³
Valenzuela,5975180,14258421,2025-10-03T15:00:00Z,2025-10-03T23:00:00+08:00,0.0785,PM2.5,µg/m³
Valenzuela,5975180,14258421,2025-10-03T16:00:00Z,2025-10-04T00:00:00+08:00,0.00283,PM2.5,µg/m³
Valenzuela,5975180,14258421,2025-10-03T17:00:00Z,2025-10-04T01:00:00+08:00,0.0,PM2.5,µg/m³
Valenzuela,5975180,14258421,2025-10-03T18:00:00Z,2025-10-04T02:00:00+08:00,0.0,PM2.5,µg/m³
Valenzuela,5975180,14258421,2025-10-03T19:00:00Z,2025-10-04T03:00:00+08:00,0.0,PM2.5,µg/m³
Valenzuela,5975180,14258421,2025-10-03T20:00:00Z,2025-10-04T04:00:00+08:00,0.0,PM2.5,µg/m³
Valenzuela,5975180,14258421,2025-10-03T21:00:00Z,2025-10-04T05:00:00+08:00,0.0,PM2.5,µg/m³
Valenzuela,5975180,14258421,2025-10-03T22:00:00Z,2025-10-04T06:00:00+08:00,0.0,PM2.5,µg/m³
Valenzuela,5975180,14258421,2025-10-03T23:00:00Z,2025-10-04T07:00:00+08:00,0.0,PM2.5,µg/m³
Valenzuela,5975180,14258421,2025-10-04T00:00:00Z,2025-10-04T08:00:00+08:00,1.53,PM2.5,µg/m³
Valenzuela,5975180,14258421,2025-10-04T01:00:00Z,2025-10-04T09:00:00+08:00,35.4,PM2.5,µg/m³
Valenzuela,5975180,14258421,2025-10-04T02:00:00Z,2025-10-04T10:00:00+08:00,7.44,PM2.5,µg/m³
Valenzuela,5975180,14258421,2025-10-04T03:00:00Z,2025-10-04T11:00:00+08:00,0.0,PM2.5,µg/m³
Valenzuela,5975180,14258421,2025-10-04T04:00:00Z,2025-10-04T12:00:00+08:00,1.82,PM2.5,µg/m³
Valenzuela,5975180,14258421,2025-10-04T05:00:00Z,2025-10-04T13:00:00+08:00,5.04,PM2.5,µg/m³
Valenzuela,5975180,14258421,2025-10-04T06:00:00Z,2025-10-04T14:00:00+08:00,6.76,PM2.5,µg/m³
Valenzuela,5975180,14258421,2025-10-04T08:00:00Z,2025-10-04T16:00:00+08:00,0.147,PM2.5,µg/m³
Valenzuela,5975180,14258421,2025-10-04T09:00:00Z,2025-10-04T17:00:00+08:00,1.01,PM2.5,µg/m³
Valenzuela,5975180,14258421,2025-10-04T10:00:00Z,2025-10-04T18:00:00+08:00,13.3,PM2.5,µg/m³
Valenzuela,5975180,14258421,2025-10-04T11:00:00Z,2025-10-04T19:00:00+08:00,30.6,PM2.5,µg/m³
Valenzuela,5975180,14258421,2025-10-04T12:00:00Z,2025-10-04T20:00:00+08:00,2.0,PM2.5,µg/m³
Valenzuela,5975180,14258421,2025-10-04T22:00:00Z,2025-10-05T06:00:00+08:00,0.0,PM2.5,µg/m³
Valenzuela,5975180,14258421,2025-10-04T23:00:00Z,2025-10-05T07:00:00+08:00,0.0,PM2.5,µg/m³
Valenzuela,5975180,14258421,2025-10-05T00:00:00Z,2025-10-05T08:00:00+08:00,0.43,PM2.5,µg/m³
Valenzuela,5975180,14258421,2025-10-05T01:00:00Z,2025-10-05T09:00:00+08:00,51.0,PM2.5,µg/m³
Valenzuela,5975180,14258421,2025-10-05T02:00:00Z,2025-10-05T10:00:00+08:00,52.3,PM2.5,µg/m³
Valenzuela,5975180,14258421,2025-10-05T03:00:00Z,2025-10-05T11:00:00+08:00,3.45,PM2.5,µg/m³
Valenzuela,5975180,14258421,2025-10-05T04:00:00Z,2025-10-05T12:00:00+08:00,1.85,PM2.5,µg/m³
Valenzuela,5975180,14258421,2025-10-05T05:00:00Z,2025-10-05T13:00:00+08:00,33.5,PM2.5,µg/m³
Valenzuela,5975180,14258421,2025-10-05T06:00:00Z,2025-10-05T14:00:00+08:00,19.7,PM2.5,µg/m³
Valenzuela,5975180,14258421,2025-10-05T07:00:00Z,2025-10-05T15:00:00+08:00,4.72,PM2.5,µg/m³
Valenzuela,5975180,14258421,2025-10-05T08:00:00Z,2025-10-05T16:00:00+08:00,0.0,PM2.5,µg/m³
Valenzuela,5975180,14258421,2025-10-05T09:00:00Z,2025-10-05T17:00:00+08:00,0.0,PM2.5,µg/m³
Valenzuela,5975180,14258421,2025-10-05T10:00:00Z,2025-10-05T18:00:00+08:00,13.6,PM2.5,µg/m³
Valenzuela,5975180,14258421,2025-10-05T11:00:00Z,2025-10-05T19:00:00+08:00,7.82,PM2.5,µg/m³
Valenzuela,5975180,14258421,2025-10-05T12:00:00Z,2025-10-05T20:00:00+08:00,0.225,PM2.5,µg/m³
Valenzuela,5975180,14258421,2025-10-05T22:00:00Z,2025-10-06T06:00:00+08:00,0.396,PM2.5,µg/m³
Valenzuela,5975180,14258421,2025-10-05T23:00:00Z,2025-10-06T07:00:00+08:00,0.693,PM2.5,µg/m³
Valenzuela,5975180,14258421,2025-10-06T00:00:00Z,2025-10-06T08:00:00+08:00,0.00833,PM2.5,µg/m³
Valenzuela,5975180,14258421,2025-10-06T01:00:00Z,2025-10-06T09:00:00+08:00,26.9,PM2.5,µg/m³
Valenzuela,5975180,14258421,2025-10-06T02:00:00Z,2025-10-06T10:00:00+08:00,26.9,PM2.5,µg/m³
Valenzuela,5975180,14258421,2025-10-06T03:00:00Z,2025-10-06T11:00:00+08:00,0.11,PM2.5,µg/m³
Valenzuela,5975180,14258421,2025-10-06T04:00:00Z,2025-10-06T12:00:00+08:00,0.953,PM2.5,µg/m³
Valenzuela,5975180,14258421,2025-10-06T05:00:00Z,2025-10-06T13:00:00+08:00,20.4,PM2.5,µg/m³
Valenzuela,5975180,14258421,2025-10-06T06:00:00Z,2025-10-06T14:00:00+08:00,22.3,PM2.5,µg/m³
Valenzuela,5975180,14258421,2025-10-06T07:00:00Z,2025-10-06T15:00:00+08:00,0.483,PM2.5,µg/m³
Valenzuela,5975180,14258421,2025-10-06T08:00:00Z,2025-10-06T16:00:00+08:00,0.0473,PM2.5,µg/m³
Valenzuela,5975180,14258421,2025-10-06T09:00:00Z,2025-10-06T17:00:00+08:00,13.4,PM2.5,µg/m³
Valenzuela,5975180,14258421,2025-10-06T10:00:00Z,2025-10-06T18:00:00+08:00,16.7,PM2.5,µg/m³
Valenzuela,5975180,14258421,2025-10-06T11:00:00Z,2025-10-06T19:00:00+08:00,35.9,PM2.5,µg/m³
Valenzuela,5975180,14258421,2025-10-06T12:00:00Z,2025-10-06T20:00:00+08:00,26.5,PM2.5,µg/m³
Valenzuela,5975180,14258421,2025-10-06T13:00:00Z,2025-10-06T21:00:00+08:00,26.1,PM2.5,µg/m³
Valenzuela,5975180,14258421,2025-10-06T23:00:00Z,2025-10-07T07:00:00+08:00,12.0,PM2.5,µg/m³
Valenzuela,5975180,14258421,2025-10-07T00:00:00Z,2025-10-07T08:00:00+08:00,1.2,PM2.5,µg/m³
Valenzuela,5975180,14258421,2025-10-07T01:00:00Z,2025-10-07T09:00:00+08:00,43.1,PM2.5,µg/m³
Valenzuela,5975180,14258421,2025-10-07T02:00:00Z,2025-10-07T10:00:00+08:00,23.4,PM2.5,µg/m³
Valenzuela,5975180,14258421,2025-10-07T03:00:00Z,2025-10-07T11:00:00+08:00,0.0353,PM2.5,µg/m³
Valenzuela,5975180,14258421,2025-10-07T04:00:00Z,2025-10-07T12:00:00+08:00,2.44,PM2.5,µg/m³
Valenzuela,5975180,14258421,2025-10-07T05:00:00Z,2025-10-07T13:00:00+08:00,46.2,PM2.5,µg/m³
Valenzuela,5975180,14258421,2025-10-07T06:00:00Z,2025-10-07T14:00:00+08:00,29.4,PM2.5,µg/m³
Valenzuela,5975180,14258421,2025-10-07T07:00:00Z,2025-10-07T15:00:00+08:00,0.66,PM2.5,µg/m³
Valenzuela,5975180,14258421,2025-10-07T08:00:00Z,2025-10-07T16:00:00+08:00,3.11,PM2.5,µg/m³
Valenzuela,5975180,14258421,2025-10-07T09:00:00Z,2025-10-07T17:00:00+08:00,10.9,PM2.5,µg/m³
Valenzuela,5975180,14258421,2025-10-07T10:00:00Z,2025-10-07T18:00:00+08:00,31.7,PM2.5,µg/m³
Valenzuela,5975180,14258421,2025-10-07T11:00:00Z,2025-10-07T19:00:00+08:00,37.5,PM2.5,µg/m³
Valenzuela,5975180,14258421,2025-10-07T12:00:00Z,2025-10-07T20:00:00+08:00,28.1,PM2.5,µg/m³
Valenzuela,5975180,14258421,2025-10-07T13:00:00Z,2025-10-07T21:00:00+08:00,24.8,PM2.5,µg/m³
Valenzuela,5975180,14258421,2025-10-07T23:00:00Z,2025-10-08T07:00:00+08:00,20.9,PM2.5,µg/m³
Valenzuela,5975180,14258421,2025-10-08T00:00:00Z,2025-10-08T08:00:00+08:00,0.0,PM2.5,µg/m³
Valenzuela,5975180,14258421,2025-10-08T01:00:00Z,2025-10-08T09:00:00+08:00,28.3,PM2.5,µg/m³
Valenzuela,5975180,14258421,2025-10-08T02:00:00Z,2025-10-08T10:00:00+08:00,30.6,PM2.5,µg/m³
Valenzuela,5975180,14258421,2025-10-08T03:00:00Z,2025-10-08T11:00:00+08:00,0.858,PM2.5,µg/m³
Valenzuela,5975180,14258421,2025-10-08T04:00:00Z,2025-10-08T12:00:00+08:00,1.54,PM2.5,µg/m³
Valenzuela,5975180,14258421,2025-10-08T05:00:00Z,2025-10-08T13:00:00+08:00,34.3,PM2.5,µg/m³
Valenzuela,5975180,14258421,2025-10-08T06:00:00Z,2025-10-08T14:00:00+08:00,38.2,PM2.5,µg/m³
Valenzuela,5975180,14258421,2025-10-08T07:00:00Z,2025-10-08T15:00:00+08:00,0.903,PM2.5,µg/m³
Valenzuela,5975180,14258421,2025-10-08T09:00:00Z,2025-10-08T17:00:00+08:00,0.0,PM2.5,µg/m³
Valenzuela,5975180,14258421,2025-10-08T11:00:00Z,2025-10-08T19:00:00+08:00,43.3,PM2.5,µg/m³
Valenzuela,5975180,14258421,2025-10-09T01:00:00Z,2025-10-09T09:00:00+08:00,43.1,PM2.5,µg/m³
Valenzuela,5975180,14258421,2025-10-09T02:00:00Z,2025-10-09T10:00:00+08:00,38.3,PM2.5,µg/m³
Valenzuela,5975180,14258421,2025-10-09T03:00:00Z,2025-10-09T11:00:00+08:00,12.1,PM2.5,µg/m³
Valenzuela,5975180,14258421,2025-10-09T04:00:00Z,2025-10-09T12:00:00+08:00,1.27,PM2.5,µg/m³
Valenzuela,5975180,14258421,2025-10-09T05:00:00Z,2025-10-09T13:00:00+08:00,26.6,PM2.5,µg/m³
Valenzuela,5975180,14258421,2025-10-09T06:00:00Z,2025-10-09T14:00:00+08:00,37.6,PM2.5,µg/m³
Valenzuela,5975180,14258421,2025-10-09T07:00:00Z,2025-10-09T15:00:00+08:00,2.4,PM2.5,µg/m³
Valenzuela,5975180,14258421,2025-10-09T08:00:00Z,2025-10-09T16:00:00+08:00,0.0,PM2.5,µg/m³
Valenzuela,5975180,14258421,2025-10-09T09:00:00Z,2025-10-09T17:00:00+08:00,40.5,PM2.5,µg/m³
Valenzuela,5975180,14258421,2025-10-09T10:00:00Z,2025-10-09T18:00:00+08:00,24.4,PM2.5,µg/m³
Valenzuela,5975180,14258421,2025-10-09T11:00:00Z,2025-10-09T19:00:00+08:00,22.3,PM2.5,µg/m³
Valenzuela,5975180,14258421,2025-10-09T12:00:00Z,2025-10-09T20:00:00+08:00,11.2,PM2.5,µg/m³
Valenzuela,5975180,14258421,2025-12-17T10:00:00Z,2025-12-17T18:00:00+08:00,10.2,PM2.5,µg/m³
Valenzuela,5975180,14258421,2025-12-17T11:00:00Z,2025-12-17T19:00:00+08:00,15.0,PM2.5,µg/m³
Valenzuela,5975180,14258421,2025-12-17T12:00:00Z,2025-12-17T20:00:00+08:00,28.9,PM2.5,µg/m³
Valenzuela,5975180,14258421,2025-12-17T13:00:00Z,2025-12-17T21:00:00+08:00,33.1,PM2.5,µg/m³
Valenzuela,5975180,14258421,2025-12-17T14:00:00Z,2025-12-17T22:00:00+08:00,27.8,PM2.5,µg/m³
Valenzuela,5975180,14258421,2025-12-17T15:00:00Z,2025-12-17T23:00:00+08:00,33.8,PM2.5,µg/m³
Valenzuela,5975180,14258421,2025-12-17T16:00:00Z,2025-12-18T00:00:00+08:00,38.7,PM2.5,µg/m³
Valenzuela,5975180,14258421,2025-12-17T17:00:00Z,2025-12-18T01:00:00+08:00,40.2,PM2.5,µg/m³
Valenzuela,5975180,14258421,2025-12-17T18:00:00Z,2025-12-18T02:00:00+08:00,40.6,PM2.5,µg/m³
Valenzuela,5975180,14258421,2025-12-17T19:00:00Z,2025-12-18T03:00:00+08:00,33.2,PM2.5,µg/m³
Valenzuela,5975180,14258421,2025-12-17T20:00:00Z,2025-12-18T04:00:00+08:00,33.4,PM2.5,µg/m³
Valenzuela,5975180,14258421,2025-12-17T21:00:00Z,2025-12-18T05:00:00+08:00,23.8,PM2.5,µg/m³
Valenzuela,5975180,14258421,2025-12-17T22:00:00Z,2025-12-18T06:00:00+08:00,31.5,PM2.5,µg/m³
Valenzuela,5975180,14258421,2025-12-17T23:00:00Z,2025-12-18T07:00:00+08:00,41.0,PM2.5,µg/m³
Valenzuela,5975180,14258421,2025-12-18T00:00:00Z,2025-12-18T08:00:00+08:00,30.4,PM2.5,µg/m³
Valenzuela,5975180,14258421,2025-12-18T01:00:00Z,2025-12-18T09:00:00+08:00,7.26,PM2.5,µg/m³
Valenzuela,5975180,14258421,2025-12-18T02:00:00Z,2025-12-18T10:00:00+08:00,4.19,PM2.5,µg/m³
Valenzuela,5975180,14258421,2025-12-18T03:00:00Z,2025-12-18T11:00:00+08:00,7.79,PM2.5,µg/m³
Valenzuela,5975180,14258421,2025-12-18T04:00:00Z,2025-12-18T12:00:00+08:00,5.61,PM2.5,µg/m³
Valenzuela,5975180,14258421,2025-12-18T05:00:00Z,2025-12-18T13:00:00+08:00,4.64,PM2.5,µg/m³
Valenzuela,5975180,14258421,2025-12-18T06:00:00Z,2025-12-18T14:00:00+08:00,5.46,PM2.5,µg/m³
Valenzuela,5975180,14258421,2025-12-18T07:00:00Z,2025-12-18T15:00:00+08:00,6.35,PM2.5,µg/m³
Valenzuela,5975180,14258421,2025-12-18T08:00:00Z,2025-12-18T16:00:00+08:00,5.43,PM2.5,µg/m³
Valenzuela,5975180,14258421,2025-12-18T09:00:00Z,2025-12-18T17:00:00+08:00,16.5,PM2.5,µg/m³
Valenzuela,5975180,14258421,2025-12-18T10:00:00Z,2025-12-18T18:00:00+08:00,18.9,PM2.5,µg/m³
Valenzuela,5975180,14258421,2025-12-18T11:00:00Z,2025-12-18T19:00:00+08:00,23.9,PM2.5,µg/m³
Valenzuela,5975180,14258421,2025-12-18T12:00:00Z,2025-12-18T20:00:00+08:00,47.3,PM2.5,µg/m³
Valenzuela,5975180,14258421,2025-12-18T13:00:00Z,2025-12-18T21:00:00+08:00,41.6,PM2.5,µg/m³
Valenzuela,5975180,14258421,2025-12-18T14:00:00Z,2025-12-18T22:00:00+08:00,40.9,PM2.5,µg/m³
Valenzuela,5975180,14258421,2025-12-18T15:00:00Z,2025-12-18T23:00:00+08:00,41.0,PM2.5,µg/m³
Valenzuela,5975180,14258421,2025-12-18T16:00:00Z,2025-12-19T00:00:00+08:00,38.3,PM2.5,µg/m³
Valenzuela,5975180,14258421,2025-12-18T17:00:00Z,2025-12-19T01:00:00+08:00,39.4,PM2.5,µg/m³
Valenzuela,5975180,14258421,2025-12-18T18:00:00Z,2025-12-19T02:00:00+08:00,54.0,PM2.5,µg/m³
Valenzuela,5975180,14258421,2025-12-18T19:00:00Z,2025-12-19T03:00:00+08:00,48.7,PM2.5,µg/m³
Valenzuela,5975180,14258421,2025-12-18T20:00:00Z,2025-12-19T04:00:00+08:00,15.0,PM2.5,µg/m³
Valenzuela,5975180,14258421,2025-12-18T21:00:00Z,2025-12-19T05:00:00+08:00,28.6,PM2.5,µg/m³
Valenzuela,5975180,14258421,2025-12-18T22:00:00Z,2025-12-19T06:00:00+08:00,25.9,PM2.5,µg/m³
Valenzuela,5975180,14258421,2025-12-18T23:00:00Z,2025-12-19T07:00:00+08:00,31.9,PM2.5,µg/m³
Valenzuela,5975180,14258421,2025-12-19T00:00:00Z,2025-12-19T08:00:00+08:00,35.7,PM2.5,µg/m³
Valenzuela,5975180,14258421,2025-12-19T02:00:00Z,2025-12-19T10:00:00+08:00,23.7,PM2.5,µg/m³
Valenzuela,5975180,14258421,2025-12-19T03:00:00Z,2025-12-19T11:00:00+08:00,26.7,PM2.5,µg/m³
Valenzuela,5975180,14258421,2025-12-19T04:00:00Z,2025-12-19T12:00:00+08:00,12.0,PM2.5,µg/m³
Valenzuela,5975180,14258421,2025-12-19T05:00:00Z,2025-12-19T13:00:00+08:00,5.74,PM2.5,µg/m³
Valenzuela,5975180,14258421,2025-12-19T06:00:00Z,2025-12-19T14:00:00+08:00,6.02,PM2.5,µg/m³
Valenzuela,5975180,14258421,2025-12-19T07:00:00Z,2025-12-19T15:00:00+08:00,3.97,PM2.5,µg/m³
Valenzuela,5975180,14258421,2025-12-19T08:00:00Z,2025-12-19T16:00:00+08:00,4.64,PM2.5,µg/m³
Valenzuela,5975180,14258421,2025-12-19T09:00:00Z,2025-12-19T17:00:00+08:00,25.8,PM2.5,µg/m³
Valenzuela,5975180,14258421,2025-12-19T10:00:00Z,2025-12-19T18:00:00+08:00,31.3,PM2.5,µg/m³
Valenzuela,5975180,14258421,2025-12-19T11:00:00Z,2025-12-19T19:00:00+08:00,56.2,PM2.5,µg/m³
Valenzuela,5975180,14258421,2025-12-19T12:00:00Z,2025-12-19T20:00:00+08:00,52.1,PM2.5,µg/m³
Valenzuela,5975180,14258421,2025-12-19T13:00:00Z,2025-12-19T21:00:00+08:00,47.5,PM2.5,µg/m³
Valenzuela,5975180,14258421,2025-12-19T14:00:00Z,2025-12-19T22:00:00+08:00,58.7,PM2.5,µg/m³
Valenzuela,5975180,14258421,2025-12-19T15:00:00Z,2025-12-19T23:00:00+08:00,67.9,PM2.5,µg/m³
Valenzuela,5975180,14258421,2025-12-19T16:00:00Z,2025-12-20T00:00:00+08:00,59.1,PM2.5,µg/m³
Valenzuela,5975180,14258421,2025-12-19T17:00:00Z,2025-12-20T01:00:00+08:00,52.6,PM2.5,µg/m³
Valenzuela,5975180,14258421,2025-12-19T18:00:00Z,2025-12-20T02:00:00+08:00,61.0,PM2.5,µg/m³
Valenzuela,5975180,14258421,2025-12-19T19:00:00Z,2025-12-20T03:00:00+08:00,54.6,PM2.5,µg/m³
Valenzuela,5975180,14258421,2025-12-19T20:00:00Z,2025-12-20T04:00:00+08:00,39.7,PM2.5,µg/m³
Valenzuela,5975180,14258421,2025-12-19T21:00:00Z,2025-12-20T05:00:00+08:00,33.6,PM2.5,µg/m³
Valenzuela,5975180,14258421,2025-12-19T22:00:00Z,2025-12-20T06:00:00+08:00,42.3,PM2.5,µg/m³
Valenzuela,5975180,14258421,2025-12-19T23:00:00Z,2025-12-20T07:00:00+08:00,54.9,PM2.5,µg/m³
Valenzuela,5975180,14258421,2025-12-20T00:00:00Z,2025-12-20T08:00:00+08:00,43.1,PM2.5,µg/m³
Valenzuela,5975180,14258421,2025-12-20T01:00:00Z,2025-12-20T09:00:00+08:00,30.4,PM2.5,µg/m³
Valenzuela,5975180,14258421,2025-12-20T02:00:00Z,2025-12-20T10:00:00+08:00,21.8,PM2.5,µg/m³
Valenzuela,5975180,14258421,2025-12-20T03:00:00Z,2025-12-20T11:00:00+08:00,24.9,PM2.5,µg/m³
Valenzuela,5975180,14258421,2025-12-20T04:00:00Z,2025-12-20T12:00:00+08:00,4.62,PM2.5,µg/m³
Valenzuela,5975180,14258421,2025-12-20T05:00:00Z,2025-12-20T13:00:00+08:00,20.0,PM2.5,µg/m³
Valenzuela,5975180,14258421,2025-12-20T06:00:00Z,2025-12-20T14:00:00+08:00,33.0,PM2.5,µg/m³
Valenzuela,5975180,14258421,2025-12-20T07:00:00Z,2025-12-20T15:00:00+08:00,17.7,PM2.5,µg/m³
Valenzuela,5975180,14258421,2025-12-20T08:00:00Z,2025-12-20T16:00:00+08:00,17.0,PM2.5,µg/m³
Valenzuela,5975180,14258421,2025-12-20T09:00:00Z,2025-12-20T17:00:00+08:00,43.4,PM2.5,µg/m³
Valenzuela,5975180,14258421,2025-12-20T10:00:00Z,2025-12-20T18:00:00+08:00,43.2,PM2.5,µg/m³
Valenzuela,5975180,14258421,2025-12-20T11:00:00Z,2025-12-20T19:00:00+08:00,52.9,PM2.5,µg/m³
Valenzuela,5975180,14258421,2025-12-20T12:00:00Z,2025-12-20T20:00:00+08:00,54.2,PM2.5,µg/m³
Valenzuela,5975180,14258421,2025-12-20T13:00:00Z,2025-12-20T21:00:00+08:00,45.7,PM2.5,µg/m³
Valenzuela,5975180,14258421,2025-12-20T14:00:00Z,2025-12-20T22:00:00+08:00,43.5,PM2.5,µg/m³
Valenzuela,5975180,14258421,2025-12-20T15:00:00Z,2025-12-20T23:00:00+08:00,50.4,PM2.5,µg/m³
Valenzuela,5975180,14258421,2025-12-20T16:00:00Z,2025-12-21T00:00:00+08:00,47.9,PM2.5,µg/m³
Valenzuela,5975180,14258421,2025-12-20T17:00:00Z,2025-12-21T01:00:00+08:00,46.0,PM2.5,µg/m³
Valenzuela,5975180,14258421,2025-12-20T18:00:00Z,2025-12-21T02:00:00+08:00,47.6,PM2.5,µg/m³
Valenzuela,5975180,14258421,2025-12-20T19:00:00Z,2025-12-21T03:00:00+08:00,49.3,PM2.5,µg/m³
Valenzuela,5975180,14258421,2025-12-20T20:00:00Z,2025-12-21T04:00:00+08:00,60.8,PM2.5,µg/m³
Valenzuela,5975180,14258421,2025-12-20T21:00:00Z,2025-12-21T05:00:00+08:00,54.5,PM2.5,µg/m³
Valenzuela,5975180,14258421,2025-12-20T22:00:00Z,2025-12-21T06:00:00+08:00,49.7,PM2.5,µg/m³
Valenzuela,5975180,14258421,2025-12-20T23:00:00Z,2025-12-21T07:00:00+08:00,45.3,PM2.5,µg/m³
Valenzuela,5975180,14258421,2025-12-21T00:00:00Z,2025-12-21T08:00:00+08:00,43.3,PM2.5,µg/m³
Valenzuela,5975180,14258421,2025-12-21T01:00:00Z,2025-12-21T09:00:00+08:00,28.1,PM2.5,µg/m³
Valenzuela,5975180,14258421,2025-12-21T02:00:00Z,2025-12-21T10:00:00+08:00,6.92,PM2.5,µg/m³
Valenzuela,5975180,14258421,2025-12-21T03:00:00Z,2025-12-21T11:00:00+08:00,5.59,PM2.5,µg/m³
Valenzuela,5975180,14258421,2025-12-21T04:00:00Z,2025-12-21T12:00:00+08:00,3.24,PM2.5,µg/m³
Valenzuela,5975180,14258421,2025-12-21T05:00:00Z,2025-12-21T13:00:00+08:00,0.778,PM2.5,µg/m³
Valenzuela,5975180,14258421,2025-12-21T06:00:00Z,2025-12-21T14:00:00+08:00,0.386,PM2.5,µg/m³
Valenzuela,5975180,14258421,2025-12-21T07:00:00Z,2025-12-21T15:00:00+08:00,8.36,PM2.5,µg/m³
Valenzuela,5975180,14258421,2025-12-21T08:00:00Z,2025-12-21T16:00:00+08:00,37.5,PM2.5,µg/m³
Valenzuela,5975180,14258421,2025-12-21T09:00:00Z,2025-12-21T17:00:00+08:00,19.1,PM2.5,µg/m³
Valenzuela,5975180,14258421,2025-12-21T10:00:00Z,2025-12-21T18:00:00+08:00,17.8,PM2.5,µg/m³
Valenzuela,5975180,14258421,2025-12-21T11:00:00Z,2025-12-21T19:00:00+08:00,25.7,PM2.5,µg/m³
Valenzuela,5975180,14258421,2025-12-21T12:00:00Z,2025-12-21T20:00:00+08:00,38.7,PM2.5,µg/m³
Valenzuela,5975180,14258421,2025-12-21T13:00:00Z,2025-12-21T21:00:00+08:00,48.2,PM2.5,µg/m³
Valenzuela,5975180,14258421,2025-12-21T14:00:00Z,2025-12-21T22:00:00+08:00,34.6,PM2.5,µg/m³
Valenzuela,5975180,14258421,2025-12-21T15:00:00Z,2025-12-21T23:00:00+08:00,39.9,PM2.5,µg/m³
Valenzuela,5975180,14258421,2025-12-21T16:00:00Z,2025-12-22T00:00:00+08:00,48.2,PM2.5,µg/m³
Valenzuela,5975180,14258421,2025-12-21T17:00:00Z,2025-12-22T01:00:00+08:00,18.9,PM2.5,µg/m³
Valenzuela,5975180,14258421,2025-12-21T18:00:00Z,2025-12-22T02:00:00+08:00,2.37,PM2.5,µg/m³
Valenzuela,5975180,14258421,2025-12-21T19:00:00Z,2025-12-22T03:00:00+08:00,0.439,PM2.5,µg/m³
Valenzuela,5975180,14258421,2025-12-21T20:00:00Z,2025-12-22T04:00:00+08:00,3.66,PM2.5,µg/m³
Valenzuela,5975180,14258421,2025-12-21T21:00:00Z,2025-12-22T05:00:00+08:00,3.73,PM2.5,µg/m³
Valenzuela,5975180,14258421,2025-12-21T22:00:00Z,2025-12-22T06:00:00+08:00,6.07,PM2.5,µg/m³
Valenzuela,5975180,14258421,2025-12-21T23:00:00Z,2025-12-22T07:00:00+08:00,26.6,PM2.5,µg/m³
Valenzuela,5975180,14258421,2025-12-22T00:00:00Z,2025-12-22T08:00:00+08:00,37.9,PM2.5,µg/m³
Valenzuela,5975180,14258421,2025-12-22T01:00:00Z,2025-12-22T09:00:00+08:00,39.4,PM2.5,µg/m³
Valenzuela,5975180,14258421,2025-12-22T02:00:00Z,2025-12-22T10:00:00+08:00,23.4,PM2.5,µg/m³
Valenzuela,5975180,14258421,2025-12-22T03:00:00Z,2025-12-22T11:00:00+08:00,33.7,PM2.5,µg/m³
Valenzuela,5975180,14258421,2025-12-22T04:00:00Z,2025-12-22T12:00:00+08:00,16.4,PM2.5,µg/m³
Valenzuela,5975180,14258421,2025-12-22T05:00:00Z,2025-12-22T13:00:00+08:00,16.0,PM2.5,µg/m³
Valenzuela,5975180,14258421,2025-12-22T06:00:00Z,2025-12-22T14:00:00+08:00,4.79,PM2.5,µg/m³
Valenzuela,5975180,14258421,2025-12-22T07:00:00Z,2025-12-22T15:00:00+08:00,4.49,PM2.5,µg/m³
Valenzuela,5975180,14258421,2025-12-22T08:00:00Z,2025-12-22T16:00:00+08:00,1.92,PM2.5,µg/m³
Valenzuela,5975180,14258421,2025-12-22T09:00:00Z,2025-12-22T17:00:00+08:00,4.48,PM2.5,µg/m³
Valenzuela,5975180,14258421,2025-12-22T10:00:00Z,2025-12-22T18:00:00+08:00,9.05,PM2.5,µg/m³
Valenzuela,5975180,14258421,2025-12-22T11:00:00Z,2025-12-22T19:00:00+08:00,10.9,PM2.5,µg/m³
Valenzuela,5975180,14258421,2025-12-22T12:00:00Z,2025-12-22T20:00:00+08:00,19.0,PM2.5,µg/m³
Valenzuela,5975180,14258421,2025-12-22T13:00:00Z,2025-12-22T21:00:00+08:00,6.37,PM2.5,µg/m³
Valenzuela,5975180,14258421,2025-12-22T14:00:00Z,2025-12-22T22:00:00+08:00,6.62,PM2.5,µg/m³
Valenzuela,5975180,14258421,2025-12-22T15:00:00Z,2025-12-22T23:00:00+08:00,5.26,PM2.5,µg/m³
Valenzuela,5975180,14258421,2025-12-22T16:00:00Z,2025-12-23T00:00:00+08:00,3.06,PM2.5,µg/m³
Valenzuela,5975180,14258421,2025-12-22T17:00:00Z,2025-12-23T01:00:00+08:00,4.76,PM2.5,µg/m³
Valenzuela,5975180,14258421,2025-12-22T18:00:00Z,2025-12-23T02:00:00+08:00,18.2,PM2.5,µg/m³
Valenzuela,5975180,14258421,2025-12-22T19:00:00Z,2025-12-23T03:00:00+08:00,12.2,PM2.5,µg/m³
Valenzuela,5975180,14258421,2025-12-22T20:00:00Z,2025-12-23T04:00:00+08:00,14.0,PM2.5,µg/m³
Valenzuela,5975180,14258421,2025-12-22T21:00:00Z,2025-12-23T05:00:00+08:00,13.4,PM2.5,µg/m³
Valenzuela,5975180,14258421,2025-12-22T22:00:00Z,2025-12-23T06:00:00+08:00,51.9,PM2.5,µg/m³
Valenzuela,5975180,14258421,2025-12-22T23:00:00Z,2025-12-23T07:00:00+08:00,169.0,PM2.5,µg/m³
Valenzuela,5975180,14258421,2025-12-23T00:00:00Z,2025-12-23T08:00:00+08:00,106.0,PM2.5,µg/m³
Valenzuela,5975180,14258421,2025-12-23T01:00:00Z,2025-12-23T09:00:00+08:00,16.2,PM2.5,µg/m³
Valenzuela,5975180,14258421,2025-12-23T02:00:00Z,2025-12-23T10:00:00+08:00,9.7,PM2.5,µg/m³
Valenzuela,5975180,14258421,2025-12-23T03:00:00Z,2025-12-23T11:00:00+08:00,20.6,PM2.5,µg/m³
Valenzuela,5975180,14258421,2025-12-23T04:00:00Z,2025-12-23T12:00:00+08:00,2.65,PM2.5,µg/m³
Valenzuela,5975180,14258421,2025-12-23T05:00:00Z,2025-12-23T13:00:00+08:00,1.16,PM2.5,µg/m³
Valenzuela,5975180,14258421,2025-12-23T06:00:00Z,2025-12-23T14:00:00+08:00,1.07,PM2.5,µg/m³
Valenzuela,5975180,14258421,2025-12-23T07:00:00Z,2025-12-23T15:00:00+08:00,1.73,PM2.5,µg/m³
Valenzuela,5975180,14258421,2025-12-23T08:00:00Z,2025-12-23T16:00:00+08:00,1.44,PM2.5,µg/m³
Valenzuela,5975180,14258421,2025-12-23T09:00:00Z,2025-12-23T17:00:00+08:00,4.8,PM2.5,µg/m³
Valenzuela,5975180,14258421,2025-12-23T10:00:00Z,2025-12-23T18:00:00+08:00,7.12,PM2.5,µg/m³
Valenzuela,5975180,14258421,2025-12-23T11:00:00Z,2025-12-23T19:00:00+08:00,15.6,PM2.5,µg/m³
Valenzuela,5975180,14258421,2025-12-23T12:00:00Z,2025-12-23T20:00:00+08:00,24.3,PM2.5,µg/m³
Valenzuela,5975180,14258421,2025-12-23T13:00:00Z,2025-12-23T21:00:00+08:00,11.8,PM2.5,µg/m³
Valenzuela,5975180,14258421,2025-12-23T14:00:00Z,2025-12-23T22:00:00+08:00,10.3,PM2.5,µg/m³
Valenzuela,5975180,14258421,2025-12-23T15:00:00Z,2025-12-23T23:00:00+08:00,16.8,PM2.5,µg/m³
Valenzuela,5975180,14258421,2025-12-23T16:00:00Z,2025-12-24T00:00:00+08:00,11.1,PM2.5,µg/m³
Valenzuela,5975180,14258421,2025-12-23T17:00:00Z,2025-12-24T01:00:00+08:00,10.0,PM2.5,µg/m³
Valenzuela,5975180,14258421,2025-12-23T18:00:00Z,2025-12-24T02:00:00+08:00,23.4,PM2.5,µg/m³
Valenzuela,5975180,14258421,2025-12-23T19:00:00Z,2025-12-24T03:00:00+08:00,17.0,PM2.5,µg/m³
Valenzuela,5975180,14258421,2025-12-23T20:00:00Z,2025-12-24T04:00:00+08:00,14.7,PM2.5,µg/m³
Valenzuela,5975180,14258421,2025-12-23T21:00:00Z,2025-12-24T05:00:00+08:00,18.3,PM2.5,µg/m³
Valenzuela,5975180,14258421,2025-12-23T22:00:00Z,2025-12-24T06:00:00+08:00,20.3,PM2.5,µg/m³
Valenzuela,5975180,14258421,2025-12-23T23:00:00Z,2025-12-24T07:00:00+08:00,30.2,PM2.5,µg/m³
Valenzuela,5975180,14258421,2025-12-24T00:00:00Z,2025-12-24T08:00:00+08:00,40.7,PM2.5,µg/m³
Valenzuela,5975180,14258421,2025-12-24T01:00:00Z,2025-12-24T09:00:00+08:00,23.2,PM2.5,µg/m³
Valenzuela,5975180,14258421,2025-12-24T02:00:00Z,2025-12-24T10:00:00+08:00,19.1,PM2.5,µg/m³
Valenzuela,5975180,14258421,2025-12-24T03:00:00Z,2025-12-24T11:00:00+08:00,17.4,PM2.5,µg/m³
Valenzuela,5975180,14258421,2025-12-24T04:00:00Z,2025-12-24T12:00:00+08:00,11.2,PM2.5,µg/m³
Valenzuela,5975180,14258421,2025-12-24T05:00:00Z,2025-12-24T13:00:00+08:00,3.52,PM2.5,µg/m³
Valenzuela,5975180,14258421,2025-12-24T06:00:00Z,2025-12-24T14:00:00+08:00,2.47,PM2.5,µg/m³
Valenzuela,5975180,14258421,2025-12-24T07:00:00Z,2025-12-24T15:00:00+08:00,12.5,PM2.5,µg/m³
Valenzuela,5975180,14258421,2025-12-24T08:00:00Z,2025-12-24T16:00:00+08:00,7.95,PM2.5,µg/m³
Valenzuela,5975180,14258421,2025-12-24T09:00:00Z,2025-12-24T17:00:00+08:00,5.25,PM2.5,µg/m³
Valenzuela,5975180,14258421,2025-12-24T10:00:00Z,2025-12-24T18:00:00+08:00,25.8,PM2.5,µg/m³
Valenzuela,5975180,14258421,2025-12-24T11:00:00Z,2025-12-24T19:00:00+08:00,44.4,PM2.5,µg/m³
Valenzuela,5975180,14258421,2025-12-24T12:00:00Z,2025-12-24T20:00:00+08:00,79.5,PM2.5,µg/m³
Valenzuela,5975180,14258421,2025-12-24T13:00:00Z,2025-12-24T21:00:00+08:00,98.5,PM2.5,µg/m³
Valenzuela,5975180,14258421,2025-12-24T14:00:00Z,2025-12-24T22:00:00+08:00,59.8,PM2.5,µg/m³
Valenzuela,5975180,14258421,2025-12-24T15:00:00Z,2025-12-24T23:00:00+08:00,83.5,PM2.5,µg/m³
Valenzuela,5975180,14258421,2025-12-24T16:00:00Z,2025-12-25T00:00:00+08:00,54.5,PM2.5,µg/m³
Valenzuela,5975180,14258421,2025-12-24T17:00:00Z,2025-12-25T01:00:00+08:00,48.6,PM2.5,µg/m³
Valenzuela,5975180,14258421,2025-12-24T18:00:00Z,2025-12-25T02:00:00+08:00,48.9,PM2.5,µg/m³
Valenzuela,5975180,14258421,2025-12-24T19:00:00Z,2025-12-25T03:00:00+08:00,63.4,PM2.5,µg/m³
Valenzuela,5975180,14258421,2025-12-24T20:00:00Z,2025-12-25T04:00:00+08:00,90.0,PM2.5,µg/m³
Valenzuela,5975180,14258421,2025-12-24T21:00:00Z,2025-12-25T05:00:00+08:00,84.7,PM2.5,µg/m³
Valenzuela,5975180,14258421,2025-12-24T22:00:00Z,2025-12-25T06:00:00+08:00,58.6,PM2.5,µg/m³
Valenzuela,5975180,14258421,2025-12-24T23:00:00Z,2025-12-25T07:00:00+08:00,42.6,PM2.5,µg/m³
Valenzuela,5975180,14258421,2025-12-25T00:00:00Z,2025-12-25T08:00:00+08:00,47.2,PM2.5,µg/m³
Valenzuela,5975180,14258421,2025-12-25T01:00:00Z,2025-12-25T09:00:00+08:00,41.4,PM2.5,µg/m³
Valenzuela,5975180,14258421,2025-12-25T02:00:00Z,2025-12-25T10:00:00+08:00,25.0,PM2.5,µg/m³
Valenzuela,5975180,14258421,2025-12-25T03:00:00Z,2025-12-25T11:00:00+08:00,22.1,PM2.5,µg/m³
Valenzuela,5975180,14258421,2025-12-25T04:00:00Z,2025-12-25T12:00:00+08:00,18.1,PM2.5,µg/m³
Valenzuela,5975180,14258421,2025-12-25T05:00:00Z,2025-12-25T13:00:00+08:00,13.4,PM2.5,µg/m³
Valenzuela,5975180,14258421,2025-12-25T06:00:00Z,2025-12-25T14:00:00+08:00,17.1,PM2.5,µg/m³
Valenzuela,5975180,14258421,2025-12-25T07:00:00Z,2025-12-25T15:00:00+08:00,12.2,PM2.5,µg/m³
Valenzuela,5975180,14258421,2025-12-25T08:00:00Z,2025-12-25T16:00:00+08:00,21.9,PM2.5,µg/m³
Valenzuela,5975180,14258421,2025-12-25T09:00:00Z,2025-12-25T17:00:00+08:00,25.2,PM2.5,µg/m³
Valenzuela,5975180,14258421,2025-12-25T10:00:00Z,2025-12-25T18:00:00+08:00,25.2,PM2.5,µg/m³
Valenzuela,5975180,14258421,2025-12-25T11:00:00Z,2025-12-25T19:00:00+08:00,28.0,PM2.5,µg/m³
Valenzuela,5975180,14258421,2025-12-25T12:00:00Z,2025-12-25T20:00:00+08:00,50.3,PM2.5,µg/m³
Valenzuela,5975180,14258421,2025-12-25T13:00:00Z,2025-12-25T21:00:00+08:00,32.5,PM2.5,µg/m³
Valenzuela,5975180,14258421,2025-12-25T14:00:00Z,2025-12-25T22:00:00+08:00,33.1,PM2.5,µg/m³
Valenzuela,5975180,14258421,2025-12-25T15:00:00Z,2025-12-25T23:00:00+08:00,26.4,PM2.5,µg/m³
Valenzuela,5975180,14258421,2025-12-25T16:00:00Z,2025-12-26T00:00:00+08:00,37.6,PM2.5,µg/m³
Valenzuela,5975180,14258421,2025-12-25T17:00:00Z,2025-12-26T01:00:00+08:00,24.5,PM2.5,µg/m³
Valenzuela,5975180,14258421,2025-12-25T18:00:00Z,2025-12-26T02:00:00+08:00,17.7,PM2.5,µg/m³
Valenzuela,5975180,14258421,2025-12-25T19:00:00Z,2025-12-26T03:00:00+08:00,15.3,PM2.5,µg/m³
Valenzuela,5975180,14258421,2025-12-25T20:00:00Z,2025-12-26T04:00:00+08:00,27.5,PM2.5,µg/m³
Valenzuela,5975180,14258421,2025-12-25T21:00:00Z,2025-12-26T05:00:00+08:00,22.7,PM2.5,µg/m³
Valenzuela,5975180,14258421,2025-12-25T22:00:00Z,2025-12-26T06:00:00+08:00,20.9,PM2.5,µg/m³
Valenzuela,5975180,14258421,2025-12-25T23:00:00Z,2025-12-26T07:00:00+08:00,31.9,PM2.5,µg/m³
Valenzuela,5975180,14258421,2025-12-26T00:00:00Z,2025-12-26T08:00:00+08:00,37.5,PM2.5,µg/m³
Valenzuela,5975180,14258421,2025-12-26T01:00:00Z,2025-12-26T09:00:00+08:00,10.7,PM2.5,µg/m³
Valenzuela,5975180,14258421,2025-12-26T02:00:00Z,2025-12-26T10:00:00+08:00,10.8,PM2.5,µg/m³
Valenzuela,5975180,14258421,2025-12-26T03:00:00Z,2025-12-26T11:00:00+08:00,0.792,PM2.5,µg/m³
Valenzuela,5975180,14258421,2025-12-26T04:00:00Z,2025-12-26T12:00:00+08:00,31.3,PM2.5,µg/m³
Valenzuela,5975180,14258421,2025-12-26T05:00:00Z,2025-12-26T13:00:00+08:00,47.0,PM2.5,µg/m³
Valenzuela,5975180,14258421,2025-12-26T06:00:00Z,2025-12-26T14:00:00+08:00,32.3,PM2.5,µg/m³
Valenzuela,5975180,14258421,2025-12-26T07:00:00Z,2025-12-26T15:00:00+08:00,2.66,PM2.5,µg/m³
Valenzuela,5975180,14258421,2025-12-26T08:00:00Z,2025-12-26T16:00:00+08:00,2.91,PM2.5,µg/m³
Valenzuela,5975180,14258421,2025-12-26T09:00:00Z,2025-12-26T17:00:00+08:00,5.16,PM2.5,µg/m³
Valenzuela,5975180,14258421,2025-12-26T10:00:00Z,2025-12-26T18:00:00+08:00,22.1,PM2.5,µg/m³
Valenzuela,5975180,14258421,2025-12-26T11:00:00Z,2025-12-26T19:00:00+08:00,44.0,PM2.5,µg/m³
Valenzuela,5975180,14258421,2025-12-26T12:00:00Z,2025-12-26T20:00:00+08:00,41.2,PM2.5,µg/m³
Valenzuela,5975180,14258421,2025-12-26T13:00:00Z,2025-12-26T21:00:00+08:00,30.2,PM2.5,µg/m³
Valenzuela,5975180,14258421,2025-12-26T14:00:00Z,2025-12-26T22:00:00+08:00,48.9,PM2.5,µg/m³
Valenzuela,5975180,14258421,2025-12-26T15:00:00Z,2025-12-26T23:00:00+08:00,48.9,PM2.5,µg/m³
Valenzuela,5975180,14258421,2025-12-26T16:00:00Z,2025-12-27T00:00:00+08:00,46.9,PM2.5,µg/m³
Valenzuela,5975180,14258421,2025-12-26T17:00:00Z,2025-12-27T01:00:00+08:00,27.2,PM2.5,µg/m³
Valenzuela,5975180,14258421,2025-12-26T18:00:00Z,2025-12-27T02:00:00+08:00,31.8,PM2.5,µg/m³
Valenzuela,5975180,14258421,2025-12-27T02:00:00Z,2025-12-27T10:00:00+08:00,28.9,PM2.5,µg/m³
Valenzuela,5975180,14258421,2025-12-27T03:00:00Z,2025-12-27T11:00:00+08:00,20.3,PM2.5,µg/m³
Valenzuela,5975180,14258421,2025-12-27T04:00:00Z,2025-12-27T12:00:00+08:00,28.0,PM2.5,µg/m³
Valenzuela,5975180,14258421,2025-12-27T05:00:00Z,2025-12-27T13:00:00+08:00,12.2,PM2.5,µg/m³
Valenzuela,5975180,14258421,2025-12-27T06:00:00Z,2025-12-27T14:00:00+08:00,8.61,PM2.5,µg/m³
Valenzuela,5975180,14258421,2025-12-27T07:00:00Z,2025-12-27T15:00:00+08:00,7.83,PM2.5,µg/m³
Valenzuela,5975180,14258421,2025-12-27T08:00:00Z,2025-12-27T16:00:00+08:00,27.6,PM2.5,µg/m³
Valenzuela,5975180,14258421,2025-12-27T09:00:00Z,2025-12-27T17:00:00+08:00,23.1,PM2.5,µg/m³
Valenzuela,5975180,14258421,2025-12-27T10:00:00Z,2025-12-27T18:00:00+08:00,27.0,PM2.5,µg/m³
Valenzuela,5975180,14258421,2025-12-27T11:00:00Z,2025-12-27T19:00:00+08:00,61.1,PM2.5,µg/m³
Valenzuela,5975180,14258421,2025-12-27T12:00:00Z,2025-12-27T20:00:00+08:00,103.0,PM2.5,µg/m³
Valenzuela,5975180,14258421,2025-12-27T13:00:00Z,2025-12-27T21:00:00+08:00,39.5,PM2.5,µg/m³
Valenzuela,5975180,14258421,2025-12-27T14:00:00Z,2025-12-27T22:00:00+08:00,38.8,PM2.5,µg/m³
Valenzuela,5975180,14258421,2025-12-27T15:00:00Z,2025-12-27T23:00:00+08:00,30.4,PM2.5,µg/m³
Valenzuela,5975180,14258421,2025-12-27T16:00:00Z,2025-12-28T00:00:00+08:00,16.1,PM2.5,µg/m³
Valenzuela,5975180,14258421,2025-12-27T17:00:00Z,2025-12-28T01:00:00+08:00,15.0,PM2.5,µg/m³
Valenzuela,5975180,14258421,2025-12-27T18:00:00Z,2025-12-28T02:00:00+08:00,24.7,PM2.5,µg/m³
Valenzuela,5975180,14258421,2025-12-27T19:00:00Z,2025-12-28T03:00:00+08:00,26.4,PM2.5,µg/m³
Valenzuela,5975180,14258421,2025-12-27T20:00:00Z,2025-12-28T04:00:00+08:00,31.7,PM2.5,µg/m³
Valenzuela,5975180,14258421,2025-12-27T21:00:00Z,2025-12-28T05:00:00+08:00,37.5,PM2.5,µg/m³
Valenzuela,5975180,14258421,2025-12-27T22:00:00Z,2025-12-28T06:00:00+08:00,36.5,PM2.5,µg/m³
Valenzuela,5975180,14258421,2025-12-27T23:00:00Z,2025-12-28T07:00:00+08:00,29.3,PM2.5,µg/m³
Valenzuela,5975180,14258421,2025-12-28T00:00:00Z,2025-12-28T08:00:00+08:00,29.8,PM2.5,µg/m³
Valenzuela,5975180,14258421,2025-12-28T01:00:00Z,2025-12-28T09:00:00+08:00,24.7,PM2.5,µg/m³
Valenzuela,5975180,14258421,2025-12-28T02:00:00Z,2025-12-28T10:00:00+08:00,14.9,PM2.5,µg/m³
Valenzuela,5975180,14258421,2025-12-28T03:00:00Z,2025-12-28T11:00:00+08:00,11.5,PM2.5,µg/m³
Valenzuela,5975180,14258421,2025-12-28T04:00:00Z,2025-12-28T12:00:00+08:00,19.5,PM2.5,µg/m³
Valenzuela,5975180,14258421,2025-12-28T05:00:00Z,2025-12-28T13:00:00+08:00,12.7,PM2.5,µg/m³
Valenzuela,5975180,14258421,2025-12-28T06:00:00Z,2025-12-28T14:00:00+08:00,9.97,PM2.5,µg/m³
Valenzuela,5975180,14258421,2025-12-28T07:00:00Z,2025-12-28T15:00:00+08:00,22.7,PM2.5,µg/m³
Valenzuela,5975180,14258421,2025-12-28T08:00:00Z,2025-12-28T16:00:00+08:00,21.1,PM2.5,µg/m³
Valenzuela,5975180,14258421,2025-12-28T09:00:00Z,2025-12-28T17:00:00+08:00,22.4,PM2.5,µg/m³
Valenzuela,5975180,14258421,2025-12-28T10:00:00Z,2025-12-28T18:00:00+08:00,24.1,PM2.5,µg/m³
Valenzuela,5975180,14258421,2025-12-28T11:00:00Z,2025-12-28T19:00:00+08:00,34.1,PM2.5,µg/m³
Valenzuela,5975180,14258421,2025-12-28T12:00:00Z,2025-12-28T20:00:00+08:00,42.6,PM2.5,µg/m³
Valenzuela,5975180,14258421,2025-12-28T13:00:00Z,2025-12-28T21:00:00+08:00,33.0,PM2.5,µg/m³
Valenzuela,5975180,14258421,2025-12-28T14:00:00Z,2025-12-28T22:00:00+08:00,39.4,PM2.5,µg/m³
Valenzuela,5975180,14258421,2025-12-28T15:00:00Z,2025-12-28T23:00:00+08:00,49.0,PM2.5,µg/m³
Valenzuela,5975180,14258421,2025-12-28T16:00:00Z,2025-12-29T00:00:00+08:00,39.1,PM2.5,µg/m³
Valenzuela,5975180,14258421,2025-12-28T17:00:00Z,2025-12-29T01:00:00+08:00,25.2,PM2.5,µg/m³
Valenzuela,5975180,14258421,2025-12-28T18:00:00Z,2025-12-29T02:00:00+08:00,22.8,PM2.5,µg/m³
Valenzuela,5975180,14258421,2025-12-28T19:00:00Z,2025-12-29T03:00:00+08:00,25.2,PM2.5,µg/m³
Valenzuela,5975180,14258421,2025-12-28T20:00:00Z,2025-12-29T04:00:00+08:00,12.1,PM2.5,µg/m³
Valenzuela,5975180,14258421,2025-12-28T21:00:00Z,2025-12-29T05:00:00+08:00,28.3,PM2.5,µg/m³
Valenzuela,5975180,14258421,2025-12-28T22:00:00Z,2025-12-29T06:00:00+08:00,36.7,PM2.5,µg/m³
Valenzuela,5975180,14258421,2025-12-28T23:00:00Z,2025-12-29T07:00:00+08:00,39.3,PM2.5,µg/m³
Valenzuela,5975180,14258421,2025-12-29T00:00:00Z,2025-12-29T08:00:00+08:00,45.0,PM2.5,µg/m³
Valenzuela,5975180,14258421,2025-12-29T01:00:00Z,2025-12-29T09:00:00+08:00,47.9,PM2.5,µg/m³
Valenzuela,5975180,14258421,2025-12-29T02:00:00Z,2025-12-29T10:00:00+08:00,44.5,PM2.5,µg/m³
Valenzuela,5975180,14258421,2025-12-29T03:00:00Z,2025-12-29T11:00:00+08:00,31.4,PM2.5,µg/m³
Valenzuela,5975180,14258421,2025-12-29T04:00:00Z,2025-12-29T12:00:00+08:00,28.0,PM2.5,µg/m³
Valenzuela,5975180,14258421,2025-12-29T05:00:00Z,2025-12-29T13:00:00+08:00,26.1,PM2.5,µg/m³
Valenzuela,5975180,14258421,2025-12-29T06:00:00Z,2025-12-29T14:00:00+08:00,24.6,PM2.5,µg/m³
Valenzuela,5975180,14258421,2025-12-29T07:00:00Z,2025-12-29T15:00:00+08:00,29.3,PM2.5,µg/m³
Valenzuela,5975180,14258421,2025-12-29T08:00:00Z,2025-12-29T16:00:00+08:00,27.7,PM2.5,µg/m³
Valenzuela,5975180,14258421,2025-12-29T09:00:00Z,2025-12-29T17:00:00+08:00,35.2,PM2.5,µg/m³
Valenzuela,5975180,14258421,2025-12-29T10:00:00Z,2025-12-29T18:00:00+08:00,35.5,PM2.5,µg/m³
Valenzuela,5975180,14258421,2025-12-29T11:00:00Z,2025-12-29T19:00:00+08:00,43.9,PM2.5,µg/m³
Valenzuela,5975180,14258421,2025-12-29T12:00:00Z,2025-12-29T20:00:00+08:00,58.5,PM2.5,µg/m³
Valenzuela,5975180,14258421,2025-12-29T13:00:00Z,2025-12-29T21:00:00+08:00,40.9,PM2.5,µg/m³
Valenzuela,5975180,14258421,2025-12-29T14:00:00Z,2025-12-29T22:00:00+08:00,41.6,PM2.5,µg/m³
Valenzuela,5975180,14258421,2025-12-29T15:00:00Z,2025-12-29T23:00:00+08:00,79.5,PM2.5,µg/m³
Valenzuela,5975180,14258421,2025-12-29T16:00:00Z,2025-12-30T00:00:00+08:00,47.5,PM2.5,µg/m³
Valenzuela,5975180,14258421,2025-12-29T17:00:00Z,2025-12-30T01:00:00+08:00,37.2,PM2.5,µg/m³
Valenzuela,5975180,14258421,2025-12-29T18:00:00Z,2025-12-30T02:00:00+08:00,32.1,PM2.5,µg/m³
Valenzuela,5975180,14258421,2025-12-29T19:00:00Z,2025-12-30T03:00:00+08:00,35.3,PM2.5,µg/m³
Valenzuela,5975180,14258421,2025-12-29T20:00:00Z,2025-12-30T04:00:00+08:00,28.8,PM2.5,µg/m³
Valenzuela,5975180,14258421,2025-12-29T21:00:00Z,2025-12-30T05:00:00+08:00,25.6,PM2.5,µg/m³
Valenzuela,5975180,14258421,2025-12-29T22:00:00Z,2025-12-30T06:00:00+08:00,27.5,PM2.5,µg/m³
Valenzuela,5975180,14258421,2025-12-29T23:00:00Z,2025-12-30T07:00:00+08:00,27.2,PM2.5,µg/m³
Valenzuela,5975180,14258421,2025-12-30T00:00:00Z,2025-12-30T08:00:00+08:00,34.2,PM2.5,µg/m³
Valenzuela,5975180,14258421,2025-12-30T01:00:00Z,2025-12-30T09:00:00+08:00,29.7,PM2.5,µg/m³
Valenzuela,5975180,14258421,2025-12-30T02:00:00Z,2025-12-30T10:00:00+08:00,30.2,PM2.5,µg/m³
Valenzuela,5975180,14258421,2025-12-30T03:00:00Z,2025-12-30T11:00:00+08:00,30.8,PM2.5,µg/m³
Valenzuela,5975180,14258421,2025-12-30T04:00:00Z,2025-12-30T12:00:00+08:00,29.8,PM2.5,µg/m³
Valenzuela,5975180,14258421,2025-12-30T06:00:00Z,2025-12-30T14:00:00+08:00,30.6,PM2.5,µg/m³
Valenzuela,5975180,14258421,2025-12-30T07:00:00Z,2025-12-30T15:00:00+08:00,29.2,PM2.5,µg/m³
Valenzuela,5975180,14258421,2025-12-30T08:00:00Z,2025-12-30T16:00:00+08:00,30.8,PM2.5,µg/m³
Valenzuela,5975180,14258421,2025-12-30T09:00:00Z,2025-12-30T17:00:00+08:00,31.7,PM2.5,µg/m³
Valenzuela,5975180,14258421,2025-12-30T10:00:00Z,2025-12-30T18:00:00+08:00,43.8,PM2.5,µg/m³
Valenzuela,5975180,14258421,2025-12-30T11:00:00Z,2025-12-30T19:00:00+08:00,51.3,PM2.5,µg/m³
Valenzuela,5975180,14258421,2025-12-30T12:00:00Z,2025-12-30T20:00:00+08:00,47.3,PM2.5,µg/m³
Valenzuela,5975180,14258421,2025-12-30T20:00:00Z,2025-12-31T04:00:00+08:00,41.6,PM2.5,µg/m³
Valenzuela,5975180,14258421,2025-12-30T21:00:00Z,2025-12-31T05:00:00+08:00,38.8,PM2.5,µg/m³
Valenzuela,5975180,14258421,2025-12-30T22:00:00Z,2025-12-31T06:00:00+08:00,40.5,PM2.5,µg/m³
Valenzuela,5975180,14258421,2025-12-30T23:00:00Z,2025-12-31T07:00:00+08:00,43.7,PM2.5,µg/m³
Valenzuela,5975180,14258421,2025-12-31T00:00:00Z,2025-12-31T08:00:00+08:00,47.3,PM2.5,µg/m³
Valenzuela,5975180,14258421,2025-12-31T01:00:00Z,2025-12-31T09:00:00+08:00,50.4,PM2.5,µg/m³
Valenzuela,5975180,14258421,2025-12-31T02:00:00Z,2025-12-31T10:00:00+08:00,48.5,PM2.5,µg/m³
Valenzuela,5975180,14258421,2025-12-31T03:00:00Z,2025-12-31T11:00:00+08:00,154.0,PM2.5,µg/m³
Valenzuela,5975180,14258421,2025-12-31T04:00:00Z,2025-12-31T12:00:00+08:00,306.0,PM2.5,µg/m³
Valenzuela,5975180,14258421,2025-12-31T05:00:00Z,2025-12-31T13:00:00+08:00,147.0,PM2.5,µg/m³
Valenzuela,5975180,14258421,2025-12-31T06:00:00Z,2025-12-31T14:00:00+08:00,38.5,PM2.5,µg/m³
Valenzuela,5975180,14258421,2025-12-31T07:00:00Z,2025-12-31T15:00:00+08:00,30.4,PM2.5,µg/m³
Valenzuela,5975180,14258421,2025-12-31T08:00:00Z,2025-12-31T16:00:00+08:00,35.7,PM2.5,µg/m³
Valenzuela,5975180,14258421,2025-12-31T09:00:00Z,2025-12-31T17:00:00+08:00,44.3,PM2.5,µg/m³
Valenzuela,5975180,14258421,2025-12-31T10:00:00Z,2025-12-31T18:00:00+08:00,46.4,PM2.5,µg/m³
Valenzuela,5975180,14258421,2025-12-31T11:00:00Z,2025-12-31T19:00:00+08:00,63.7,PM2.5,µg/m³
Valenzuela,5975180,14258421,2025-12-31T12:00:00Z,2025-12-31T20:00:00+08:00,129.0,PM2.5,µg/m³
Valenzuela,5975180,14258421,2025-12-31T13:00:00Z,2025-12-31T21:00:00+08:00,106.0,PM2.5,µg/m³
Valenzuela,5975180,14258421,2025-12-31T14:00:00Z,2025-12-31T22:00:00+08:00,90.4,PM2.5,µg/m³
Valenzuela,5975180,14258421,2025-12-31T15:00:00Z,2025-12-31T23:00:00+08:00,113.0,PM2.5,µg/m³
Valenzuela,5975180,14258421,2025-12-31T16:00:00Z,2026-01-01T00:00:00+08:00,165.0,PM2.5,µg/m³
Valenzuela,5975180,14258421,2025-12-31T17:00:00Z,2026-01-01T01:00:00+08:00,367.0,PM2.5,µg/m³
Valenzuela,5975180,14258421,2025-12-31T18:00:00Z,2026-01-01T02:00:00+08:00,251.0,PM2.5,µg/m³
Valenzuela,5975180,14258421,2025-12-31T19:00:00Z,2026-01-01T03:00:00+08:00,136.0,PM2.5,µg/m³
Valenzuela,5975180,14258421,2025-12-31T20:00:00Z,2026-01-01T04:00:00+08:00,100.0,PM2.5,µg/m³
Valenzuela,5975180,14258421,2025-12-31T21:00:00Z,2026-01-01T05:00:00+08:00,65.9,PM2.5,µg/m³
Valenzuela,5975180,14258421,2025-12-31T22:00:00Z,2026-01-01T06:00:00+08:00,56.1,PM2.5,µg/m³
Valenzuela,5975180,14258421,2025-12-31T23:00:00Z,2026-01-01T07:00:00+08:00,60.5,PM2.5,µg/m³
Valenzuela,5975180,14258421,2026-01-01T00:00:00Z,2026-01-01T08:00:00+08:00,58.5,PM2.5,µg/m³
Valenzuela,5975180,14258421,2026-01-01T01:00:00Z,2026-01-01T09:00:00+08:00,58.1,PM2.5,µg/m³
Valenzuela,5975180,14258421,2026-01-01T02:00:00Z,2026-01-01T10:00:00+08:00,57.1,PM2.5,µg/m³
Valenzuela,5975180,14258421,2026-01-01T03:00:00Z,2026-01-01T11:00:00+08:00,69.3,PM2.5,µg/m³
Valenzuela,5975180,14258421,2026-01-01T04:00:00Z,2026-01-01T12:00:00+08:00,66.1,PM2.5,µg/m³
Valenzuela,5975180,14258421,2026-01-01T05:00:00Z,2026-01-01T13:00:00+08:00,66.1,PM2.5,µg/m³
Valenzuela,5975180,14258421,2026-01-01T06:00:00Z,2026-01-01T14:00:00+08:00,70.7,PM2.5,µg/m³
Valenzuela,5975180,14258421,2026-01-01T07:00:00Z,2026-01-01T15:00:00+08:00,60.9,PM2.5,µg/m³
Valenzuela,5975180,14258421,2026-01-01T08:00:00Z,2026-01-01T16:00:00+08:00,51.3,PM2.5,µg/m³
Valenzuela,5975180,14258421,2026-01-01T09:00:00Z,2026-01-01T17:00:00+08:00,43.2,PM2.5,µg/m³
Valenzuela,5975180,14258421,2026-01-01T10:00:00Z,2026-01-01T18:00:00+08:00,27.2,PM2.5,µg/m³
Valenzuela,5975180,14258421,2026-01-01T11:00:00Z,2026-01-01T19:00:00+08:00,11.8,PM2.5,µg/m³
Valenzuela,5975180,14258421,2026-01-01T12:00:00Z,2026-01-01T20:00:00+08:00,14.4,PM2.5,µg/m³
Valenzuela,5975180,14258421,2026-01-01T13:00:00Z,2026-01-01T21:00:00+08:00,19.7,PM2.5,µg/m³
Valenzuela,5975180,14258421,2026-01-01T14:00:00Z,2026-01-01T22:00:00+08:00,3.72,PM2.5,µg/m³
Valenzuela,5975180,14258421,2026-01-01T15:00:00Z,2026-01-01T23:00:00+08:00,2.15,PM2.5,µg/m³
Valenzuela,5975180,14258421,2026-01-01T16:00:00Z,2026-01-02T00:00:00+08:00,4.27,PM2.5,µg/m³
Valenzuela,5975180,14258421,2026-01-01T17:00:00Z,2026-01-02T01:00:00+08:00,3.66,PM2.5,µg/m³
Valenzuela,5975180,14258421,2026-01-01T18:00:00Z,2026-01-02T02:00:00+08:00,12.0,PM2.5,µg/m³
Valenzuela,5975180,14258421,2026-01-01T19:00:00Z,2026-01-02T03:00:00+08:00,29.9,PM2.5,µg/m³
Valenzuela,5975180,14258421,2026-01-01T20:00:00Z,2026-01-02T04:00:00+08:00,29.3,PM2.5,µg/m³
Valenzuela,5975180,14258421,2026-01-01T21:00:00Z,2026-01-02T05:00:00+08:00,19.8,PM2.5,µg/m³
Valenzuela,5975180,14258421,2026-01-01T22:00:00Z,2026-01-02T06:00:00+08:00,12.1,PM2.5,µg/m³
Valenzuela,5975180,14258421,2026-01-01T23:00:00Z,2026-01-02T07:00:00+08:00,10.7,PM2.5,µg/m³
Valenzuela,5975180,14258421,2026-01-02T00:00:00Z,2026-01-02T08:00:00+08:00,11.3,PM2.5,µg/m³
Valenzuela,5975180,14258421,2026-01-02T01:00:00Z,2026-01-02T09:00:00+08:00,19.4,PM2.5,µg/m³
Valenzuela,5975180,14258421,2026-01-02T02:00:00Z,2026-01-02T10:00:00+08:00,9.54,PM2.5,µg/m³
Valenzuela,5975180,14258421,2026-01-02T03:00:00Z,2026-01-02T11:00:00+08:00,4.6,PM2.5,µg/m³
Valenzuela,5975180,14258421,2026-01-02T04:00:00Z,2026-01-02T12:00:00+08:00,0.869,PM2.5,µg/m³
Valenzuela,5975180,14258421,2026-01-02T05:00:00Z,2026-01-02T13:00:00+08:00,0.978,PM2.5,µg/m³
Valenzuela,5975180,14258421,2026-01-02T06:00:00Z,2026-01-02T14:00:00+08:00,0.245,PM2.5,µg/m³
Valenzuela,5975180,14258421,2026-01-02T07:00:00Z,2026-01-02T15:00:00+08:00,0.27,PM2.5,µg/m³
Valenzuela,5975180,14258421,2026-01-02T08:00:00Z,2026-01-02T16:00:00+08:00,3.22,PM2.5,µg/m³
Valenzuela,5975180,14258421,2026-01-02T09:00:00Z,2026-01-02T17:00:00+08:00,2.61,PM2.5,µg/m³
Valenzuela,5975180,14258421,2026-01-02T10:00:00Z,2026-01-02T18:00:00+08:00,9.53,PM2.5,µg/m³
Valenzuela,5975180,14258421,2026-01-02T11:00:00Z,2026-01-02T19:00:00+08:00,23.9,PM2.5,µg/m³
Valenzuela,5975180,14258421,2026-01-02T12:00:00Z,2026-01-02T20:00:00+08:00,33.4,PM2.5,µg/m³
Valenzuela,5975180,14258421,2026-01-02T13:00:00Z,2026-01-02T21:00:00+08:00,11.2,PM2.5,µg/m³
Valenzuela,5975180,14258421,2026-01-02T14:00:00Z,2026-01-02T22:00:00+08:00,12.7,PM2.5,µg/m³
Valenzuela,5975180,14258421,2026-01-02T15:00:00Z,2026-01-02T23:00:00+08:00,9.46,PM2.5,µg/m³
Valenzuela,5975180,14258421,2026-01-02T16:00:00Z,2026-01-03T00:00:00+08:00,12.5,PM2.5,µg/m³
Valenzuela,5975180,14258421,2026-01-02T17:00:00Z,2026-01-03T01:00:00+08:00,13.3,PM2.5,µg/m³
Valenzuela,5975180,14258421,2026-01-02T18:00:00Z,2026-01-03T02:00:00+08:00,21.9,PM2.5,µg/m³
Valenzuela,5975180,14258421,2026-01-02T19:00:00Z,2026-01-03T03:00:00+08:00,5.97,PM2.5,µg/m³
Valenzuela,5975180,14258421,2026-01-02T20:00:00Z,2026-01-03T04:00:00+08:00,0.0167,PM2.5,µg/m³
Valenzuela,5975180,14258421,2026-01-02T21:00:00Z,2026-01-03T05:00:00+08:00,0.0,PM2.5,µg/m³
Valenzuela,5975180,14258421,2026-01-02T22:00:00Z,2026-01-03T06:00:00+08:00,0.0362,PM2.5,µg/m³
Valenzuela,5975180,14258421,2026-01-02T23:00:00Z,2026-01-03T07:00:00+08:00,0.37,PM2.5,µg/m³
Valenzuela,5975180,14258421,2026-01-03T00:00:00Z,2026-01-03T08:00:00+08:00,0.391,PM2.5,µg/m³
Valenzuela,5975180,14258421,2026-01-03T01:00:00Z,2026-01-03T09:00:00+08:00,1.81,PM2.5,µg/m³
Valenzuela,5975180,14258421,2026-01-03T02:00:00Z,2026-01-03T10:00:00+08:00,0.103,PM2.5,µg/m³
Valenzuela,5975180,14258421,2026-01-03T03:00:00Z,2026-01-03T11:00:00+08:00,0.0528,PM2.5,µg/m³
Valenzuela,5975180,14258421,2026-01-03T04:00:00Z,2026-01-03T12:00:00+08:00,0.0,PM2.5,µg/m³
Valenzuela,5975180,14258421,2026-01-03T05:00:00Z,2026-01-03T13:00:00+08:00,0.0112,PM2.5,µg/m³
Valenzuela,5975180,14258421,2026-01-03T06:00:00Z,2026-01-03T14:00:00+08:00,0.0,PM2.5,µg/m³
Valenzuela,5975180,14258421,2026-01-03T07:00:00Z,2026-01-03T15:00:00+08:00,0.0193,PM2.5,µg/m³
Valenzuela,5975180,14258421,2026-01-03T08:00:00Z,2026-01-03T16:00:00+08:00,0.0975,PM2.5,µg/m³
Valenzuela,5975180,14258421,2026-01-03T09:00:00Z,2026-01-03T17:00:00+08:00,0.614,PM2.5,µg/m³
Valenzuela,5975180,14258421,2026-01-03T10:00:00Z,2026-01-03T18:00:00+08:00,3.92,PM2.5,µg/m³
Valenzuela,5975180,14258421,2026-01-03T11:00:00Z,2026-01-03T19:00:00+08:00,6.2,PM2.5,µg/m³
Valenzuela,5975180,14258421,2026-01-03T12:00:00Z,2026-01-03T20:00:00+08:00,2.68,PM2.5,µg/m³
Valenzuela,5975180,14258421,2026-01-03T13:00:00Z,2026-01-03T21:00:00+08:00,3.22,PM2.5,µg/m³
Valenzuela,5975180,14258421,2026-01-03T14:00:00Z,2026-01-03T22:00:00+08:00,1.12,PM2.5,µg/m³
Valenzuela,5975180,14258421,2026-01-03T15:00:00Z,2026-01-03T23:00:00+08:00,0.939,PM2.5,µg/m³
Valenzuela,5975180,14258421,2026-01-03T16:00:00Z,2026-01-04T00:00:00+08:00,0.395,PM2.5,µg/m³
Valenzuela,5975180,14258421,2026-01-03T17:00:00Z,2026-01-04T01:00:00+08:00,0.692,PM2.5,µg/m³
Valenzuela,5975180,14258421,2026-01-03T18:00:00Z,2026-01-04T02:00:00+08:00,0.0333,PM2.5,µg/m³
Valenzuela,5975180,14258421,2026-01-03T19:00:00Z,2026-01-04T03:00:00+08:00,0.0195,PM2.5,µg/m³
Valenzuela,5975180,14258421,2026-01-03T20:00:00Z,2026-01-04T04:00:00+08:00,0.358,PM2.5,µg/m³
Valenzuela,5975180,14258421,2026-01-03T21:00:00Z,2026-01-04T05:00:00+08:00,0.108,PM2.5,µg/m³
Valenzuela,5975180,14258421,2026-01-03T22:00:00Z,2026-01-04T06:00:00+08:00,0.0543,PM2.5,µg/m³
Valenzuela,5975180,14258421,2026-01-03T23:00:00Z,2026-01-04T07:00:00+08:00,1.07,PM2.5,µg/m³
Valenzuela,5975180,14258421,2026-01-04T00:00:00Z,2026-01-04T08:00:00+08:00,5.17,PM2.5,µg/m³
Valenzuela,5975180,14258421,2026-01-04T01:00:00Z,2026-01-04T09:00:00+08:00,1.19,PM2.5,µg/m³
Valenzuela,5975180,14258421,2026-01-04T02:00:00Z,2026-01-04T10:00:00+08:00,1.34,PM2.5,µg/m³
Valenzuela,5975180,14258421,2026-01-04T03:00:00Z,2026-01-04T11:00:00+08:00,0.4,PM2.5,µg/m³
Valenzuela,5975180,14258421,2026-01-04T04:00:00Z,2026-01-04T12:00:00+08:00,0.564,PM2.5,µg/m³
Valenzuela,5975180,14258421,2026-01-04T05:00:00Z,2026-01-04T13:00:00+08:00,0.136,PM2.5,µg/m³
Valenzuela,5975180,14258421,2026-01-04T06:00:00Z,2026-01-04T14:00:00+08:00,0.0,PM2.5,µg/m³
Valenzuela,5975180,14258421,2026-01-04T07:00:00Z,2026-01-04T15:00:00+08:00,0.167,PM2.5,µg/m³
Valenzuela,5975180,14258421,2026-01-04T08:00:00Z,2026-01-04T16:00:00+08:00,0.892,PM2.5,µg/m³
Valenzuela,5975180,14258421,2026-01-04T09:00:00Z,2026-01-04T17:00:00+08:00,2.42,PM2.5,µg/m³
Valenzuela,5975180,14258421,2026-01-04T10:00:00Z,2026-01-04T18:00:00+08:00,11.0,PM2.5,µg/m³
Valenzuela,5975180,14258421,2026-01-04T12:00:00Z,2026-01-04T20:00:00+08:00,27.2,PM2.5,µg/m³
Valenzuela,5975180,14258421,2026-01-04T13:00:00Z,2026-01-04T21:00:00+08:00,20.7,PM2.5,µg/m³
Valenzuela,5975180,14258421,2026-01-04T14:00:00Z,2026-01-04T22:00:00+08:00,14.9,PM2.5,µg/m³
Valenzuela,5975180,14258421,2026-01-04T15:00:00Z,2026-01-04T23:00:00+08:00,10.9,PM2.5,µg/m³
Valenzuela,5975180,14258421,2026-01-04T16:00:00Z,2026-01-05T00:00:00+08:00,7.72,PM2.5,µg/m³
Valenzuela,5975180,14258421,2026-01-04T17:00:00Z,2026-01-05T01:00:00+08:00,3.32,PM2.5,µg/m³
Valenzuela,5975180,14258421,2026-01-04T18:00:00Z,2026-01-05T02:00:00+08:00,0.981,PM2.5,µg/m³
Valenzuela,5975180,14258421,2026-01-04T19:00:00Z,2026-01-05T03:00:00+08:00,1.39,PM2.5,µg/m³
Valenzuela,5975180,14258421,2026-01-04T20:00:00Z,2026-01-05T04:00:00+08:00,5.64,PM2.5,µg/m³
Valenzuela,5975180,14258421,2026-01-04T21:00:00Z,2026-01-05T05:00:00+08:00,7.37,PM2.5,µg/m³
Valenzuela,5975180,14258421,2026-01-04T22:00:00Z,2026-01-05T06:00:00+08:00,32.0,PM2.5,µg/m³
Valenzuela,5975180,14258421,2026-01-04T23:00:00Z,2026-01-05T07:00:00+08:00,24.4,PM2.5,µg/m³
Valenzuela,5975180,14258421,2026-01-05T00:00:00Z,2026-01-05T08:00:00+08:00,30.4,PM2.5,µg/m³
Valenzuela,5975180,14258421,2026-01-05T01:00:00Z,2026-01-05T09:00:00+08:00,37.9,PM2.5,µg/m³
Valenzuela,5975180,14258421,2026-01-05T02:00:00Z,2026-01-05T10:00:00+08:00,29.2,PM2.5,µg/m³
Valenzuela,5975180,14258421,2026-01-05T03:00:00Z,2026-01-05T11:00:00+08:00,17.8,PM2.5,µg/m³
Valenzuela,5975180,14258421,2026-01-05T04:00:00Z,2026-01-05T12:00:00+08:00,30.3,PM2.5,µg/m³
Valenzuela,5975180,14258421,2026-01-05T05:00:00Z,2026-01-05T13:00:00+08:00,29.8,PM2.5,µg/m³
Valenzuela,5975180,14258421,2026-01-05T06:00:00Z,2026-01-05T14:00:00+08:00,17.9,PM2.5,µg/m³
Valenzuela,5975180,14258421,2026-01-05T07:00:00Z,2026-01-05T15:00:00+08:00,4.71,PM2.5,µg/m³
Valenzuela,5975180,14258421,2026-01-05T08:00:00Z,2026-01-05T16:00:00+08:00,2.5,PM2.5,µg/m³
Valenzuela,5975180,14258421,2026-01-05T09:00:00Z,2026-01-05T17:00:00+08:00,6.37,PM2.5,µg/m³
Valenzuela,5975180,14258421,2026-01-05T10:00:00Z,2026-01-05T18:00:00+08:00,19.5,PM2.5,µg/m³
Valenzuela,5975180,14258421,2026-01-05T11:00:00Z,2026-01-05T19:00:00+08:00,31.0,PM2.5,µg/m³
Valenzuela,5975180,14258421,2026-01-05T12:00:00Z,2026-01-05T20:00:00+08:00,32.7,PM2.5,µg/m³
Valenzuela,5975180,14258421,2026-01-05T13:00:00Z,2026-01-05T21:00:00+08:00,28.5,PM2.5,µg/m³
Valenzuela,5975180,14258421,2026-01-05T14:00:00Z,2026-01-05T22:00:00+08:00,33.6,PM2.5,µg/m³
Valenzuela,5975180,14258421,2026-01-05T15:00:00Z,2026-01-05T23:00:00+08:00,31.7,PM2.5,µg/m³
Valenzuela,5975180,14258421,2026-01-05T16:00:00Z,2026-01-06T00:00:00+08:00,38.3,PM2.5,µg/m³
Valenzuela,5975180,14258421,2026-01-05T17:00:00Z,2026-01-06T01:00:00+08:00,37.2,PM2.5,µg/m³
Valenzuela,5975180,14258421,2026-01-05T18:00:00Z,2026-01-06T02:00:00+08:00,28.6,PM2.5,µg/m³
Valenzuela,5975180,14258421,2026-01-05T19:00:00Z,2026-01-06T03:00:00+08:00,22.5,PM2.5,µg/m³
Valenzuela,5975180,14258421,2026-01-05T20:00:00Z,2026-01-06T04:00:00+08:00,33.0,PM2.5,µg/m³
Valenzuela,5975180,14258421,2026-01-05T21:00:00Z,2026-01-06T05:00:00+08:00,31.1,PM2.5,µg/m³
Valenzuela,5975180,14258421,2026-01-05T22:00:00Z,2026-01-06T06:00:00+08:00,27.4,PM2.5,µg/m³
Valenzuela,5975180,14258421,2026-01-05T23:00:00Z,2026-01-06T07:00:00+08:00,32.5,PM2.5,µg/m³
Valenzuela,5975180,14258421,2026-01-06T00:00:00Z,2026-01-06T08:00:00+08:00,45.0,PM2.5,µg/m³
Valenzuela,5975180,14258421,2026-01-06T01:00:00Z,2026-01-06T09:00:00+08:00,35.8,PM2.5,µg/m³
Valenzuela,5975180,14258421,2026-01-06T02:00:00Z,2026-01-06T10:00:00+08:00,9.62,PM2.5,µg/m³
Valenzuela,5975180,14258421,2026-01-06T03:00:00Z,2026-01-06T11:00:00+08:00,5.16,PM2.5,µg/m³
Valenzuela,5975180,14258421,2026-01-06T04:00:00Z,2026-01-06T12:00:00+08:00,5.1,PM2.5,µg/m³
Valenzuela,5975180,14258421,2026-01-06T05:00:00Z,2026-01-06T13:00:00+08:00,1.5,PM2.5,µg/m³
Valenzuela,5975180,14258421,2026-01-06T06:00:00Z,2026-01-06T14:00:00+08:00,2.03,PM2.5,µg/m³
Valenzuela,5975180,14258421,2026-01-06T07:00:00Z,2026-01-06T15:00:00+08:00,2.64,PM2.5,µg/m³
Valenzuela,5975180,14258421,2026-01-06T08:00:00Z,2026-01-06T16:00:00+08:00,0.747,PM2.5,µg/m³
Valenzuela,5975180,14258421,2026-01-06T09:00:00Z,2026-01-06T17:00:00+08:00,3.24,PM2.5,µg/m³
Valenzuela,5975180,14258421,2026-01-06T10:00:00Z,2026-01-06T18:00:00+08:00,7.43,PM2.5,µg/m³
Valenzuela,5975180,14258421,2026-01-06T11:00:00Z,2026-01-06T19:00:00+08:00,10.9,PM2.5,µg/m³
Valenzuela,5975180,14258421,2026-01-06T12:00:00Z,2026-01-06T20:00:00+08:00,13.2,PM2.5,µg/m³
Valenzuela,5975180,14258421,2026-01-06T13:00:00Z,2026-01-06T21:00:00+08:00,2.35,PM2.5,µg/m³
Valenzuela,5975180,14258421,2026-01-06T14:00:00Z,2026-01-06T22:00:00+08:00,0.047,PM2.5,µg/m³
Valenzuela,5975180,14258421,2026-01-06T15:00:00Z,2026-01-06T23:00:00+08:00,0.22,PM2.5,µg/m³
Valenzuela,5975180,14258421,2026-01-06T16:00:00Z,2026-01-07T00:00:00+08:00,1.74,PM2.5,µg/m³
Valenzuela,5975180,14258421,2026-01-06T17:00:00Z,2026-01-07T01:00:00+08:00,9.86,PM2.5,µg/m³
Valenzuela,5975180,14258421,2026-01-06T18:00:00Z,2026-01-07T02:00:00+08:00,8.76,PM2.5,µg/m³
Valenzuela,5975180,14258421,2026-01-06T19:00:00Z,2026-01-07T03:00:00+08:00,6.32,PM2.5,µg/m³
Valenzuela,5975180,14258421,2026-01-06T20:00:00Z,2026-01-07T04:00:00+08:00,18.0,PM2.5,µg/m³
Valenzuela,5975180,14258421,2026-01-06T21:00:00Z,2026-01-07T05:00:00+08:00,14.1,PM2.5,µg/m³
Valenzuela,5975180,14258421,2026-01-06T22:00:00Z,2026-01-07T06:00:00+08:00,5.42,PM2.5,µg/m³
Valenzuela,5975180,14258421,2026-01-06T23:00:00Z,2026-01-07T07:00:00+08:00,3.96,PM2.5,µg/m³
Valenzuela,5975180,14258421,2026-01-11T10:00:00Z,2026-01-11T18:00:00+08:00,60.1,PM2.5,µg/m³
Valenzuela,5975180,14258421,2026-01-11T11:00:00Z,2026-01-11T19:00:00+08:00,14.2,PM2.5,µg/m³
Valenzuela,5975180,14258421,2026-01-11T12:00:00Z,2026-01-11T20:00:00+08:00,3.43,PM2.5,µg/m³
Valenzuela,5975180,14258421,2026-01-11T13:00:00Z,2026-01-11T21:00:00+08:00,0.361,PM2.5,µg/m³
Valenzuela,5975180,14258421,2026-01-11T14:00:00Z,2026-01-11T22:00:00+08:00,7.32,PM2.5,µg/m³
Valenzuela,5975180,14258421,2026-01-11T15:00:00Z,2026-01-11T23:00:00+08:00,5.14,PM2.5,µg/m³
Valenzuela,5975180,14258421,2026-01-11T16:00:00Z,2026-01-12T00:00:00+08:00,4.41,PM2.5,µg/m³
Valenzuela,5975180,14258421,2026-01-11T17:00:00Z,2026-01-12T01:00:00+08:00,0.18,PM2.5,µg/m³
Valenzuela,5975180,14258421,2026-01-11T18:00:00Z,2026-01-12T02:00:00+08:00,0.172,PM2.5,µg/m³
Valenzuela,5975180,14258421,2026-01-11T19:00:00Z,2026-01-12T03:00:00+08:00,0.534,PM2.5,µg/m³
Valenzuela,5975180,14258421,2026-01-11T20:00:00Z,2026-01-12T04:00:00+08:00,0.978,PM2.5,µg/m³
Valenzuela,5975180,14258421,2026-01-11T21:00:00Z,2026-01-12T05:00:00+08:00,2.64,PM2.5,µg/m³
Valenzuela,5975180,14258421,2026-01-11T22:00:00Z,2026-01-12T06:00:00+08:00,3.17,PM2.5,µg/m³
Valenzuela,5975180,14258421,2026-01-11T23:00:00Z,2026-01-12T07:00:00+08:00,6.15,PM2.5,µg/m³
Valenzuela,5975180,14258421,2026-01-12T00:00:00Z,2026-01-12T08:00:00+08:00,10.3,PM2.5,µg/m³
Valenzuela,5975180,14258421,2026-01-12T01:00:00Z,2026-01-12T09:00:00+08:00,14.3,PM2.5,µg/m³
Valenzuela,5975180,14258421,2026-01-12T02:00:00Z,2026-01-12T10:00:00+08:00,12.0,PM2.5,µg/m³
Valenzuela,5975180,14258421,2026-01-12T03:00:00Z,2026-01-12T11:00:00+08:00,5.23,PM2.5,µg/m³
Valenzuela,5975180,14258421,2026-01-12T04:00:00Z,2026-01-12T12:00:00+08:00,1.59,PM2.5,µg/m³
Valenzuela,5975180,14258421,2026-01-12T05:00:00Z,2026-01-12T13:00:00+08:00,1.19,PM2.5,µg/m³
Valenzuela,5975180,14258421,2026-01-12T06:00:00Z,2026-01-12T14:00:00+08:00,0.192,PM2.5,µg/m³
Valenzuela,5975180,14258421,2026-01-12T07:00:00Z,2026-01-12T15:00:00+08:00,1.69,PM2.5,µg/m³
Valenzuela,5975180,14258421,2026-01-12T08:00:00Z,2026-01-12T16:00:00+08:00,1.69,PM2.5,µg/m³
Valenzuela,5975180,14258421,2026-01-12T09:00:00Z,2026-01-12T17:00:00+08:00,0.828,PM2.5,µg/m³
Valenzuela,5975180,14258421,2026-01-12T10:00:00Z,2026-01-12T18:00:00+08:00,2.94,PM2.5,µg/m³
Valenzuela,5975180,14258421,2026-01-12T11:00:00Z,2026-01-12T19:00:00+08:00,21.2,PM2.5,µg/m³
Valenzuela,5975180,14258421,2026-01-12T12:00:00Z,2026-01-12T20:00:00+08:00,23.7,PM2.5,µg/m³
Valenzuela,5975180,14258421,2026-01-12T13:00:00Z,2026-01-12T21:00:00+08:00,23.8,PM2.5,µg/m³
Valenzuela,5975180,14258421,2026-01-12T14:00:00Z,2026-01-12T22:00:00+08:00,8.85,PM2.5,µg/m³
Valenzuela,5975180,14258421,2026-01-12T15:00:00Z,2026-01-12T23:00:00+08:00,14.5,PM2.5,µg/m³
Valenzuela,5975180,14258421,2026-01-12T16:00:00Z,2026-01-13T00:00:00+08:00,18.0,PM2.5,µg/m³
Valenzuela,5975180,14258421,2026-01-12T17:00:00Z,2026-01-13T01:00:00+08:00,11.4,PM2.5,µg/m³
Valenzuela,5975180,14258421,2026-01-12T18:00:00Z,2026-01-13T02:00:00+08:00,11.8,PM2.5,µg/m³
Valenzuela,5975180,14258421,2026-01-12T19:00:00Z,2026-01-13T03:00:00+08:00,17.3,PM2.5,µg/m³
Valenzuela,5975180,14258421,2026-01-12T20:00:00Z,2026-01-13T04:00:00+08:00,30.5,PM2.5,µg/m³
Valenzuela,5975180,14258421,2026-01-12T21:00:00Z,2026-01-13T05:00:00+08:00,36.9,PM2.5,µg/m³
Valenzuela,5975180,14258421,2026-01-12T22:00:00Z,2026-01-13T06:00:00+08:00,39.0,PM2.5,µg/m³
Valenzuela,5975180,14258421,2026-01-12T23:00:00Z,2026-01-13T07:00:00+08:00,33.8,PM2.5,µg/m³
Valenzuela,5975180,14258421,2026-01-13T00:00:00Z,2026-01-13T08:00:00+08:00,37.2,PM2.5,µg/m³
Valenzuela,5975180,14258421,2026-01-13T01:00:00Z,2026-01-13T09:00:00+08:00,41.7,PM2.5,µg/m³
Valenzuela,5975180,14258421,2026-01-13T02:00:00Z,2026-01-13T10:00:00+08:00,33.5,PM2.5,µg/m³
Valenzuela,5975180,14258421,2026-01-13T03:00:00Z,2026-01-13T11:00:00+08:00,32.2,PM2.5,µg/m³
Valenzuela,5975180,14258421,2026-01-13T04:00:00Z,2026-01-13T12:00:00+08:00,15.0,PM2.5,µg/m³
Valenzuela,5975180,14258421,2026-01-13T05:00:00Z,2026-01-13T13:00:00+08:00,4.83,PM2.5,µg/m³
Valenzuela,5975180,14258421,2026-01-13T06:00:00Z,2026-01-13T14:00:00+08:00,8.28,PM2.5,µg/m³
Valenzuela,5975180,14258421,2026-01-13T07:00:00Z,2026-01-13T15:00:00+08:00,29.2,PM2.5,µg/m³
Valenzuela,5975180,14258421,2026-01-13T08:00:00Z,2026-01-13T16:00:00+08:00,22.5,PM2.5,µg/m³
Valenzuela,5975180,14258421,2026-01-13T09:00:00Z,2026-01-13T17:00:00+08:00,36.1,PM2.5,µg/m³
Valenzuela,5975180,14258421,2026-01-13T10:00:00Z,2026-01-13T18:00:00+08:00,37.5,PM2.5,µg/m³
Valenzuela,5975180,14258421,2026-01-13T11:00:00Z,2026-01-13T19:00:00+08:00,42.7,PM2.5,µg/m³
Valenzuela,5975180,14258421,2026-01-13T12:00:00Z,2026-01-13T20:00:00+08:00,41.3,PM2.5,µg/m³
Valenzuela,5975180,14258421,2026-01-13T13:00:00Z,2026-01-13T21:00:00+08:00,60.7,PM2.5,µg/m³
Valenzuela,5975180,14258421,2026-01-13T14:00:00Z,2026-01-13T22:00:00+08:00,56.5,PM2.5,µg/m³
Valenzuela,5975180,14258421,2026-01-13T15:00:00Z,2026-01-13T23:00:00+08:00,27.5,PM2.5,µg/m³
Valenzuela,5975180,14258421,2026-01-13T16:00:00Z,2026-01-14T00:00:00+08:00,27.5,PM2.5,µg/m³
Valenzuela,5975180,14258421,2026-01-13T17:00:00Z,2026-01-14T01:00:00+08:00,39.4,PM2.5,µg/m³
Valenzuela,5975180,14258421,2026-01-13T18:00:00Z,2026-01-14T02:00:00+08:00,40.6,PM2.5,µg/m³
Valenzuela,5975180,14258421,2026-01-13T19:00:00Z,2026-01-14T03:00:00+08:00,45.3,PM2.5,µg/m³
Valenzuela,5975180,14258421,2026-01-13T20:00:00Z,2026-01-14T04:00:00+08:00,49.7,PM2.5,µg/m³
Valenzuela,5975180,14258421,2026-01-13T21:00:00Z,2026-01-14T05:00:00+08:00,46.1,PM2.5,µg/m³
Valenzuela,5975180,14258421,2026-01-13T22:00:00Z,2026-01-14T06:00:00+08:00,45.4,PM2.5,µg/m³
Valenzuela,5975180,14258421,2026-01-13T23:00:00Z,2026-01-14T07:00:00+08:00,50.8,PM2.5,µg/m³
Valenzuela,5975180,14258421,2026-01-14T00:00:00Z,2026-01-14T08:00:00+08:00,49.6,PM2.5,µg/m³
Valenzuela,5975180,14258421,2026-01-14T01:00:00Z,2026-01-14T09:00:00+08:00,47.5,PM2.5,µg/m³
Valenzuela,5975180,14258421,2026-01-14T02:00:00Z,2026-01-14T10:00:00+08:00,49.7,PM2.5,µg/m³
Valenzuela,5975180,14258421,2026-01-14T03:00:00Z,2026-01-14T11:00:00+08:00,25.8,PM2.5,µg/m³
Valenzuela,5975180,14258421,2026-01-14T04:00:00Z,2026-01-14T12:00:00+08:00,26.9,PM2.5,µg/m³
Valenzuela,5975180,14258421,2026-01-14T05:00:00Z,2026-01-14T13:00:00+08:00,6.91,PM2.5,µg/m³
Valenzuela,5975180,14258421,2026-01-14T06:00:00Z,2026-01-14T14:00:00+08:00,6.63,PM2.5,µg/m³
Valenzuela,5975180,14258421,2026-01-14T07:00:00Z,2026-01-14T15:00:00+08:00,0.992,PM2.5,µg/m³
Valenzuela,5975180,14258421,2026-01-14T08:00:00Z,2026-01-14T16:00:00+08:00,0.27,PM2.5,µg/m³
Valenzuela,5975180,14258421,2026-01-14T09:00:00Z,2026-01-14T17:00:00+08:00,1.7,PM2.5,µg/m³
Valenzuela,5975180,14258421,2026-01-14T10:00:00Z,2026-01-14T18:00:00+08:00,7.63,PM2.5,µg/m³
Valenzuela,5975180,14258421,2026-01-14T11:00:00Z,2026-01-14T19:00:00+08:00,5.87,PM2.5,µg/m³
Valenzuela,5975180,14258421,2026-01-14T12:00:00Z,2026-01-14T20:00:00+08:00,6.72,PM2.5,µg/m³
Valenzuela,5975180,14258421,2026-01-14T13:00:00Z,2026-01-14T21:00:00+08:00,12.8,PM2.5,µg/m³
Valenzuela,5975180,14258421,2026-01-14T14:00:00Z,2026-01-14T22:00:00+08:00,24.0,PM2.5,µg/m³
Valenzuela,5975180,14258421,2026-01-14T15:00:00Z,2026-01-14T23:00:00+08:00,31.2,PM2.5,µg/m³
Valenzuela,5975180,14258421,2026-01-14T16:00:00Z,2026-01-15T00:00:00+08:00,12.3,PM2.5,µg/m³
Valenzuela,5975180,14258421,2026-01-14T17:00:00Z,2026-01-15T01:00:00+08:00,35.0,PM2.5,µg/m³
Valenzuela,5975180,14258421,2026-01-14T18:00:00Z,2026-01-15T02:00:00+08:00,33.1,PM2.5,µg/m³
Valenzuela,5975180,14258421,2026-01-14T19:00:00Z,2026-01-15T03:00:00+08:00,23.3,PM2.5,µg/m³
Valenzuela,5975180,14258421,2026-01-14T20:00:00Z,2026-01-15T04:00:00+08:00,33.4,PM2.5,µg/m³
Valenzuela,5975180,14258421,2026-01-14T21:00:00Z,2026-01-15T05:00:00+08:00,30.1,PM2.5,µg/m³
Valenzuela,5975180,14258421,2026-01-14T22:00:00Z,2026-01-15T06:00:00+08:00,48.8,PM2.5,µg/m³
Valenzuela,5975180,14258421,2026-01-14T23:00:00Z,2026-01-15T07:00:00+08:00,41.6,PM2.5,µg/m³
Valenzuela,5975180,14258421,2026-01-15T00:00:00Z,2026-01-15T08:00:00+08:00,36.2,PM2.5,µg/m³
Valenzuela,5975180,14258421,2026-01-15T01:00:00Z,2026-01-15T09:00:00+08:00,32.0,PM2.5,µg/m³
Valenzuela,5975180,14258421,2026-01-15T02:00:00Z,2026-01-15T10:00:00+08:00,37.7,PM2.5,µg/m³
Valenzuela,5975180,14258421,2026-01-15T03:00:00Z,2026-01-15T11:00:00+08:00,36.4,PM2.5,µg/m³
Valenzuela,5975180,14258421,2026-01-15T04:00:00Z,2026-01-15T12:00:00+08:00,18.0,PM2.5,µg/m³
Valenzuela,5975180,14258421,2026-01-15T05:00:00Z,2026-01-15T13:00:00+08:00,8.32,PM2.5,µg/m³
Valenzuela,5975180,14258421,2026-01-15T06:00:00Z,2026-01-15T14:00:00+08:00,7.29,PM2.5,µg/m³
Valenzuela,5975180,14258421,2026-01-15T07:00:00Z,2026-01-15T15:00:00+08:00,3.59,PM2.5,µg/m³
Valenzuela,5975180,14258421,2026-01-15T08:00:00Z,2026-01-15T16:00:00+08:00,8.75,PM2.5,µg/m³
Valenzuela,5975180,14258421,2026-01-15T09:00:00Z,2026-01-15T17:00:00+08:00,19.0,PM2.5,µg/m³
Valenzuela,5975180,14258421,2026-01-15T10:00:00Z,2026-01-15T18:00:00+08:00,28.3,PM2.5,µg/m³
Valenzuela,5975180,14258421,2026-01-15T11:00:00Z,2026-01-15T19:00:00+08:00,36.6,PM2.5,µg/m³
Valenzuela,5975180,14258421,2026-01-15T12:00:00Z,2026-01-15T20:00:00+08:00,38.5,PM2.5,µg/m³
Valenzuela,5975180,14258421,2026-01-15T13:00:00Z,2026-01-15T21:00:00+08:00,35.3,PM2.5,µg/m³
Valenzuela,5975180,14258421,2026-01-15T14:00:00Z,2026-01-15T22:00:00+08:00,80.5,PM2.5,µg/m³
Valenzuela,5975180,14258421,2026-01-15T15:00:00Z,2026-01-15T23:00:00+08:00,91.9,PM2.5,µg/m³
Valenzuela,5975180,14258421,2026-01-15T16:00:00Z,2026-01-16T00:00:00+08:00,85.5,PM2.5,µg/m³
Valenzuela,5975180,14258421,2026-01-15T17:00:00Z,2026-01-16T01:00:00+08:00,54.9,PM2.5,µg/m³
Valenzuela,5975180,14258421,2026-01-15T18:00:00Z,2026-01-16T02:00:00+08:00,44.4,PM2.5,µg/m³
Valenzuela,5975180,14258421,2026-01-15T19:00:00Z,2026-01-16T03:00:00+08:00,58.8,PM2.5,µg/m³
Valenzuela,5975180,14258421,2026-01-15T20:00:00Z,2026-01-16T04:00:00+08:00,60.1,PM2.5,µg/m³
Valenzuela,5975180,14258421,2026-01-15T21:00:00Z,2026-01-16T05:00:00+08:00,75.0,PM2.5,µg/m³
Valenzuela,5975180,14258421,2026-01-15T22:00:00Z,2026-01-16T06:00:00+08:00,75.8,PM2.5,µg/m³
Valenzuela,5975180,14258421,2026-01-15T23:00:00Z,2026-01-16T07:00:00+08:00,83.9,PM2.5,µg/m³
Valenzuela,5975180,14258421,2026-01-16T00:00:00Z,2026-01-16T08:00:00+08:00,59.1,PM2.5,µg/m³
Valenzuela,5975180,14258421,2026-01-16T01:00:00Z,2026-01-16T09:00:00+08:00,36.0,PM2.5,µg/m³
Valenzuela,5975180,14258421,2026-01-16T02:00:00Z,2026-01-16T10:00:00+08:00,31.6,PM2.5,µg/m³
Valenzuela,5975180,14258421,2026-01-16T03:00:00Z,2026-01-16T11:00:00+08:00,21.3,PM2.5,µg/m³
Valenzuela,5975180,14258421,2026-01-16T04:00:00Z,2026-01-16T12:00:00+08:00,14.0,PM2.5,µg/m³
Valenzuela,5975180,14258421,2026-01-16T05:00:00Z,2026-01-16T13:00:00+08:00,3.82,PM2.5,µg/m³
Valenzuela,5975180,14258421,2026-01-16T06:00:00Z,2026-01-16T14:00:00+08:00,3.18,PM2.5,µg/m³
Valenzuela,5975180,14258421,2026-01-16T07:00:00Z,2026-01-16T15:00:00+08:00,2.34,PM2.5,µg/m³
Valenzuela,5975180,14258421,2026-01-16T08:00:00Z,2026-01-16T16:00:00+08:00,1.82,PM2.5,µg/m³
Valenzuela,5975180,14258421,2026-01-16T09:00:00Z,2026-01-16T17:00:00+08:00,3.86,PM2.5,µg/m³
Valenzuela,5975180,14258421,2026-01-16T10:00:00Z,2026-01-16T18:00:00+08:00,11.5,PM2.5,µg/m³
Valenzuela,5975180,14258421,2026-01-16T11:00:00Z,2026-01-16T19:00:00+08:00,20.8,PM2.5,µg/m³
Valenzuela,5975180,14258421,2026-01-16T12:00:00Z,2026-01-16T20:00:00+08:00,30.2,PM2.5,µg/m³
Valenzuela,5975180,14258421,2026-01-16T13:00:00Z,2026-01-16T21:00:00+08:00,26.1,PM2.5,µg/m³
Valenzuela,5975180,14258421,2026-01-16T14:00:00Z,2026-01-16T22:00:00+08:00,40.4,PM2.5,µg/m³
Valenzuela,5975180,14258421,2026-01-16T15:00:00Z,2026-01-16T23:00:00+08:00,35.7,PM2.5,µg/m³
Valenzuela,5975180,14258421,2026-01-16T16:00:00Z,2026-01-17T00:00:00+08:00,27.3,PM2.5,µg/m³
Valenzuela,5975180,14258421,2026-01-16T17:00:00Z,2026-01-17T01:00:00+08:00,28.9,PM2.5,µg/m³
Valenzuela,5975180,14258421,2026-01-16T18:00:00Z,2026-01-17T02:00:00+08:00,36.6,PM2.5,µg/m³
Valenzuela,5975180,14258421,2026-01-16T19:00:00Z,2026-01-17T03:00:00+08:00,40.9,PM2.5,µg/m³
Valenzuela,5975180,14258421,2026-01-16T20:00:00Z,2026-01-17T04:00:00+08:00,42.4,PM2.5,µg/m³
Valenzuela,5975180,14258421,2026-01-16T21:00:00Z,2026-01-17T05:00:00+08:00,39.8,PM2.5,µg/m³
Valenzuela,5975180,14258421,2026-01-16T22:00:00Z,2026-01-17T06:00:00+08:00,43.7,PM2.5,µg/m³
Valenzuela,5975180,14258421,2026-01-16T23:00:00Z,2026-01-17T07:00:00+08:00,52.0,PM2.5,µg/m³
Valenzuela,5975180,14258421,2026-01-17T00:00:00Z,2026-01-17T08:00:00+08:00,61.5,PM2.5,µg/m³
Valenzuela,5975180,14258421,2026-01-17T01:00:00Z,2026-01-17T09:00:00+08:00,62.0,PM2.5,µg/m³
Valenzuela,5975180,14258421,2026-01-17T02:00:00Z,2026-01-17T10:00:00+08:00,50.2,PM2.5,µg/m³
Valenzuela,5975180,14258421,2026-01-17T03:00:00Z,2026-01-17T11:00:00+08:00,29.6,PM2.5,µg/m³
Valenzuela,5975180,14258421,2026-01-17T04:00:00Z,2026-01-17T12:00:00+08:00,28.6,PM2.5,µg/m³
Valenzuela,5975180,14258421,2026-01-17T05:00:00Z,2026-01-17T13:00:00+08:00,14.0,PM2.5,µg/m³
Valenzuela,5975180,14258421,2026-01-17T06:00:00Z,2026-01-17T14:00:00+08:00,3.3,PM2.5,µg/m³
Valenzuela,5975180,14258421,2026-01-17T07:00:00Z,2026-01-17T15:00:00+08:00,0.592,PM2.5,µg/m³
Valenzuela,5975180,14258421,2026-01-17T08:00:00Z,2026-01-17T16:00:00+08:00,5.34,PM2.5,µg/m³
Valenzuela,5975180,14258421,2026-01-17T09:00:00Z,2026-01-17T17:00:00+08:00,47.6,PM2.5,µg/m³
Valenzuela,5975180,14258421,2026-01-17T10:00:00Z,2026-01-17T18:00:00+08:00,27.6,PM2.5,µg/m³
Valenzuela,5975180,14258421,2026-01-17T11:00:00Z,2026-01-17T19:00:00+08:00,40.2,PM2.5,µg/m³
Valenzuela,5975180,14258421,2026-01-17T12:00:00Z,2026-01-17T20:00:00+08:00,50.8,PM2.5,µg/m³
Valenzuela,5975180,14258421,2026-01-17T13:00:00Z,2026-01-17T21:00:00+08:00,90.9,PM2.5,µg/m³
Valenzuela,5975180,14258421,2026-01-17T14:00:00Z,2026-01-17T22:00:00+08:00,89.5,PM2.5,µg/m³
Valenzuela,5975180,14258421,2026-01-17T15:00:00Z,2026-01-17T23:00:00+08:00,72.9,PM2.5,µg/m³
Valenzuela,5975180,14258421,2026-01-17T16:00:00Z,2026-01-18T00:00:00+08:00,58.4,PM2.5,µg/m³
Valenzuela,5975180,14258421,2026-01-17T17:00:00Z,2026-01-18T01:00:00+08:00,46.2,PM2.5,µg/m³
Valenzuela,5975180,14258421,2026-01-17T18:00:00Z,2026-01-18T02:00:00+08:00,40.1,PM2.5,µg/m³
Valenzuela,5975180,14258421,2026-01-17T19:00:00Z,2026-01-18T03:00:00+08:00,43.7,PM2.5,µg/m³
Valenzuela,5975180,14258421,2026-01-17T20:00:00Z,2026-01-18T04:00:00+08:00,54.3,PM2.5,µg/m³
Valenzuela,5975180,14258421,2026-01-17T21:00:00Z,2026-01-18T05:00:00+08:00,52.7,PM2.5,µg/m³
Valenzuela,5975180,14258421,2026-01-17T22:00:00Z,2026-01-18T06:00:00+08:00,34.6,PM2.5,µg/m³
Valenzuela,5975180,14258421,2026-01-17T23:00:00Z,2026-01-18T07:00:00+08:00,35.2,PM2.5,µg/m³
Valenzuela,5975180,14258421,2026-01-18T00:00:00Z,2026-01-18T08:00:00+08:00,40.8,PM2.5,µg/m³
Valenzuela,5975180,14258421,2026-01-18T01:00:00Z,2026-01-18T09:00:00+08:00,35.2,PM2.5,µg/m³
Valenzuela,5975180,14258421,2026-01-18T02:00:00Z,2026-01-18T10:00:00+08:00,28.7,PM2.5,µg/m³
Valenzuela,5975180,14258421,2026-01-18T03:00:00Z,2026-01-18T11:00:00+08:00,21.0,PM2.5,µg/m³
Valenzuela,5975180,14258421,2026-01-18T04:00:00Z,2026-01-18T12:00:00+08:00,25.6,PM2.5,µg/m³
Valenzuela,5975180,14258421,2026-01-18T05:00:00Z,2026-01-18T13:00:00+08:00,29.2,PM2.5,µg/m³
Valenzuela,5975180,14258421,2026-01-18T06:00:00Z,2026-01-18T14:00:00+08:00,28.4,PM2.5,µg/m³
Valenzuela,5975180,14258421,2026-01-18T07:00:00Z,2026-01-18T15:00:00+08:00,28.8,PM2.5,µg/m³
Valenzuela,5975180,14258421,2026-01-18T08:00:00Z,2026-01-18T16:00:00+08:00,38.2,PM2.5,µg/m³
Valenzuela,5975180,14258421,2026-01-18T09:00:00Z,2026-01-18T17:00:00+08:00,30.1,PM2.5,µg/m³
Valenzuela,5975180,14258421,2026-01-18T10:00:00Z,2026-01-18T18:00:00+08:00,39.2,PM2.5,µg/m³
Valenzuela,5975180,14258421,2026-01-18T11:00:00Z,2026-01-18T19:00:00+08:00,49.8,PM2.5,µg/m³
Valenzuela,5975180,14258421,2026-01-18T12:00:00Z,2026-01-18T20:00:00+08:00,48.8,PM2.5,µg/m³
Valenzuela,5975180,14258421,2026-01-18T13:00:00Z,2026-01-18T21:00:00+08:00,32.4,PM2.5,µg/m³
Valenzuela,5975180,14258421,2026-01-18T14:00:00Z,2026-01-18T22:00:00+08:00,27.5,PM2.5,µg/m³
Valenzuela,5975180,14258421,2026-01-18T15:00:00Z,2026-01-18T23:00:00+08:00,48.1,PM2.5,µg/m³
Valenzuela,5975180,14258421,2026-01-18T16:00:00Z,2026-01-19T00:00:00+08:00,83.0,PM2.5,µg/m³
Valenzuela,5975180,14258421,2026-01-18T17:00:00Z,2026-01-19T01:00:00+08:00,66.1,PM2.5,µg/m³
Valenzuela,5975180,14258421,2026-01-18T18:00:00Z,2026-01-19T02:00:00+08:00,49.4,PM2.5,µg/m³
Valenzuela,5975180,14258421,2026-01-18T19:00:00Z,2026-01-19T03:00:00+08:00,56.5,PM2.5,µg/m³
Valenzuela,5975180,14258421,2026-01-18T20:00:00Z,2026-01-19T04:00:00+08:00,46.4,PM2.5,µg/m³
Valenzuela,5975180,14258421,2026-01-18T21:00:00Z,2026-01-19T05:00:00+08:00,48.7,PM2.5,µg/m³
Valenzuela,5975180,14258421,2026-01-18T22:00:00Z,2026-01-19T06:00:00+08:00,44.7,PM2.5,µg/m³
Valenzuela,5975180,14258421,2026-01-18T23:00:00Z,2026-01-19T07:00:00+08:00,51.0,PM2.5,µg/m³
Valenzuela,5975180,14258421,2026-01-19T00:00:00Z,2026-01-19T08:00:00+08:00,33.2,PM2.5,µg/m³
Valenzuela,5975180,14258421,2026-01-19T01:00:00Z,2026-01-19T09:00:00+08:00,32.6,PM2.5,µg/m³
Valenzuela,5975180,14258421,2026-01-19T02:00:00Z,2026-01-19T10:00:00+08:00,28.7,PM2.5,µg/m³
Valenzuela,5975180,14258421,2026-01-19T03:00:00Z,2026-01-19T11:00:00+08:00,31.7,PM2.5,µg/m³
Valenzuela,5975180,14258421,2026-01-19T04:00:00Z,2026-01-19T12:00:00+08:00,30.9,PM2.5,µg/m³
Valenzuela,5975180,14258421,2026-01-19T05:00:00Z,2026-01-19T13:00:00+08:00,29.4,PM2.5,µg/m³
Valenzuela,5975180,14258421,2026-01-19T06:00:00Z,2026-01-19T14:00:00+08:00,37.3,PM2.5,µg/m³
Valenzuela,5975180,14258421,2026-01-19T10:00:00Z,2026-01-19T18:00:00+08:00,49.1,PM2.5,µg/m³
Valenzuela,5975180,14258421,2026-01-19T11:00:00Z,2026-01-19T19:00:00+08:00,51.8,PM2.5,µg/m³
Valenzuela,5975180,14258421,2026-01-19T12:00:00Z,2026-01-19T20:00:00+08:00,46.9,PM2.5,µg/m³
Valenzuela,5975180,14258421,2026-01-19T13:00:00Z,2026-01-19T21:00:00+08:00,36.0,PM2.5,µg/m³
Valenzuela,5975180,14258421,2026-01-19T14:00:00Z,2026-01-19T22:00:00+08:00,22.1,PM2.5,µg/m³
Valenzuela,5975180,14258421,2026-01-19T15:00:00Z,2026-01-19T23:00:00+08:00,22.6,PM2.5,µg/m³
Valenzuela,5975180,14258421,2026-01-19T16:00:00Z,2026-01-20T00:00:00+08:00,27.6,PM2.5,µg/m³
Valenzuela,5975180,14258421,2026-01-19T17:00:00Z,2026-01-20T01:00:00+08:00,13.7,PM2.5,µg/m³
Valenzuela,5975180,14258421,2026-01-19T18:00:00Z,2026-01-20T02:00:00+08:00,2.62,PM2.5,µg/m³
Valenzuela,5975180,14258421,2026-01-19T19:00:00Z,2026-01-20T03:00:00+08:00,1.46,PM2.5,µg/m³
Valenzuela,5975180,14258421,2026-01-19T20:00:00Z,2026-01-20T04:00:00+08:00,10.7,PM2.5,µg/m³
Valenzuela,5975180,14258421,2026-01-19T21:00:00Z,2026-01-20T05:00:00+08:00,34.7,PM2.5,µg/m³
Valenzuela,5975180,14258421,2026-01-19T22:00:00Z,2026-01-20T06:00:00+08:00,39.0,PM2.5,µg/m³
Valenzuela,5975180,14258421,2026-01-19T23:00:00Z,2026-01-20T07:00:00+08:00,36.1,PM2.5,µg/m³
Valenzuela,5975180,14258421,2026-01-20T00:00:00Z,2026-01-20T08:00:00+08:00,37.7,PM2.5,µg/m³
Valenzuela,5975180,14258421,2026-01-20T01:00:00Z,2026-01-20T09:00:00+08:00,35.4,PM2.5,µg/m³
Valenzuela,5975180,14258421,2026-01-20T02:00:00Z,2026-01-20T10:00:00+08:00,47.2,PM2.5,µg/m³
Valenzuela,5975180,14258421,2026-01-20T05:00:00Z,2026-01-20T13:00:00+08:00,40.8,PM2.5,µg/m³
Valenzuela,5975180,14258421,2026-01-20T09:00:00Z,2026-01-20T17:00:00+08:00,37.7,PM2.5,µg/m³
Valenzuela,5975180,14258421,2026-01-20T10:00:00Z,2026-01-20T18:00:00+08:00,35.6,PM2.5,µg/m³
Valenzuela,5975180,14258421,2026-01-20T11:00:00Z,2026-01-20T19:00:00+08:00,36.7,PM2.5,µg/m³
Valenzuela,5975180,14258421,2026-01-20T12:00:00Z,2026-01-20T20:00:00+08:00,31.7,PM2.5,µg/m³
Valenzuela,5975180,14258421,2026-01-20T13:00:00Z,2026-01-20T21:00:00+08:00,31.8,PM2.5,µg/m³
Valenzuela,5975180,14258421,2026-01-20T14:00:00Z,2026-01-20T22:00:00+08:00,26.7,PM2.5,µg/m³
Valenzuela,5975180,14258421,2026-01-20T15:00:00Z,2026-01-20T23:00:00+08:00,27.3,PM2.5,µg/m³
Valenzuela,5975180,14258421,2026-01-20T16:00:00Z,2026-01-21T00:00:00+08:00,19.5,PM2.5,µg/m³
Valenzuela,5975180,14258421,2026-01-20T17:00:00Z,2026-01-21T01:00:00+08:00,27.3,PM2.5,µg/m³
Valenzuela,5975180,14258421,2026-01-20T18:00:00Z,2026-01-21T02:00:00+08:00,16.5,PM2.5,µg/m³
Valenzuela,5975180,14258421,2026-01-20T19:00:00Z,2026-01-21T03:00:00+08:00,18.4,PM2.5,µg/m³
Valenzuela,5975180,14258421,2026-01-20T20:00:00Z,2026-01-21T04:00:00+08:00,34.8,PM2.5,µg/m³
Valenzuela,5975180,14258421,2026-01-20T21:00:00Z,2026-01-21T05:00:00+08:00,30.7,PM2.5,µg/m³
Valenzuela,5975180,14258421,2026-01-20T22:00:00Z,2026-01-21T06:00:00+08:00,32.4,PM2.5,µg/m³
Valenzuela,5975180,14258421,2026-01-20T23:00:00Z,2026-01-21T07:00:00+08:00,36.0,PM2.5,µg/m³
Valenzuela,5975180,14258421,2026-01-21T00:00:00Z,2026-01-21T08:00:00+08:00,37.1,PM2.5,µg/m³
Valenzuela,5975180,14258421,2026-01-21T01:00:00Z,2026-01-21T09:00:00+08:00,21.2,PM2.5,µg/m³
Valenzuela,5975180,14258421,2026-01-21T02:00:00Z,2026-01-21T10:00:00+08:00,12.7,PM2.5,µg/m³
Valenzuela,5975180,14258421,2026-01-21T03:00:00Z,2026-01-21T11:00:00+08:00,29.2,PM2.5,µg/m³
Valenzuela,5975180,14258421,2026-01-21T04:00:00Z,2026-01-21T12:00:00+08:00,22.2,PM2.5,µg/m³
Valenzuela,5975180,14258421,2026-01-21T05:00:00Z,2026-01-21T13:00:00+08:00,1.28,PM2.5,µg/m³
Valenzuela,5975180,14258421,2026-01-21T06:00:00Z,2026-01-21T14:00:00+08:00,0.0722,PM2.5,µg/m³
Valenzuela,5975180,14258421,2026-01-21T07:00:00Z,2026-01-21T15:00:00+08:00,1.94,PM2.5,µg/m³
Valenzuela,5975180,14258421,2026-01-21T08:00:00Z,2026-01-21T16:00:00+08:00,1.35,PM2.5,µg/m³
Valenzuela,5975180,14258421,2026-01-21T09:00:00Z,2026-01-21T17:00:00+08:00,3.33,PM2.5,µg/m³
Valenzuela,5975180,14258421,2026-01-21T10:00:00Z,2026-01-21T18:00:00+08:00,14.0,PM2.5,µg/m³
Valenzuela,5975180,14258421,2026-01-21T11:00:00Z,2026-01-21T19:00:00+08:00,18.5,PM2.5,µg/m³
Valenzuela,5975180,14258421,2026-01-21T12:00:00Z,2026-01-21T20:00:00+08:00,6.32,PM2.5,µg/m³
Valenzuela,5975180,14258421,2026-01-21T13:00:00Z,2026-01-21T21:00:00+08:00,5.3,PM2.5,µg/m³
Valenzuela,5975180,14258421,2026-01-21T14:00:00Z,2026-01-21T22:00:00+08:00,20.4,PM2.5,µg/m³
Valenzuela,5975180,14258421,2026-01-21T15:00:00Z,2026-01-21T23:00:00+08:00,30.5,PM2.5,µg/m³
Valenzuela,5975180,14258421,2026-01-21T16:00:00Z,2026-01-22T00:00:00+08:00,22.3,PM2.5,µg/m³
Valenzuela,5975180,14258421,2026-01-21T17:00:00Z,2026-01-22T01:00:00+08:00,31.3,PM2.5,µg/m³
Valenzuela,5975180,14258421,2026-01-21T18:00:00Z,2026-01-22T02:00:00+08:00,33.8,PM2.5,µg/m³
Valenzuela,5975180,14258421,2026-01-21T19:00:00Z,2026-01-22T03:00:00+08:00,34.9,PM2.5,µg/m³
Valenzuela,5975180,14258421,2026-01-21T20:00:00Z,2026-01-22T04:00:00+08:00,33.2,PM2.5,µg/m³
Valenzuela,5975180,14258421,2026-01-21T21:00:00Z,2026-01-22T05:00:00+08:00,31.2,PM2.5,µg/m³
Valenzuela,5975180,14258421,2026-01-21T22:00:00Z,2026-01-22T06:00:00+08:00,36.9,PM2.5,µg/m³
Valenzuela,5975180,14258421,2026-01-21T23:00:00Z,2026-01-22T07:00:00+08:00,35.7,PM2.5,µg/m³
Valenzuela,5975180,14258421,2026-01-22T00:00:00Z,2026-01-22T08:00:00+08:00,40.4,PM2.5,µg/m³
Valenzuela,5975180,14258421,2026-01-22T01:00:00Z,2026-01-22T09:00:00+08:00,20.8,PM2.5,µg/m³
Valenzuela,5975180,14258421,2026-01-22T02:00:00Z,2026-01-22T10:00:00+08:00,14.6,PM2.5,µg/m³
Valenzuela,5975180,14258421,2026-01-22T03:00:00Z,2026-01-22T11:00:00+08:00,13.7,PM2.5,µg/m³
Valenzuela,5975180,14258421,2026-01-22T04:00:00Z,2026-01-22T12:00:00+08:00,1.57,PM2.5,µg/m³
Valenzuela,5975180,14258421,2026-01-22T05:00:00Z,2026-01-22T13:00:00+08:00,0.855,PM2.5,µg/m³
Valenzuela,5975180,14258421,2026-01-22T06:00:00Z,2026-01-22T14:00:00+08:00,1.55,PM2.5,µg/m³
Valenzuela,5975180,14258421,2026-01-22T07:00:00Z,2026-01-22T15:00:00+08:00,2.31,PM2.5,µg/m³
Valenzuela,5975180,14258421,2026-01-22T08:00:00Z,2026-01-22T16:00:00+08:00,3.43,PM2.5,µg/m³
Valenzuela,5975180,14258421,2026-01-22T09:00:00Z,2026-01-22T17:00:00+08:00,2.32,PM2.5,µg/m³
Valenzuela,5975180,14258421,2026-01-22T10:00:00Z,2026-01-22T18:00:00+08:00,5.35,PM2.5,µg/m³
Valenzuela,5975180,14258421,2026-01-22T11:00:00Z,2026-01-22T19:00:00+08:00,10.5,PM2.5,µg/m³
Valenzuela,5975180,14258421,2026-01-22T12:00:00Z,2026-01-22T20:00:00+08:00,15.3,PM2.5,µg/m³
Valenzuela,5975180,14258421,2026-01-22T13:00:00Z,2026-01-22T21:00:00+08:00,14.2,PM2.5,µg/m³
Valenzuela,5975180,14258421,2026-01-22T14:00:00Z,2026-01-22T22:00:00+08:00,17.9,PM2.5,µg/m³
Valenzuela,5975180,14258421,2026-01-22T15:00:00Z,2026-01-22T23:00:00+08:00,35.4,PM2.5,µg/m³
Valenzuela,5975180,14258421,2026-01-22T16:00:00Z,2026-01-23T00:00:00+08:00,25.4,PM2.5,µg/m³
Valenzuela,5975180,14258421,2026-01-22T17:00:00Z,2026-01-23T01:00:00+08:00,14.1,PM2.5,µg/m³
Valenzuela,5975180,14258421,2026-01-22T18:00:00Z,2026-01-23T02:00:00+08:00,14.3,PM2.5,µg/m³
Valenzuela,5975180,14258421,2026-01-22T19:00:00Z,2026-01-23T03:00:00+08:00,14.2,PM2.5,µg/m³
Valenzuela,5975180,14258421,2026-01-22T20:00:00Z,2026-01-23T04:00:00+08:00,17.3,PM2.5,µg/m³
Valenzuela,5975180,14258421,2026-01-22T21:00:00Z,2026-01-23T05:00:00+08:00,16.7,PM2.5,µg/m³
Valenzuela,5975180,14258421,2026-01-22T22:00:00Z,2026-01-23T06:00:00+08:00,23.8,PM2.5,µg/m³
Valenzuela,5975180,14258421,2026-01-22T23:00:00Z,2026-01-23T07:00:00+08:00,34.1,PM2.5,µg/m³
Valenzuela,5975180,14258421,2026-01-23T00:00:00Z,2026-01-23T08:00:00+08:00,37.7,PM2.5,µg/m³
Valenzuela,5975180,14258421,2026-01-23T01:00:00Z,2026-01-23T09:00:00+08:00,32.1,PM2.5,µg/m³
Valenzuela,5975180,14258421,2026-01-23T02:00:00Z,2026-01-23T10:00:00+08:00,21.1,PM2.5,µg/m³
Valenzuela,5975180,14258421,2026-01-23T03:00:00Z,2026-01-23T11:00:00+08:00,5.75,PM2.5,µg/m³
Valenzuela,5975180,14258421,2026-01-23T04:00:00Z,2026-01-23T12:00:00+08:00,2.35,PM2.5,µg/m³
Valenzuela,5975180,14258421,2026-01-23T05:00:00Z,2026-01-23T13:00:00+08:00,2.04,PM2.5,µg/m³
Valenzuela,5975180,14258421,2026-01-23T06:00:00Z,2026-01-23T14:00:00+08:00,1.48,PM2.5,µg/m³
Valenzuela,5975180,14258421,2026-01-23T07:00:00Z,2026-01-23T15:00:00+08:00,2.17,PM2.5,µg/m³
Valenzuela,5975180,14258421,2026-01-23T08:00:00Z,2026-01-23T16:00:00+08:00,2.53,PM2.5,µg/m³
Valenzuela,5975180,14258421,2026-01-23T09:00:00Z,2026-01-23T17:00:00+08:00,1.91,PM2.5,µg/m³
Valenzuela,5975180,14258421,2026-01-23T10:00:00Z,2026-01-23T18:00:00+08:00,5.48,PM2.5,µg/m³
Valenzuela,5975180,14258421,2026-01-23T11:00:00Z,2026-01-23T19:00:00+08:00,14.0,PM2.5,µg/m³
Valenzuela,5975180,14258421,2026-01-23T12:00:00Z,2026-01-23T20:00:00+08:00,32.4,PM2.5,µg/m³
Valenzuela,5975180,14258421,2026-01-23T13:00:00Z,2026-01-23T21:00:00+08:00,38.8,PM2.5,µg/m³
Valenzuela,5975180,14258421,2026-01-23T14:00:00Z,2026-01-23T22:00:00+08:00,46.5,PM2.5,µg/m³
Valenzuela,5975180,14258421,2026-01-23T15:00:00Z,2026-01-23T23:00:00+08:00,41.3,PM2.5,µg/m³
Valenzuela,5975180,14258421,2026-01-23T16:00:00Z,2026-01-24T00:00:00+08:00,28.8,PM2.5,µg/m³
Valenzuela,5975180,14258421,2026-01-23T17:00:00Z,2026-01-24T01:00:00+08:00,12.9,PM2.5,µg/m³
Valenzuela,5975180,14258421,2026-01-23T18:00:00Z,2026-01-24T02:00:00+08:00,29.3,PM2.5,µg/m³
Valenzuela,5975180,14258421,2026-01-23T19:00:00Z,2026-01-24T03:00:00+08:00,26.7,PM2.5,µg/m³
Valenzuela,5975180,14258421,2026-01-23T20:00:00Z,2026-01-24T04:00:00+08:00,28.2,PM2.5,µg/m³
Valenzuela,5975180,14258421,2026-01-23T21:00:00Z,2026-01-24T05:00:00+08:00,29.8,PM2.5,µg/m³
Valenzuela,5975180,14258421,2026-01-23T22:00:00Z,2026-01-24T06:00:00+08:00,32.5,PM2.5,µg/m³
Valenzuela,5975180,14258421,2026-01-23T23:00:00Z,2026-01-24T07:00:00+08:00,40.4,PM2.5,µg/m³
Valenzuela,5975180,14258421,2026-01-24T00:00:00Z,2026-01-24T08:00:00+08:00,48.9,PM2.5,µg/m³
Valenzuela,5975180,14258421,2026-01-24T01:00:00Z,2026-01-24T09:00:00+08:00,43.8,PM2.5,µg/m³
Valenzuela,5975180,14258421,2026-01-24T02:00:00Z,2026-01-24T10:00:00+08:00,15.5,PM2.5,µg/m³
Valenzuela,5975180,14258421,2026-01-24T03:00:00Z,2026-01-24T11:00:00+08:00,11.9,PM2.5,µg/m³
Valenzuela,5975180,14258421,2026-01-24T04:00:00Z,2026-01-24T12:00:00+08:00,4.89,PM2.5,µg/m³
Valenzuela,5975180,14258421,2026-01-24T05:00:00Z,2026-01-24T13:00:00+08:00,1.45,PM2.5,µg/m³
Valenzuela,5975180,14258421,2026-01-24T06:00:00Z,2026-01-24T14:00:00+08:00,1.1,PM2.5,µg/m³
Valenzuela,5975180,14258421,2026-01-24T07:00:00Z,2026-01-24T15:00:00+08:00,1.59,PM2.5,µg/m³
Valenzuela,5975180,14258421,2026-01-24T08:00:00Z,2026-01-24T16:00:00+08:00,2.5,PM2.5,µg/m³
Valenzuela,5975180,14258421,2026-01-24T09:00:00Z,2026-01-24T17:00:00+08:00,2.81,PM2.5,µg/m³
Valenzuela,5975180,14258421,2026-01-26T01:00:00Z,2026-01-26T09:00:00+08:00,46.3,PM2.5,µg/m³
Valenzuela,5975180,14258421,2026-01-26T02:00:00Z,2026-01-26T10:00:00+08:00,48.4,PM2.5,µg/m³
Valenzuela,5975180,14258421,2026-01-26T03:00:00Z,2026-01-26T11:00:00+08:00,41.8,PM2.5,µg/m³
Valenzuela,5975180,14258421,2026-01-26T04:00:00Z,2026-01-26T12:00:00+08:00,43.0,PM2.5,µg/m³
Valenzuela,5975180,14258421,2026-01-26T05:00:00Z,2026-01-26T13:00:00+08:00,28.7,PM2.5,µg/m³
Valenzuela,5975180,14258421,2026-01-26T06:00:00Z,2026-01-26T14:00:00+08:00,5.95,PM2.5,µg/m³
Valenzuela,5975180,14258421,2026-01-26T07:00:00Z,2026-01-26T15:00:00+08:00,3.56,PM2.5,µg/m³
Valenzuela,5975180,14258421,2026-01-26T08:00:00Z,2026-01-26T16:00:00+08:00,5.89,PM2.5,µg/m³
Valenzuela,5975180,14258421,2026-01-26T09:00:00Z,2026-01-26T17:00:00+08:00,5.66,PM2.5,µg/m³
Valenzuela,5975180,14258421,2026-01-26T10:00:00Z,2026-01-26T18:00:00+08:00,11.5,PM2.5,µg/m³
Valenzuela,5975180,14258421,2026-01-26T11:00:00Z,2026-01-26T19:00:00+08:00,27.7,PM2.5,µg/m³
Valenzuela,5975180,14258421,2026-01-26T12:00:00Z,2026-01-26T20:00:00+08:00,33.1,PM2.5,µg/m³
Valenzuela,5975180,14258421,2026-01-26T13:00:00Z,2026-01-26T21:00:00+08:00,27.3,PM2.5,µg/m³
Valenzuela,5975180,14258421,2026-01-26T14:00:00Z,2026-01-26T22:00:00+08:00,23.6,PM2.5,µg/m³
Valenzuela,5975180,14258421,2026-01-26T15:00:00Z,2026-01-26T23:00:00+08:00,14.1,PM2.5,µg/m³
Valenzuela,5975180,14258421,2026-01-26T16:00:00Z,2026-01-27T00:00:00+08:00,20.9,PM2.5,µg/m³
Valenzuela,5975180,14258421,2026-01-26T17:00:00Z,2026-01-27T01:00:00+08:00,9.55,PM2.5,µg/m³
Valenzuela,5975180,14258421,2026-01-26T18:00:00Z,2026-01-27T02:00:00+08:00,13.9,PM2.5,µg/m³
Valenzuela,5975180,14258421,2026-01-26T19:00:00Z,2026-01-27T03:00:00+08:00,12.3,PM2.5,µg/m³
Valenzuela,5975180,14258421,2026-01-26T20:00:00Z,2026-01-27T04:00:00+08:00,9.53,PM2.5,µg/m³
Valenzuela,5975180,14258421,2026-01-26T21:00:00Z,2026-01-27T05:00:00+08:00,20.2,PM2.5,µg/m³
Valenzuela,5975180,14258421,2026-01-26T22:00:00Z,2026-01-27T06:00:00+08:00,11.2,PM2.5,µg/m³
Valenzuela,5975180,14258421,2026-01-26T23:00:00Z,2026-01-27T07:00:00+08:00,21.7,PM2.5,µg/m³
Valenzuela,5975180,14258421,2026-01-27T00:00:00Z,2026-01-27T08:00:00+08:00,44.4,PM2.5,µg/m³
Valenzuela,5975180,14258421,2026-01-27T01:00:00Z,2026-01-27T09:00:00+08:00,31.0,PM2.5,µg/m³
Valenzuela,5975180,14258421,2026-01-27T02:00:00Z,2026-01-27T10:00:00+08:00,26.2,PM2.5,µg/m³
Valenzuela,5975180,14258421,2026-01-27T03:00:00Z,2026-01-27T11:00:00+08:00,10.6,PM2.5,µg/m³
Valenzuela,5975180,14258421,2026-01-27T04:00:00Z,2026-01-27T12:00:00+08:00,6.47,PM2.5,µg/m³
Valenzuela,5975180,14258421,2026-01-27T05:00:00Z,2026-01-27T13:00:00+08:00,4.98,PM2.5,µg/m³
Valenzuela,5975180,14258421,2026-01-27T06:00:00Z,2026-01-27T14:00:00+08:00,21.2,PM2.5,µg/m³
Valenzuela,5975180,14258421,2026-01-27T07:00:00Z,2026-01-27T15:00:00+08:00,32.7,PM2.5,µg/m³
Valenzuela,5975180,14258421,2026-01-27T08:00:00Z,2026-01-27T16:00:00+08:00,34.0,PM2.5,µg/m³
Valenzuela,5975180,14258421,2026-01-27T09:00:00Z,2026-01-27T17:00:00+08:00,46.6,PM2.5,µg/m³
Valenzuela,5975180,14258421,2026-01-27T10:00:00Z,2026-01-27T18:00:00+08:00,34.5,PM2.5,µg/m³
Valenzuela,5975180,14258421,2026-01-27T11:00:00Z,2026-01-27T19:00:00+08:00,48.1,PM2.5,µg/m³
Valenzuela,5975180,14258421,2026-01-27T12:00:00Z,2026-01-27T20:00:00+08:00,46.7,PM2.5,µg/m³
Valenzuela,5975180,14258421,2026-01-27T13:00:00Z,2026-01-27T21:00:00+08:00,29.7,PM2.5,µg/m³
Valenzuela,5975180,14258421,2026-01-27T14:00:00Z,2026-01-27T22:00:00+08:00,23.4,PM2.5,µg/m³
Valenzuela,5975180,14258421,2026-01-27T15:00:00Z,2026-01-27T23:00:00+08:00,32.4,PM2.5,µg/m³
Valenzuela,5975180,14258421,2026-01-27T16:00:00Z,2026-01-28T00:00:00+08:00,35.5,PM2.5,µg/m³
Valenzuela,5975180,14258421,2026-01-27T17:00:00Z,2026-01-28T01:00:00+08:00,24.7,PM2.5,µg/m³
Valenzuela,5975180,14258421,2026-01-27T18:00:00Z,2026-01-28T02:00:00+08:00,14.5,PM2.5,µg/m³
Valenzuela,5975180,14258421,2026-01-27T19:00:00Z,2026-01-28T03:00:00+08:00,22.0,PM2.5,µg/m³
Valenzuela,5975180,14258421,2026-01-27T20:00:00Z,2026-01-28T04:00:00+08:00,28.2,PM2.5,µg/m³
Valenzuela,5975180,14258421,2026-01-27T21:00:00Z,2026-01-28T05:00:00+08:00,36.6,PM2.5,µg/m³
Valenzuela,5975180,14258421,2026-01-27T22:00:00Z,2026-01-28T06:00:00+08:00,56.3,PM2.5,µg/m³
Valenzuela,5975180,14258421,2026-01-27T23:00:00Z,2026-01-28T07:00:00+08:00,50.5,PM2.5,µg/m³
Valenzuela,5975180,14258421,2026-01-28T00:00:00Z,2026-01-28T08:00:00+08:00,65.9,PM2.5,µg/m³
Valenzuela,5975180,14258421,2026-01-28T01:00:00Z,2026-01-28T09:00:00+08:00,50.1,PM2.5,µg/m³
Valenzuela,5975180,14258421,2026-01-28T02:00:00Z,2026-01-28T10:00:00+08:00,24.3,PM2.5,µg/m³
Valenzuela,5975180,14258421,2026-01-28T03:00:00Z,2026-01-28T11:00:00+08:00,22.3,PM2.5,µg/m³
Valenzuela,5975180,14258421,2026-01-28T04:00:00Z,2026-01-28T12:00:00+08:00,30.6,PM2.5,µg/m³
Valenzuela,5975180,14258421,2026-01-28T05:00:00Z,2026-01-28T13:00:00+08:00,30.4,PM2.5,µg/m³
Valenzuela,5975180,14258421,2026-01-28T06:00:00Z,2026-01-28T14:00:00+08:00,20.3,PM2.5,µg/m³
Valenzuela,5975180,14258421,2026-01-28T07:00:00Z,2026-01-28T15:00:00+08:00,22.0,PM2.5,µg/m³
Valenzuela,5975180,14258421,2026-01-28T08:00:00Z,2026-01-28T16:00:00+08:00,1.51,PM2.5,µg/m³
Valenzuela,5975180,14258421,2026-01-28T09:00:00Z,2026-01-28T17:00:00+08:00,4.08,PM2.5,µg/m³
Valenzuela,5975180,14258421,2026-01-28T10:00:00Z,2026-01-28T18:00:00+08:00,18.1,PM2.5,µg/m³
Valenzuela,5975180,14258421,2026-01-28T11:00:00Z,2026-01-28T19:00:00+08:00,21.5,PM2.5,µg/m³
Valenzuela,5975180,14258421,2026-01-28T12:00:00Z,2026-01-28T20:00:00+08:00,24.1,PM2.5,µg/m³
Valenzuela,5975180,14258421,2026-01-28T13:00:00Z,2026-01-28T21:00:00+08:00,26.6,PM2.5,µg/m³
Valenzuela,5975180,14258421,2026-01-28T14:00:00Z,2026-01-28T22:00:00+08:00,32.2,PM2.5,µg/m³
Valenzuela,5975180,14258421,2026-01-28T15:00:00Z,2026-01-28T23:00:00+08:00,32.2,PM2.5,µg/m³
Valenzuela,5975180,14258421,2026-01-28T16:00:00Z,2026-01-29T00:00:00+08:00,33.3,PM2.5,µg/m³
Valenzuela,5975180,14258421,2026-01-28T17:00:00Z,2026-01-29T01:00:00+08:00,48.8,PM2.5,µg/m³
Valenzuela,5975180,14258421,2026-01-28T18:00:00Z,2026-01-29T02:00:00+08:00,38.8,PM2.5,µg/m³
Valenzuela,5975180,14258421,2026-01-28T19:00:00Z,2026-01-29T03:00:00+08:00,35.7,PM2.5,µg/m³
Valenzuela,5975180,14258421,2026-01-28T20:00:00Z,2026-01-29T04:00:00+08:00,35.6,PM2.5,µg/m³
Valenzuela,5975180,14258421,2026-01-28T21:00:00Z,2026-01-29T05:00:00+08:00,33.7,PM2.5,µg/m³
Valenzuela,5975180,14258421,2026-01-28T22:00:00Z,2026-01-29T06:00:00+08:00,60.1,PM2.5,µg/m³
Valenzuela,5975180,14258421,2026-01-28T23:00:00Z,2026-01-29T07:00:00+08:00,91.1,PM2.5,µg/m³
Valenzuela,5975180,14258421,2026-01-29T00:00:00Z,2026-01-29T08:00:00+08:00,102.0,PM2.5,µg/m³
Valenzuela,5975180,14258421,2026-01-29T01:00:00Z,2026-01-29T09:00:00+08:00,37.8,PM2.5,µg/m³
Valenzuela,5975180,14258421,2026-01-29T02:00:00Z,2026-01-29T10:00:00+08:00,31.4,PM2.5,µg/m³
Valenzuela,5975180,14258421,2026-01-29T03:00:00Z,2026-01-29T11:00:00+08:00,35.8,PM2.5,µg/m³
Valenzuela,5975180,14258421,2026-01-29T04:00:00Z,2026-01-29T12:00:00+08:00,29.9,PM2.5,µg/m³
Valenzuela,5975180,14258421,2026-01-29T05:00:00Z,2026-01-29T13:00:00+08:00,12.1,PM2.5,µg/m³
Valenzuela,5975180,14258421,2026-01-29T06:00:00Z,2026-01-29T14:00:00+08:00,0.889,PM2.5,µg/m³
Valenzuela,5975180,14258421,2026-01-29T07:00:00Z,2026-01-29T15:00:00+08:00,3.86,PM2.5,µg/m³
Valenzuela,5975180,14258421,2026-01-29T08:00:00Z,2026-01-29T16:00:00+08:00,2.72,PM2.5,µg/m³
Valenzuela,5975180,14258421,2026-01-29T09:00:00Z,2026-01-29T17:00:00+08:00,3.91,PM2.5,µg/m³
Valenzuela,5975180,14258421,2026-01-29T10:00:00Z,2026-01-29T18:00:00+08:00,10.3,PM2.5,µg/m³
Valenzuela,5975180,14258421,2026-01-29T11:00:00Z,2026-01-29T19:00:00+08:00,29.6,PM2.5,µg/m³
Valenzuela,5975180,14258421,2026-01-29T12:00:00Z,2026-01-29T20:00:00+08:00,31.8,PM2.5,µg/m³
Valenzuela,5975180,14258421,2026-01-29T13:00:00Z,2026-01-29T21:00:00+08:00,38.4,PM2.5,µg/m³
Valenzuela,5975180,14258421,2026-01-29T14:00:00Z,2026-01-29T22:00:00+08:00,72.6,PM2.5,µg/m³
Valenzuela,5975180,14258421,2026-01-29T15:00:00Z,2026-01-29T23:00:00+08:00,105.0,PM2.5,µg/m³
Valenzuela,5975180,14258421,2026-01-29T16:00:00Z,2026-01-30T00:00:00+08:00,51.2,PM2.5,µg/m³
Valenzuela,5975180,14258421,2026-01-29T17:00:00Z,2026-01-30T01:00:00+08:00,44.7,PM2.5,µg/m³
Valenzuela,5975180,14258421,2026-01-29T18:00:00Z,2026-01-30T02:00:00+08:00,42.0,PM2.5,µg/m³
Valenzuela,5975180,14258421,2026-01-29T19:00:00Z,2026-01-30T03:00:00+08:00,29.4,PM2.5,µg/m³
Valenzuela,5975180,14258421,2026-01-29T20:00:00Z,2026-01-30T04:00:00+08:00,38.7,PM2.5,µg/m³
Valenzuela,5975180,14258421,2026-01-29T21:00:00Z,2026-01-30T05:00:00+08:00,31.1,PM2.5,µg/m³
Valenzuela,5975180,14258421,2026-01-29T22:00:00Z,2026-01-30T06:00:00+08:00,24.6,PM2.5,µg/m³
Valenzuela,5975180,14258421,2026-01-29T23:00:00Z,2026-01-30T07:00:00+08:00,30.0,PM2.5,µg/m³
Valenzuela,5975180,14258421,2026-01-30T00:00:00Z,2026-01-30T08:00:00+08:00,37.8,PM2.5,µg/m³
Valenzuela,5975180,14258421,2026-01-30T01:00:00Z,2026-01-30T09:00:00+08:00,35.8,PM2.5,µg/m³
Valenzuela,5975180,14258421,2026-01-30T02:00:00Z,2026-01-30T10:00:00+08:00,28.2,PM2.5,µg/m³
Valenzuela,5975180,14258421,2026-01-30T03:00:00Z,2026-01-30T11:00:00+08:00,34.4,PM2.5,µg/m³
Valenzuela,5975180,14258421,2026-01-30T04:00:00Z,2026-01-30T12:00:00+08:00,41.7,PM2.5,µg/m³
Valenzuela,5975180,14258421,2026-01-30T05:00:00Z,2026-01-30T13:00:00+08:00,33.6,PM2.5,µg/m³
Valenzuela,5975180,14258421,2026-01-30T06:00:00Z,2026-01-30T14:00:00+08:00,32.5,PM2.5,µg/m³
Valenzuela,5975180,14258421,2026-01-30T07:00:00Z,2026-01-30T15:00:00+08:00,45.2,PM2.5,µg/m³
Valenzuela,5975180,14258421,2026-01-30T08:00:00Z,2026-01-30T16:00:00+08:00,53.0,PM2.5,µg/m³
Valenzuela,5975180,14258421,2026-01-30T09:00:00Z,2026-01-30T17:00:00+08:00,38.7,PM2.5,µg/m³
Valenzuela,5975180,14258421,2026-01-30T10:00:00Z,2026-01-30T18:00:00+08:00,60.3,PM2.5,µg/m³
Valenzuela,5975180,14258421,2026-01-30T11:00:00Z,2026-01-30T19:00:00+08:00,55.2,PM2.5,µg/m³
Valenzuela,5975180,14258421,2026-01-30T12:00:00Z,2026-01-30T20:00:00+08:00,41.9,PM2.5,µg/m³
Valenzuela,5975180,14258421,2026-01-30T13:00:00Z,2026-01-30T21:00:00+08:00,44.4,PM2.5,µg/m³
Valenzuela,5975180,14258421,2026-01-30T14:00:00Z,2026-01-30T22:00:00+08:00,53.0,PM2.5,µg/m³
Valenzuela,5975180,14258421,2026-01-30T15:00:00Z,2026-01-30T23:00:00+08:00,43.5,PM2.5,µg/m³
Valenzuela,5975180,14258421,2026-01-30T16:00:00Z,2026-01-31T00:00:00+08:00,45.6,PM2.5,µg/m³
Valenzuela,5975180,14258421,2026-01-30T17:00:00Z,2026-01-31T01:00:00+08:00,28.1,PM2.5,µg/m³
Valenzuela,5975180,14258421,2026-01-30T18:00:00Z,2026-01-31T02:00:00+08:00,33.0,PM2.5,µg/m³
Valenzuela,5975180,14258421,2026-01-30T19:00:00Z,2026-01-31T03:00:00+08:00,37.2,PM2.5,µg/m³
Valenzuela,5975180,14258421,2026-01-30T20:00:00Z,2026-01-31T04:00:00+08:00,30.2,PM2.5,µg/m³
Valenzuela,5975180,14258421,2026-01-30T21:00:00Z,2026-01-31T05:00:00+08:00,29.2,PM2.5,µg/m³
Valenzuela,5975180,14258421,2026-01-30T22:00:00Z,2026-01-31T06:00:00+08:00,34.1,PM2.5,µg/m³
Valenzuela,5975180,14258421,2026-01-30T23:00:00Z,2026-01-31T07:00:00+08:00,44.6,PM2.5,µg/m³
Valenzuela,5975180,14258421,2026-01-31T00:00:00Z,2026-01-31T08:00:00+08:00,48.6,PM2.5,µg/m³
Valenzuela,5975180,14258421,2026-01-31T01:00:00Z,2026-01-31T09:00:00+08:00,43.6,PM2.5,µg/m³
Valenzuela,5975180,14258421,2026-01-31T02:00:00Z,2026-01-31T10:00:00+08:00,22.4,PM2.5,µg/m³
Valenzuela,5975180,14258421,2026-01-31T03:00:00Z,2026-01-31T11:00:00+08:00,11.1,PM2.5,µg/m³
Valenzuela,5975180,14258421,2026-01-31T04:00:00Z,2026-01-31T12:00:00+08:00,15.5,PM2.5,µg/m³
Valenzuela,5975180,14258421,2026-01-31T05:00:00Z,2026-01-31T13:00:00+08:00,8.26,PM2.5,µg/m³
Valenzuela,5975180,14258421,2026-01-31T06:00:00Z,2026-01-31T14:00:00+08:00,8.31,PM2.5,µg/m³
Valenzuela,5975180,14258421,2026-01-31T07:00:00Z,2026-01-31T15:00:00+08:00,8.25,PM2.5,µg/m³
Valenzuela,5975180,14258421,2026-01-31T08:00:00Z,2026-01-31T16:00:00+08:00,7.47,PM2.5,µg/m³
Valenzuela,5975180,14258421,2026-01-31T09:00:00Z,2026-01-31T17:00:00+08:00,9.41,PM2.5,µg/m³
Valenzuela,5975180,14258421,2026-01-31T10:00:00Z,2026-01-31T18:00:00+08:00,21.5,PM2.5,µg/m³
Valenzuela,5975180,14258421,2026-01-31T11:00:00Z,2026-01-31T19:00:00+08:00,36.0,PM2.5,µg/m³
Valenzuela,5975180,14258421,2026-01-31T12:00:00Z,2026-01-31T20:00:00+08:00,34.8,PM2.5,µg/m³
Valenzuela,5975180,14258421,2026-01-31T13:00:00Z,2026-01-31T21:00:00+08:00,36.5,PM2.5,µg/m³
Valenzuela,5975180,14258421,2026-01-31T14:00:00Z,2026-01-31T22:00:00+08:00,37.3,PM2.5,µg/m³
Valenzuela,5975180,14258421,2026-01-31T15:00:00Z,2026-01-31T23:00:00+08:00,33.8,PM2.5,µg/m³
Valenzuela,5975180,14258421,2026-01-31T16:00:00Z,2026-02-01T00:00:00+08:00,56.2,PM2.5,µg/m³
Valenzuela,5975180,14258421,2026-01-31T17:00:00Z,2026-02-01T01:00:00+08:00,45.4,PM2.5,µg/m³
Valenzuela,5975180,14258421,2026-01-31T18:00:00Z,2026-02-01T02:00:00+08:00,27.5,PM2.5,µg/m³
Valenzuela,5975180,14258421,2026-01-31T19:00:00Z,2026-02-01T03:00:00+08:00,35.4,PM2.5,µg/m³
Valenzuela,5975180,14258421,2026-01-31T20:00:00Z,2026-02-01T04:00:00+08:00,40.0,PM2.5,µg/m³
Valenzuela,5975180,14258421,2026-01-31T21:00:00Z,2026-02-01T05:00:00+08:00,39.4,PM2.5,µg/m³
Valenzuela,5975180,14258421,2026-01-31T22:00:00Z,2026-02-01T06:00:00+08:00,43.9,PM2.5,µg/m³
Valenzuela,5975180,14258421,2026-01-31T23:00:00Z,2026-02-01T07:00:00+08:00,48.2,PM2.5,µg/m³
Valenzuela,5975180,14258421,2026-02-01T00:00:00Z,2026-02-01T08:00:00+08:00,51.6,PM2.5,µg/m³
Valenzuela,5975180,14258421,2026-02-01T01:00:00Z,2026-02-01T09:00:00+08:00,44.8,PM2.5,µg/m³
Valenzuela,5975180,14258421,2026-02-01T02:00:00Z,2026-02-01T10:00:00+08:00,24.7,PM2.5,µg/m³
Valenzuela,5975180,14258421,2026-02-01T03:00:00Z,2026-02-01T11:00:00+08:00,22.7,PM2.5,µg/m³
Valenzuela,5975180,14258421,2026-02-01T04:00:00Z,2026-02-01T12:00:00+08:00,24.5,PM2.5,µg/m³
Valenzuela,5975180,14258421,2026-02-01T05:00:00Z,2026-02-01T13:00:00+08:00,25.0,PM2.5,µg/m³
Valenzuela,5975180,14258421,2026-02-01T06:00:00Z,2026-02-01T14:00:00+08:00,13.3,PM2.5,µg/m³
Valenzuela,5975180,14258421,2026-02-01T07:00:00Z,2026-02-01T15:00:00+08:00,1.96,PM2.5,µg/m³
Valenzuela,5975180,14258421,2026-02-01T08:00:00Z,2026-02-01T16:00:00+08:00,1.19,PM2.5,µg/m³
Valenzuela,5975180,14258421,2026-02-01T09:00:00Z,2026-02-01T17:00:00+08:00,5.54,PM2.5,µg/m³
Valenzuela,5975180,14258421,2026-02-01T10:00:00Z,2026-02-01T18:00:00+08:00,18.7,PM2.5,µg/m³
Valenzuela,5975180,14258421,2026-02-01T11:00:00Z,2026-02-01T19:00:00+08:00,18.0,PM2.5,µg/m³
Valenzuela,5975180,14258421,2026-02-01T12:00:00Z,2026-02-01T20:00:00+08:00,15.1,PM2.5,µg/m³
Valenzuela,5975180,14258421,2026-02-01T13:00:00Z,2026-02-01T21:00:00+08:00,14.5,PM2.5,µg/m³
Valenzuela,5975180,14258421,2026-02-01T14:00:00Z,2026-02-01T22:00:00+08:00,11.4,PM2.5,µg/m³
Valenzuela,5975180,14258421,2026-02-01T15:00:00Z,2026-02-01T23:00:00+08:00,6.56,PM2.5,µg/m³
Valenzuela,5975180,14258421,2026-02-01T16:00:00Z,2026-02-02T00:00:00+08:00,3.77,PM2.5,µg/m³
Valenzuela,5975180,14258421,2026-02-01T17:00:00Z,2026-02-02T01:00:00+08:00,9.85,PM2.5,µg/m³
Valenzuela,5975180,14258421,2026-02-01T18:00:00Z,2026-02-02T02:00:00+08:00,22.4,PM2.5,µg/m³
Valenzuela,5975180,14258421,2026-02-01T19:00:00Z,2026-02-02T03:00:00+08:00,37.4,PM2.5,µg/m³
Valenzuela,5975180,14258421,2026-02-01T20:00:00Z,2026-02-02T04:00:00+08:00,27.1,PM2.5,µg/m³
Valenzuela,5975180,14258421,2026-02-01T21:00:00Z,2026-02-02T05:00:00+08:00,20.7,PM2.5,µg/m³
Valenzuela,5975180,14258421,2026-02-01T22:00:00Z,2026-02-02T06:00:00+08:00,37.7,PM2.5,µg/m³
Valenzuela,5975180,14258421,2026-02-01T23:00:00Z,2026-02-02T07:00:00+08:00,46.3,PM2.5,µg/m³
Valenzuela,5975180,14258421,2026-02-02T00:00:00Z,2026-02-02T08:00:00+08:00,43.6,PM2.5,µg/m³
Valenzuela,5975180,14258421,2026-02-02T01:00:00Z,2026-02-02T09:00:00+08:00,33.1,PM2.5,µg/m³
Valenzuela,5975180,14258421,2026-02-02T02:00:00Z,2026-02-02T10:00:00+08:00,21.3,PM2.5,µg/m³
Valenzuela,5975180,14258421,2026-02-02T03:00:00Z,2026-02-02T11:00:00+08:00,21.1,PM2.5,µg/m³
Valenzuela,5975180,14258421,2026-02-02T04:00:00Z,2026-02-02T12:00:00+08:00,24.4,PM2.5,µg/m³
Valenzuela,5975180,14258421,2026-02-02T05:00:00Z,2026-02-02T13:00:00+08:00,3.76,PM2.5,µg/m³
Valenzuela,5975180,14258421,2026-02-02T06:00:00Z,2026-02-02T14:00:00+08:00,3.45,PM2.5,µg/m³
Valenzuela,5975180,14258421,2026-02-02T07:00:00Z,2026-02-02T15:00:00+08:00,5.14,PM2.5,µg/m³
Valenzuela,5975180,14258421,2026-02-02T08:00:00Z,2026-02-02T16:00:00+08:00,7.23,PM2.5,µg/m³
Valenzuela,5975180,14258421,2026-02-02T09:00:00Z,2026-02-02T17:00:00+08:00,4.73,PM2.5,µg/m³
Valenzuela,5975180,14258421,2026-02-02T10:00:00Z,2026-02-02T18:00:00+08:00,15.3,PM2.5,µg/m³
Valenzuela,5975180,14258421,2026-02-02T11:00:00Z,2026-02-02T19:00:00+08:00,13.0,PM2.5,µg/m³
Valenzuela,5975180,14258421,2026-02-02T12:00:00Z,2026-02-02T20:00:00+08:00,11.7,PM2.5,µg/m³
Valenzuela,5975180,14258421,2026-02-02T13:00:00Z,2026-02-02T21:00:00+08:00,22.6,PM2.5,µg/m³
Valenzuela,5975180,14258421,2026-02-02T14:00:00Z,2026-02-02T22:00:00+08:00,16.7,PM2.5,µg/m³
Valenzuela,5975180,14258421,2026-02-02T15:00:00Z,2026-02-02T23:00:00+08:00,27.8,PM2.5,µg/m³
Valenzuela,5975180,14258421,2026-02-02T16:00:00Z,2026-02-03T00:00:00+08:00,40.4,PM2.5,µg/m³
Valenzuela,5975180,14258421,2026-02-02T17:00:00Z,2026-02-03T01:00:00+08:00,36.2,PM2.5,µg/m³
Valenzuela,5975180,14258421,2026-02-02T18:00:00Z,2026-02-03T02:00:00+08:00,36.1,PM2.5,µg/m³
Valenzuela,5975180,14258421,2026-02-02T19:00:00Z,2026-02-03T03:00:00+08:00,30.6,PM2.5,µg/m³
Valenzuela,5975180,14258421,2026-02-02T20:00:00Z,2026-02-03T04:00:00+08:00,26.4,PM2.5,µg/m³
Valenzuela,5975180,14258421,2026-02-02T21:00:00Z,2026-02-03T05:00:00+08:00,41.7,PM2.5,µg/m³
Valenzuela,5975180,14258421,2026-02-02T22:00:00Z,2026-02-03T06:00:00+08:00,45.9,PM2.5,µg/m³
Valenzuela,5975180,14258421,2026-02-02T23:00:00Z,2026-02-03T07:00:00+08:00,56.1,PM2.5,µg/m³
Valenzuela,5975180,14258421,2026-02-03T00:00:00Z,2026-02-03T08:00:00+08:00,46.2,PM2.5,µg/m³
Valenzuela,5975180,14258421,2026-02-03T01:00:00Z,2026-02-03T09:00:00+08:00,21.7,PM2.5,µg/m³
Valenzuela,5975180,14258421,2026-02-03T02:00:00Z,2026-02-03T10:00:00+08:00,11.6,PM2.5,µg/m³
Valenzuela,5975180,14258421,2026-02-03T03:00:00Z,2026-02-03T11:00:00+08:00,9.08,PM2.5,µg/m³
Valenzuela,5975180,14258421,2026-02-03T04:00:00Z,2026-02-03T12:00:00+08:00,3.76,PM2.5,µg/m³
Valenzuela,5975180,14258421,2026-02-03T05:00:00Z,2026-02-03T13:00:00+08:00,7.93,PM2.5,µg/m³
Valenzuela,5975180,14258421,2026-02-03T06:00:00Z,2026-02-03T14:00:00+08:00,0.908,PM2.5,µg/m³
Valenzuela,5975180,14258421,2026-02-03T07:00:00Z,2026-02-03T15:00:00+08:00,0.383,PM2.5,µg/m³
Valenzuela,5975180,14258421,2026-02-03T08:00:00Z,2026-02-03T16:00:00+08:00,2.77,PM2.5,µg/m³
Valenzuela,5975180,14258421,2026-02-03T09:00:00Z,2026-02-03T17:00:00+08:00,1.4,PM2.5,µg/m³
Valenzuela,5975180,14258421,2026-02-03T10:00:00Z,2026-02-03T18:00:00+08:00,6.72,PM2.5,µg/m³
Valenzuela,5975180,14258421,2026-02-03T11:00:00Z,2026-02-03T19:00:00+08:00,16.1,PM2.5,µg/m³
Valenzuela,5975180,14258421,2026-02-03T12:00:00Z,2026-02-03T20:00:00+08:00,9.12,PM2.5,µg/m³
Valenzuela,5975180,14258421,2026-02-03T13:00:00Z,2026-02-03T21:00:00+08:00,7.08,PM2.5,µg/m³
Valenzuela,5975180,14258421,2026-02-03T14:00:00Z,2026-02-03T22:00:00+08:00,17.2,PM2.5,µg/m³
Valenzuela,5975180,14258421,2026-02-03T15:00:00Z,2026-02-03T23:00:00+08:00,33.3,PM2.5,µg/m³
Valenzuela,5975180,14258421,2026-02-03T16:00:00Z,2026-02-04T00:00:00+08:00,37.3,PM2.5,µg/m³
Valenzuela,5975180,14258421,2026-02-03T17:00:00Z,2026-02-04T01:00:00+08:00,35.6,PM2.5,µg/m³
Valenzuela,5975180,14258421,2026-02-03T18:00:00Z,2026-02-04T02:00:00+08:00,33.9,PM2.5,µg/m³
Valenzuela,5975180,14258421,2026-02-03T19:00:00Z,2026-02-04T03:00:00+08:00,33.9,PM2.5,µg/m³
Valenzuela,5975180,14258421,2026-02-03T20:00:00Z,2026-02-04T04:00:00+08:00,38.4,PM2.5,µg/m³
Valenzuela,5975180,14258421,2026-02-03T21:00:00Z,2026-02-04T05:00:00+08:00,43.5,PM2.5,µg/m³
Valenzuela,5975180,14258421,2026-02-03T22:00:00Z,2026-02-04T06:00:00+08:00,51.3,PM2.5,µg/m³
Valenzuela,5975180,14258421,2026-02-03T23:00:00Z,2026-02-04T07:00:00+08:00,49.5,PM2.5,µg/m³
Valenzuela,5975180,14258421,2026-02-04T00:00:00Z,2026-02-04T08:00:00+08:00,62.7,PM2.5,µg/m³
Valenzuela,5975180,14258421,2026-02-04T01:00:00Z,2026-02-04T09:00:00+08:00,73.9,PM2.5,µg/m³
Valenzuela,5975180,14258421,2026-02-04T02:00:00Z,2026-02-04T10:00:00+08:00,38.9,PM2.5,µg/m³
Valenzuela,5975180,14258421,2026-02-04T03:00:00Z,2026-02-04T11:00:00+08:00,30.5,PM2.5,µg/m³
Valenzuela,5975180,14258421,2026-02-04T04:00:00Z,2026-02-04T12:00:00+08:00,3.54,PM2.5,µg/m³
Valenzuela,5975180,14258421,2026-02-04T05:00:00Z,2026-02-04T13:00:00+08:00,0.166,PM2.5,µg/m³
Valenzuela,5975180,14258421,2026-02-04T06:00:00Z,2026-02-04T14:00:00+08:00,0.569,PM2.5,µg/m³
Valenzuela,5975180,14258421,2026-02-04T07:00:00Z,2026-02-04T15:00:00+08:00,1.63,PM2.5,µg/m³
Valenzuela,5975180,14258421,2026-02-04T08:00:00Z,2026-02-04T16:00:00+08:00,1.54,PM2.5,µg/m³
Valenzuela,5975180,14258421,2026-02-04T09:00:00Z,2026-02-04T17:00:00+08:00,2.7,PM2.5,µg/m³
Valenzuela,5975180,14258421,2026-02-04T10:00:00Z,2026-02-04T18:00:00+08:00,4.9,PM2.5,µg/m³
Valenzuela,5975180,14258421,2026-02-04T11:00:00Z,2026-02-04T19:00:00+08:00,15.7,PM2.5,µg/m³
Valenzuela,5975180,14258421,2026-02-04T12:00:00Z,2026-02-04T20:00:00+08:00,35.1,PM2.5,µg/m³
Valenzuela,5975180,14258421,2026-02-04T13:00:00Z,2026-02-04T21:00:00+08:00,39.6,PM2.5,µg/m³
Valenzuela,5975180,14258421,2026-02-04T14:00:00Z,2026-02-04T22:00:00+08:00,37.5,PM2.5,µg/m³
Valenzuela,5975180,14258421,2026-02-04T15:00:00Z,2026-02-04T23:00:00+08:00,45.9,PM2.5,µg/m³
Valenzuela,5975180,14258421,2026-02-04T16:00:00Z,2026-02-05T00:00:00+08:00,43.6,PM2.5,µg/m³
Valenzuela,5975180,14258421,2026-02-04T17:00:00Z,2026-02-05T01:00:00+08:00,47.0,PM2.5,µg/m³
Valenzuela,5975180,14258421,2026-02-04T18:00:00Z,2026-02-05T02:00:00+08:00,35.8,PM2.5,µg/m³
Valenzuela,5975180,14258421,2026-02-04T19:00:00Z,2026-02-05T03:00:00+08:00,23.5,PM2.5,µg/m³
Valenzuela,5975180,14258421,2026-02-04T20:00:00Z,2026-02-05T04:00:00+08:00,15.7,PM2.5,µg/m³
Valenzuela,5975180,14258421,2026-02-04T21:00:00Z,2026-02-05T05:00:00+08:00,36.4,PM2.5,µg/m³
Valenzuela,5975180,14258421,2026-02-04T22:00:00Z,2026-02-05T06:00:00+08:00,39.7,PM2.5,µg/m³
Valenzuela,5975180,14258421,2026-02-04T23:00:00Z,2026-02-05T07:00:00+08:00,36.7,PM2.5,µg/m³
Valenzuela,5975180,14258421,2026-02-05T00:00:00Z,2026-02-05T08:00:00+08:00,49.3,PM2.5,µg/m³
Valenzuela,5975180,14258421,2026-02-05T01:00:00Z,2026-02-05T09:00:00+08:00,46.2,PM2.5,µg/m³
Valenzuela,5975180,14258421,2026-02-05T02:00:00Z,2026-02-05T10:00:00+08:00,52.4,PM2.5,µg/m³
Valenzuela,5975180,14258421,2026-02-05T03:00:00Z,2026-02-05T11:00:00+08:00,33.6,PM2.5,µg/m³
Valenzuela,5975180,14258421,2026-02-05T04:00:00Z,2026-02-05T12:00:00+08:00,11.4,PM2.5,µg/m³
Valenzuela,5975180,14258421,2026-02-05T05:00:00Z,2026-02-05T13:00:00+08:00,3.79,PM2.5,µg/m³
Valenzuela,5975180,14258421,2026-02-05T06:00:00Z,2026-02-05T14:00:00+08:00,2.69,PM2.5,µg/m³
Valenzuela,5975180,14258421,2026-02-05T07:00:00Z,2026-02-05T15:00:00+08:00,2.69,PM2.5,µg/m³
Valenzuela,5975180,14258421,2026-02-05T08:00:00Z,2026-02-05T16:00:00+08:00,3.88,PM2.5,µg/m³
Valenzuela,5975180,14258421,2026-02-05T09:00:00Z,2026-02-05T17:00:00+08:00,8.53,PM2.5,µg/m³
Valenzuela,5975180,14258421,2026-02-05T10:00:00Z,2026-02-05T18:00:00+08:00,8.77,PM2.5,µg/m³
Valenzuela,5975180,14258421,2026-02-05T11:00:00Z,2026-02-05T19:00:00+08:00,25.3,PM2.5,µg/m³
Valenzuela,5975180,14258421,2026-02-05T12:00:00Z,2026-02-05T20:00:00+08:00,36.1,PM2.5,µg/m³
Valenzuela,5975180,14258421,2026-02-05T13:00:00Z,2026-02-05T21:00:00+08:00,29.7,PM2.5,µg/m³
Valenzuela,5975180,14258421,2026-02-05T14:00:00Z,2026-02-05T22:00:00+08:00,29.0,PM2.5,µg/m³
Valenzuela,5975180,14258421,2026-02-05T15:00:00Z,2026-02-05T23:00:00+08:00,39.5,PM2.5,µg/m³
Valenzuela,5975180,14258421,2026-02-05T16:00:00Z,2026-02-06T00:00:00+08:00,46.3,PM2.5,µg/m³
Valenzuela,5975180,14258421,2026-02-05T17:00:00Z,2026-02-06T01:00:00+08:00,38.4,PM2.5,µg/m³
Valenzuela,5975180,14258421,2026-02-05T18:00:00Z,2026-02-06T02:00:00+08:00,41.5,PM2.5,µg/m³
Valenzuela,5975180,14258421,2026-02-05T19:00:00Z,2026-02-06T03:00:00+08:00,43.3,PM2.5,µg/m³
Valenzuela,5975180,14258421,2026-02-05T20:00:00Z,2026-02-06T04:00:00+08:00,29.2,PM2.5,µg/m³
Valenzuela,5975180,14258421,2026-02-05T21:00:00Z,2026-02-06T05:00:00+08:00,34.4,PM2.5,µg/m³
Valenzuela,5975180,14258421,2026-02-05T22:00:00Z,2026-02-06T06:00:00+08:00,40.5,PM2.5,µg/m³
Valenzuela,5975180,14258421,2026-02-05T23:00:00Z,2026-02-06T07:00:00+08:00,46.9,PM2.5,µg/m³
Valenzuela,5975180,14258421,2026-02-06T00:00:00Z,2026-02-06T08:00:00+08:00,48.6,PM2.5,µg/m³
Valenzuela,5975180,14258421,2026-02-06T01:00:00Z,2026-02-06T09:00:00+08:00,44.8,PM2.5,µg/m³
Valenzuela,5975180,14258421,2026-02-06T02:00:00Z,2026-02-06T10:00:00+08:00,34.5,PM2.5,µg/m³
Valenzuela,5975180,14258421,2026-02-06T03:00:00Z,2026-02-06T11:00:00+08:00,25.4,PM2.5,µg/m³
Valenzuela,5975180,14258421,2026-02-06T04:00:00Z,2026-02-06T12:00:00+08:00,8.5,PM2.5,µg/m³
Valenzuela,5975180,14258421,2026-02-06T05:00:00Z,2026-02-06T13:00:00+08:00,7.39,PM2.5,µg/m³
Valenzuela,5975180,14258421,2026-02-06T06:00:00Z,2026-02-06T14:00:00+08:00,4.54,PM2.5,µg/m³
Valenzuela,5975180,14258421,2026-02-06T07:00:00Z,2026-02-06T15:00:00+08:00,5.69,PM2.5,µg/m³
Valenzuela,5975180,14258421,2026-02-06T08:00:00Z,2026-02-06T16:00:00+08:00,16.0,PM2.5,µg/m³
Valenzuela,5975180,14258421,2026-02-06T09:00:00Z,2026-02-06T17:00:00+08:00,5.44,PM2.5,µg/m³
Valenzuela,5975180,14258421,2026-02-06T10:00:00Z,2026-02-06T18:00:00+08:00,11.1,PM2.5,µg/m³
Valenzuela,5975180,14258421,2026-02-06T11:00:00Z,2026-02-06T19:00:00+08:00,14.1,PM2.5,µg/m³
Valenzuela,5975180,14258421,2026-02-06T12:00:00Z,2026-02-06T20:00:00+08:00,8.22,PM2.5,µg/m³
Valenzuela,5975180,14258421,2026-02-06T13:00:00Z,2026-02-06T21:00:00+08:00,4.43,PM2.5,µg/m³
Valenzuela,5975180,14258421,2026-02-06T14:00:00Z,2026-02-06T22:00:00+08:00,3.49,PM2.5,µg/m³
Valenzuela,5975180,14258421,2026-02-06T15:00:00Z,2026-02-06T23:00:00+08:00,4.91,PM2.5,µg/m³
Valenzuela,5975180,14258421,2026-02-06T16:00:00Z,2026-02-07T00:00:00+08:00,11.5,PM2.5,µg/m³
Valenzuela,5975180,14258421,2026-02-06T17:00:00Z,2026-02-07T01:00:00+08:00,7.85,PM2.5,µg/m³
Valenzuela,5975180,14258421,2026-02-06T18:00:00Z,2026-02-07T02:00:00+08:00,10.1,PM2.5,µg/m³
Valenzuela,5975180,14258421,2026-02-06T19:00:00Z,2026-02-07T03:00:00+08:00,19.2,PM2.5,µg/m³
Valenzuela,5975180,14258421,2026-02-06T20:00:00Z,2026-02-07T04:00:00+08:00,29.1,PM2.5,µg/m³
Valenzuela,5975180,14258421,2026-02-06T21:00:00Z,2026-02-07T05:00:00+08:00,49.9,PM2.5,µg/m³
Valenzuela,5975180,14258421,2026-02-06T22:00:00Z,2026-02-07T06:00:00+08:00,52.7,PM2.5,µg/m³
Valenzuela,5975180,14258421,2026-02-06T23:00:00Z,2026-02-07T07:00:00+08:00,42.1,PM2.5,µg/m³
Valenzuela,5975180,14258421,2026-02-07T00:00:00Z,2026-02-07T08:00:00+08:00,41.4,PM2.5,µg/m³
Valenzuela,5975180,14258421,2026-02-07T01:00:00Z,2026-02-07T09:00:00+08:00,37.6,PM2.5,µg/m³
Valenzuela,5975180,14258421,2026-02-07T02:00:00Z,2026-02-07T10:00:00+08:00,38.9,PM2.5,µg/m³
Valenzuela,5975180,14258421,2026-02-07T03:00:00Z,2026-02-07T11:00:00+08:00,31.0,PM2.5,µg/m³
Valenzuela,5975180,14258421,2026-02-07T04:00:00Z,2026-02-07T12:00:00+08:00,8.86,PM2.5,µg/m³
Valenzuela,5975180,14258421,2026-02-07T05:00:00Z,2026-02-07T13:00:00+08:00,4.37,PM2.5,µg/m³
Valenzuela,5975180,14258421,2026-02-07T06:00:00Z,2026-02-07T14:00:00+08:00,3.35,PM2.5,µg/m³
Valenzuela,5975180,14258421,2026-02-07T07:00:00Z,2026-02-07T15:00:00+08:00,5.33,PM2.5,µg/m³
Valenzuela,5975180,14258421,2026-02-07T08:00:00Z,2026-02-07T16:00:00+08:00,3.3,PM2.5,µg/m³
Valenzuela,5975180,14258421,2026-02-07T09:00:00Z,2026-02-07T17:00:00+08:00,0.839,PM2.5,µg/m³
Valenzuela,5975180,14258421,2026-02-07T10:00:00Z,2026-02-07T18:00:00+08:00,3.2,PM2.5,µg/m³
Valenzuela,5975180,14258421,2026-02-07T11:00:00Z,2026-02-07T19:00:00+08:00,12.2,PM2.5,µg/m³
Valenzuela,5975180,14258421,2026-02-07T12:00:00Z,2026-02-07T20:00:00+08:00,17.2,PM2.5,µg/m³
Valenzuela,5975180,14258421,2026-02-07T13:00:00Z,2026-02-07T21:00:00+08:00,11.6,PM2.5,µg/m³
Valenzuela,5975180,14258421,2026-02-07T14:00:00Z,2026-02-07T22:00:00+08:00,7.74,PM2.5,µg/m³
Valenzuela,5975180,14258421,2026-02-07T15:00:00Z,2026-02-07T23:00:00+08:00,7.23,PM2.5,µg/m³
Valenzuela,5975180,14258421,2026-02-07T16:00:00Z,2026-02-08T00:00:00+08:00,4.57,PM2.5,µg/m³
Valenzuela,5975180,14258421,2026-02-07T17:00:00Z,2026-02-08T01:00:00+08:00,1.73,PM2.5,µg/m³
Valenzuela,5975180,14258421,2026-02-07T18:00:00Z,2026-02-08T02:00:00+08:00,6.58,PM2.5,µg/m³
Valenzuela,5975180,14258421,2026-02-07T19:00:00Z,2026-02-08T03:00:00+08:00,16.0,PM2.5,µg/m³
Valenzuela,5975180,14258421,2026-02-07T20:00:00Z,2026-02-08T04:00:00+08:00,3.63,PM2.5,µg/m³
Valenzuela,5975180,14258421,2026-02-07T21:00:00Z,2026-02-08T05:00:00+08:00,4.21,PM2.5,µg/m³
Valenzuela,5975180,14258421,2026-02-07T22:00:00Z,2026-02-08T06:00:00+08:00,5.52,PM2.5,µg/m³
Valenzuela,5975180,14258421,2026-02-07T23:00:00Z,2026-02-08T07:00:00+08:00,6.17,PM2.5,µg/m³
Valenzuela,5975180,14258421,2026-02-08T00:00:00Z,2026-02-08T08:00:00+08:00,9.48,PM2.5,µg/m³
Valenzuela,5975180,14258421,2026-02-08T01:00:00Z,2026-02-08T09:00:00+08:00,14.7,PM2.5,µg/m³
Valenzuela,5975180,14258421,2026-02-08T02:00:00Z,2026-02-08T10:00:00+08:00,18.3,PM2.5,µg/m³
Valenzuela,5975180,14258421,2026-02-08T03:00:00Z,2026-02-08T11:00:00+08:00,5.47,PM2.5,µg/m³
Valenzuela,5975180,14258421,2026-02-08T04:00:00Z,2026-02-08T12:00:00+08:00,8.04,PM2.5,µg/m³
Valenzuela,5975180,14258421,2026-02-08T05:00:00Z,2026-02-08T13:00:00+08:00,2.67,PM2.5,µg/m³
Valenzuela,5975180,14258421,2026-02-08T06:00:00Z,2026-02-08T14:00:00+08:00,1.15,PM2.5,µg/m³
Valenzuela,5975180,14258421,2026-02-08T07:00:00Z,2026-02-08T15:00:00+08:00,0.256,PM2.5,µg/m³
Valenzuela,5975180,14258421,2026-02-08T08:00:00Z,2026-02-08T16:00:00+08:00,0.231,PM2.5,µg/m³
Valenzuela,5975180,14258421,2026-02-08T09:00:00Z,2026-02-08T17:00:00+08:00,0.728,PM2.5,µg/m³
Valenzuela,5975180,14258421,2026-02-08T10:00:00Z,2026-02-08T18:00:00+08:00,2.65,PM2.5,µg/m³
Valenzuela,5975180,14258421,2026-02-08T11:00:00Z,2026-02-08T19:00:00+08:00,2.4,PM2.5,µg/m³
Valenzuela,5975180,14258421,2026-02-08T12:00:00Z,2026-02-08T20:00:00+08:00,3.56,PM2.5,µg/m³
Valenzuela,5975180,14258421,2026-02-08T13:00:00Z,2026-02-08T21:00:00+08:00,3.03,PM2.5,µg/m³
Valenzuela,5975180,14258421,2026-02-08T14:00:00Z,2026-02-08T22:00:00+08:00,0.864,PM2.5,µg/m³
Valenzuela,5975180,14258421,2026-02-08T15:00:00Z,2026-02-08T23:00:00+08:00,0.678,PM2.5,µg/m³
Valenzuela,5975180,14258421,2026-02-08T16:00:00Z,2026-02-09T00:00:00+08:00,0.0778,PM2.5,µg/m³
Valenzuela,5975180,14258421,2026-02-08T17:00:00Z,2026-02-09T01:00:00+08:00,0.0055,PM2.5,µg/m³
Valenzuela,5975180,14258421,2026-02-08T18:00:00Z,2026-02-09T02:00:00+08:00,0.0778,PM2.5,µg/m³
Valenzuela,5975180,14258421,2026-02-08T19:00:00Z,2026-02-09T03:00:00+08:00,0.0388,PM2.5,µg/m³
Valenzuela,5975180,14258421,2026-02-08T20:00:00Z,2026-02-09T04:00:00+08:00,0.192,PM2.5,µg/m³
Valenzuela,5975180,14258421,2026-02-08T21:00:00Z,2026-02-09T05:00:00+08:00,2.58,PM2.5,µg/m³
Valenzuela,5975180,14258421,2026-02-08T22:00:00Z,2026-02-09T06:00:00+08:00,2.88,PM2.5,µg/m³
Valenzuela,5975180,14258421,2026-02-08T23:00:00Z,2026-02-09T07:00:00+08:00,14.1,PM2.5,µg/m³
Valenzuela,5975180,14258421,2026-02-09T00:00:00Z,2026-02-09T08:00:00+08:00,16.8,PM2.5,µg/m³
Valenzuela,5975180,14258421,2026-02-09T01:00:00Z,2026-02-09T09:00:00+08:00,14.0,PM2.5,µg/m³
Valenzuela,5975180,14258421,2026-02-09T02:00:00Z,2026-02-09T10:00:00+08:00,23.7,PM2.5,µg/m³
Valenzuela,5975180,14258421,2026-02-09T03:00:00Z,2026-02-09T11:00:00+08:00,5.79,PM2.5,µg/m³
Valenzuela,5975180,14258421,2026-02-09T04:00:00Z,2026-02-09T12:00:00+08:00,2.69,PM2.5,µg/m³
Valenzuela,5975180,14258421,2026-02-09T05:00:00Z,2026-02-09T13:00:00+08:00,0.446,PM2.5,µg/m³
Valenzuela,5975180,14258421,2026-02-09T06:00:00Z,2026-02-09T14:00:00+08:00,0.547,PM2.5,µg/m³
Valenzuela,5975180,14258421,2026-02-09T07:00:00Z,2026-02-09T15:00:00+08:00,2.28,PM2.5,µg/m³
Valenzuela,5975180,14258421,2026-02-09T08:00:00Z,2026-02-09T16:00:00+08:00,1.7,PM2.5,µg/m³
Valenzuela,5975180,14258421,2026-02-09T09:00:00Z,2026-02-09T17:00:00+08:00,2.19,PM2.5,µg/m³
Valenzuela,5975180,14258421,2026-02-09T10:00:00Z,2026-02-09T18:00:00+08:00,9.93,PM2.5,µg/m³
Valenzuela,5975180,14258421,2026-02-09T11:00:00Z,2026-02-09T19:00:00+08:00,20.9,PM2.5,µg/m³
Valenzuela,5975180,14258421,2026-02-09T12:00:00Z,2026-02-09T20:00:00+08:00,18.4,PM2.5,µg/m³
Valenzuela,5975180,14258421,2026-02-09T13:00:00Z,2026-02-09T21:00:00+08:00,24.2,PM2.5,µg/m³
Valenzuela,5975180,14258421,2026-02-09T14:00:00Z,2026-02-09T22:00:00+08:00,15.9,PM2.5,µg/m³
Valenzuela,5975180,14258421,2026-02-09T15:00:00Z,2026-02-09T23:00:00+08:00,10.9,PM2.5,µg/m³
Valenzuela,5975180,14258421,2026-02-09T16:00:00Z,2026-02-10T00:00:00+08:00,4.59,PM2.5,µg/m³
Valenzuela,5975180,14258421,2026-02-09T17:00:00Z,2026-02-10T01:00:00+08:00,9.8,PM2.5,µg/m³
Valenzuela,5975180,14258421,2026-02-09T18:00:00Z,2026-02-10T02:00:00+08:00,14.7,PM2.5,µg/m³
Valenzuela,5975180,14258421,2026-02-09T19:00:00Z,2026-02-10T03:00:00+08:00,11.2,PM2.5,µg/m³
Valenzuela,5975180,14258421,2026-02-09T20:00:00Z,2026-02-10T04:00:00+08:00,5.62,PM2.5,µg/m³
Valenzuela,5975180,14258421,2026-02-09T21:00:00Z,2026-02-10T05:00:00+08:00,6.51,PM2.5,µg/m³
Valenzuela,5975180,14258421,2026-02-09T22:00:00Z,2026-02-10T06:00:00+08:00,12.6,PM2.5,µg/m³
Valenzuela,5975180,14258421,2026-02-09T23:00:00Z,2026-02-10T07:00:00+08:00,25.5,PM2.5,µg/m³
Valenzuela,5975180,14258421,2026-02-10T00:00:00Z,2026-02-10T08:00:00+08:00,36.8,PM2.5,µg/m³
Valenzuela,5975180,14258421,2026-02-10T01:00:00Z,2026-02-10T09:00:00+08:00,40.1,PM2.5,µg/m³
Valenzuela,5975180,14258421,2026-02-10T02:00:00Z,2026-02-10T10:00:00+08:00,34.1,PM2.5,µg/m³
Valenzuela,5975180,14258421,2026-02-10T03:00:00Z,2026-02-10T11:00:00+08:00,25.4,PM2.5,µg/m³
Valenzuela,5975180,14258421,2026-02-10T04:00:00Z,2026-02-10T12:00:00+08:00,17.3,PM2.5,µg/m³
Valenzuela,5975180,14258421,2026-02-10T05:00:00Z,2026-02-10T13:00:00+08:00,23.6,PM2.5,µg/m³
Valenzuela,5975180,14258421,2026-02-10T06:00:00Z,2026-02-10T14:00:00+08:00,23.5,PM2.5,µg/m³
Valenzuela,5975180,14258421,2026-02-10T07:00:00Z,2026-02-10T15:00:00+08:00,26.4,PM2.5,µg/m³
Valenzuela,5975180,14258421,2026-02-10T08:00:00Z,2026-02-10T16:00:00+08:00,7.43,PM2.5,µg/m³
Valenzuela,5975180,14258421,2026-02-10T09:00:00Z,2026-02-10T17:00:00+08:00,4.49,PM2.5,µg/m³
Valenzuela,5975180,14258421,2026-02-10T10:00:00Z,2026-02-10T18:00:00+08:00,7.12,PM2.5,µg/m³
Valenzuela,5975180,14258421,2026-02-10T11:00:00Z,2026-02-10T19:00:00+08:00,22.4,PM2.5,µg/m³
Valenzuela,5975180,14258421,2026-02-10T12:00:00Z,2026-02-10T20:00:00+08:00,29.1,PM2.5,µg/m³
Valenzuela,5975180,14258421,2026-02-10T13:00:00Z,2026-02-10T21:00:00+08:00,31.6,PM2.5,µg/m³
Valenzuela,5975180,14258421,2026-02-10T14:00:00Z,2026-02-10T22:00:00+08:00,24.0,PM2.5,µg/m³
Valenzuela,5975180,14258421,2026-02-10T15:00:00Z,2026-02-10T23:00:00+08:00,21.3,PM2.5,µg/m³
Valenzuela,5975180,14258421,2026-02-10T16:00:00Z,2026-02-11T00:00:00+08:00,29.8,PM2.5,µg/m³
Valenzuela,5975180,14258421,2026-02-10T17:00:00Z,2026-02-11T01:00:00+08:00,20.1,PM2.5,µg/m³
Valenzuela,5975180,14258421,2026-02-10T18:00:00Z,2026-02-11T02:00:00+08:00,28.7,PM2.5,µg/m³
Valenzuela,5975180,14258421,2026-02-10T19:00:00Z,2026-02-11T03:00:00+08:00,24.7,PM2.5,µg/m³
Valenzuela,5975180,14258421,2026-02-10T20:00:00Z,2026-02-11T04:00:00+08:00,32.5,PM2.5,µg/m³
Valenzuela,5975180,14258421,2026-02-10T21:00:00Z,2026-02-11T05:00:00+08:00,31.0,PM2.5,µg/m³
Valenzuela,5975180,14258421,2026-02-10T22:00:00Z,2026-02-11T06:00:00+08:00,41.9,PM2.5,µg/m³
Valenzuela,5975180,14258421,2026-02-10T23:00:00Z,2026-02-11T07:00:00+08:00,40.2,PM2.5,µg/m³
Valenzuela,5975180,14258421,2026-02-11T00:00:00Z,2026-02-11T08:00:00+08:00,41.8,PM2.5,µg/m³
Valenzuela,5975180,14258421,2026-02-11T01:00:00Z,2026-02-11T09:00:00+08:00,35.2,PM2.5,µg/m³
Valenzuela,5975180,14258421,2026-02-11T02:00:00Z,2026-02-11T10:00:00+08:00,29.6,PM2.5,µg/m³
Valenzuela,5975180,14258421,2026-02-11T03:00:00Z,2026-02-11T11:00:00+08:00,25.1,PM2.5,µg/m³
Valenzuela,5975180,14258421,2026-02-11T04:00:00Z,2026-02-11T12:00:00+08:00,14.3,PM2.5,µg/m³
Valenzuela,5975180,14258421,2026-02-11T05:00:00Z,2026-02-11T13:00:00+08:00,19.4,PM2.5,µg/m³
Valenzuela,5975180,14258421,2026-02-11T06:00:00Z,2026-02-11T14:00:00+08:00,20.7,PM2.5,µg/m³
Valenzuela,5975180,14258421,2026-02-11T07:00:00Z,2026-02-11T15:00:00+08:00,15.5,PM2.5,µg/m³
Valenzuela,5975180,14258421,2026-02-11T08:00:00Z,2026-02-11T16:00:00+08:00,17.9,PM2.5,µg/m³
Valenzuela,5975180,14258421,2026-02-11T09:00:00Z,2026-02-11T17:00:00+08:00,23.0,PM2.5,µg/m³
Valenzuela,5975180,14258421,2026-02-11T10:00:00Z,2026-02-11T18:00:00+08:00,21.2,PM2.5,µg/m³
Valenzuela,5975180,14258421,2026-02-11T11:00:00Z,2026-02-11T19:00:00+08:00,28.8,PM2.5,µg/m³
Valenzuela,5975180,14258421,2026-02-11T12:00:00Z,2026-02-11T20:00:00+08:00,30.3,PM2.5,µg/m³
Valenzuela,5975180,14258421,2026-02-11T13:00:00Z,2026-02-11T21:00:00+08:00,28.3,PM2.5,µg/m³
Valenzuela,5975180,14258421,2026-02-11T14:00:00Z,2026-02-11T22:00:00+08:00,9.49,PM2.5,µg/m³
Valenzuela,5975180,14258421,2026-02-11T15:00:00Z,2026-02-11T23:00:00+08:00,5.49,PM2.5,µg/m³
Valenzuela,5975180,14258421,2026-02-11T16:00:00Z,2026-02-12T00:00:00+08:00,23.3,PM2.5,µg/m³
Valenzuela,5975180,14258421,2026-02-11T17:00:00Z,2026-02-12T01:00:00+08:00,27.0,PM2.5,µg/m³
Valenzuela,5975180,14258421,2026-02-11T18:00:00Z,2026-02-12T02:00:00+08:00,18.5,PM2.5,µg/m³
Valenzuela,5975180,14258421,2026-02-11T19:00:00Z,2026-02-12T03:00:00+08:00,12.2,PM2.5,µg/m³
Valenzuela,5975180,14258421,2026-02-11T20:00:00Z,2026-02-12T04:00:00+08:00,15.1,PM2.5,µg/m³
Valenzuela,5975180,14258421,2026-02-11T21:00:00Z,2026-02-12T05:00:00+08:00,19.6,PM2.5,µg/m³
Valenzuela,5975180,14258421,2026-02-11T22:00:00Z,2026-02-12T06:00:00+08:00,33.1,PM2.5,µg/m³
Valenzuela,5975180,14258421,2026-02-11T23:00:00Z,2026-02-12T07:00:00+08:00,53.1,PM2.5,µg/m³
Valenzuela,5975180,14258421,2026-02-12T00:00:00Z,2026-02-12T08:00:00+08:00,54.1,PM2.5,µg/m³
Valenzuela,5975180,14258421,2026-02-12T01:00:00Z,2026-02-12T09:00:00+08:00,33.7,PM2.5,µg/m³
Valenzuela,5975180,14258421,2026-02-12T02:00:00Z,2026-02-12T10:00:00+08:00,24.1,PM2.5,µg/m³
Valenzuela,5975180,14258421,2026-02-12T03:00:00Z,2026-02-12T11:00:00+08:00,21.1,PM2.5,µg/m³
Valenzuela,5975180,14258421,2026-02-12T04:00:00Z,2026-02-12T12:00:00+08:00,33.4,PM2.5,µg/m³
Valenzuela,5975180,14258421,2026-02-12T05:00:00Z,2026-02-12T13:00:00+08:00,38.8,PM2.5,µg/m³
Valenzuela,5975180,14258421,2026-02-12T06:00:00Z,2026-02-12T14:00:00+08:00,8.43,PM2.5,µg/m³
Valenzuela,5975180,14258421,2026-02-12T07:00:00Z,2026-02-12T15:00:00+08:00,3.48,PM2.5,µg/m³
Valenzuela,5975180,14258421,2026-02-12T08:00:00Z,2026-02-12T16:00:00+08:00,2.88,PM2.5,µg/m³
Valenzuela,5975180,14258421,2026-02-12T09:00:00Z,2026-02-12T17:00:00+08:00,4.48,PM2.5,µg/m³
Valenzuela,5975180,14258421,2026-02-12T10:00:00Z,2026-02-12T18:00:00+08:00,16.4,PM2.5,µg/m³
Valenzuela,5975180,14258421,2026-02-12T11:00:00Z,2026-02-12T19:00:00+08:00,23.8,PM2.5,µg/m³
Valenzuela,5975180,14258421,2026-02-12T12:00:00Z,2026-02-12T20:00:00+08:00,34.4,PM2.5,µg/m³
Valenzuela,5975180,14258421,2026-02-12T13:00:00Z,2026-02-12T21:00:00+08:00,32.0,PM2.5,µg/m³
Valenzuela,5975180,14258421,2026-02-12T14:00:00Z,2026-02-12T22:00:00+08:00,37.4,PM2.5,µg/m³
Valenzuela,5975180,14258421,2026-02-12T15:00:00Z,2026-02-12T23:00:00+08:00,35.1,PM2.5,µg/m³
Valenzuela,5975180,14258421,2026-02-12T16:00:00Z,2026-02-13T00:00:00+08:00,35.2,PM2.5,µg/m³
Valenzuela,5975180,14258421,2026-02-12T17:00:00Z,2026-02-13T01:00:00+08:00,30.5,PM2.5,µg/m³
Valenzuela,5975180,14258421,2026-02-12T18:00:00Z,2026-02-13T02:00:00+08:00,31.3,PM2.5,µg/m³
Valenzuela,5975180,14258421,2026-02-12T19:00:00Z,2026-02-13T03:00:00+08:00,31.4,PM2.5,µg/m³
Valenzuela,5975180,14258421,2026-02-12T20:00:00Z,2026-02-13T04:00:00+08:00,21.2,PM2.5,µg/m³
Valenzuela,5975180,14258421,2026-02-12T21:00:00Z,2026-02-13T05:00:00+08:00,38.6,PM2.5,µg/m³
Valenzuela,5975180,14258421,2026-02-12T22:00:00Z,2026-02-13T06:00:00+08:00,45.9,PM2.5,µg/m³
Valenzuela,5975180,14258421,2026-02-12T23:00:00Z,2026-02-13T07:00:00+08:00,97.7,PM2.5,µg/m³
Valenzuela,5975180,14258421,2026-02-13T00:00:00Z,2026-02-13T08:00:00+08:00,59.9,PM2.5,µg/m³
Valenzuela,5975180,14258421,2026-02-13T01:00:00Z,2026-02-13T09:00:00+08:00,16.2,PM2.5,µg/m³
Valenzuela,5975180,14258421,2026-02-13T02:00:00Z,2026-02-13T10:00:00+08:00,5.99,PM2.5,µg/m³
Valenzuela,5975180,14258421,2026-02-13T03:00:00Z,2026-02-13T11:00:00+08:00,9.43,PM2.5,µg/m³
Valenzuela,5975180,14258421,2026-02-13T04:00:00Z,2026-02-13T12:00:00+08:00,20.0,PM2.5,µg/m³
Valenzuela,5975180,14258421,2026-02-13T05:00:00Z,2026-02-13T13:00:00+08:00,29.8,PM2.5,µg/m³
Valenzuela,5975180,14258421,2026-02-13T06:00:00Z,2026-02-13T14:00:00+08:00,1.26,PM2.5,µg/m³
Valenzuela,5975180,14258421,2026-02-13T07:00:00Z,2026-02-13T15:00:00+08:00,3.81,PM2.5,µg/m³
Valenzuela,5975180,14258421,2026-02-13T08:00:00Z,2026-02-13T16:00:00+08:00,2.43,PM2.5,µg/m³
Valenzuela,5975180,14258421,2026-02-13T09:00:00Z,2026-02-13T17:00:00+08:00,1.16,PM2.5,µg/m³
Valenzuela,5975180,14258421,2026-02-13T10:00:00Z,2026-02-13T18:00:00+08:00,3.74,PM2.5,µg/m³
Valenzuela,5975180,14258421,2026-02-13T11:00:00Z,2026-02-13T19:00:00+08:00,9.38,PM2.5,µg/m³
Valenzuela,5975180,14258421,2026-02-16T08:00:00Z,2026-02-16T16:00:00+08:00,15.0,PM2.5,µg/m³
Valenzuela,5975180,14258421,2026-02-16T09:00:00Z,2026-02-16T17:00:00+08:00,18.1,PM2.5,µg/m³
Valenzuela,5975180,14258421,2026-02-16T10:00:00Z,2026-02-16T18:00:00+08:00,22.9,PM2.5,µg/m³
Valenzuela,5975180,14258421,2026-02-16T11:00:00Z,2026-02-16T19:00:00+08:00,41.5,PM2.5,µg/m³
Valenzuela,5975180,14258421,2026-02-16T12:00:00Z,2026-02-16T20:00:00+08:00,47.9,PM2.5,µg/m³
Valenzuela,5975180,14258421,2026-02-16T13:00:00Z,2026-02-16T21:00:00+08:00,33.7,PM2.5,µg/m³
Valenzuela,5975180,14258421,2026-02-16T14:00:00Z,2026-02-16T22:00:00+08:00,19.1,PM2.5,µg/m³
Valenzuela,5975180,14258421,2026-02-16T15:00:00Z,2026-02-16T23:00:00+08:00,19.9,PM2.5,µg/m³
Valenzuela,5975180,14258421,2026-02-16T16:00:00Z,2026-02-17T00:00:00+08:00,33.8,PM2.5,µg/m³
Valenzuela,5975180,14258421,2026-02-16T17:00:00Z,2026-02-17T01:00:00+08:00,40.3,PM2.5,µg/m³
Valenzuela,5975180,14258421,2026-02-16T18:00:00Z,2026-02-17T02:00:00+08:00,38.0,PM2.5,µg/m³
Valenzuela,5975180,14258421,2026-02-16T19:00:00Z,2026-02-17T03:00:00+08:00,44.0,PM2.5,µg/m³
Valenzuela,5975180,14258421,2026-02-16T20:00:00Z,2026-02-17T04:00:00+08:00,27.0,PM2.5,µg/m³
Valenzuela,5975180,14258421,2026-02-16T21:00:00Z,2026-02-17T05:00:00+08:00,38.5,PM2.5,µg/m³
Valenzuela,5975180,14258421,2026-02-16T22:00:00Z,2026-02-17T06:00:00+08:00,43.2,PM2.5,µg/m³
Valenzuela,5975180,14258421,2026-02-16T23:00:00Z,2026-02-17T07:00:00+08:00,77.7,PM2.5,µg/m³
Valenzuela,5975180,14258421,2026-02-17T00:00:00Z,2026-02-17T08:00:00+08:00,47.8,PM2.5,µg/m³
Valenzuela,5975180,14258421,2026-02-17T01:00:00Z,2026-02-17T09:00:00+08:00,39.4,PM2.5,µg/m³
Valenzuela,5975180,14258421,2026-02-17T02:00:00Z,2026-02-17T10:00:00+08:00,30.4,PM2.5,µg/m³
Valenzuela,5975180,14258421,2026-02-17T03:00:00Z,2026-02-17T11:00:00+08:00,50.1,PM2.5,µg/m³
Valenzuela,5975180,14258421,2026-02-17T04:00:00Z,2026-02-17T12:00:00+08:00,41.5,PM2.5,µg/m³
Valenzuela,5975180,14258421,2026-02-17T05:00:00Z,2026-02-17T13:00:00+08:00,40.2,PM2.5,µg/m³
Valenzuela,5975180,14258421,2026-02-17T06:00:00Z,2026-02-17T14:00:00+08:00,32.3,PM2.5,µg/m³
Valenzuela,5975180,14258421,2026-02-17T07:00:00Z,2026-02-17T15:00:00+08:00,30.4,PM2.5,µg/m³
Valenzuela,5975180,14258421,2026-02-17T08:00:00Z,2026-02-17T16:00:00+08:00,26.5,PM2.5,µg/m³
Valenzuela,5975180,14258421,2026-02-17T09:00:00Z,2026-02-17T17:00:00+08:00,19.3,PM2.5,µg/m³
Valenzuela,5975180,14258421,2026-02-17T10:00:00Z,2026-02-17T18:00:00+08:00,23.7,PM2.5,µg/m³
Valenzuela,5975180,14258421,2026-02-17T11:00:00Z,2026-02-17T19:00:00+08:00,37.6,PM2.5,µg/m³
Valenzuela,5975180,14258421,2026-02-17T12:00:00Z,2026-02-17T20:00:00+08:00,30.8,PM2.5,µg/m³
Valenzuela,5975180,14258421,2026-02-17T13:00:00Z,2026-02-17T21:00:00+08:00,15.5,PM2.5,µg/m³
Valenzuela,5975180,14258421,2026-02-17T14:00:00Z,2026-02-17T22:00:00+08:00,20.7,PM2.5,µg/m³
Valenzuela,5975180,14258421,2026-02-17T15:00:00Z,2026-02-17T23:00:00+08:00,34.8,PM2.5,µg/m³
Valenzuela,5975180,14258421,2026-02-17T16:00:00Z,2026-02-18T00:00:00+08:00,48.9,PM2.5,µg/m³
Valenzuela,5975180,14258421,2026-02-17T17:00:00Z,2026-02-18T01:00:00+08:00,50.7,PM2.5,µg/m³
Valenzuela,5975180,14258421,2026-02-17T18:00:00Z,2026-02-18T02:00:00+08:00,39.6,PM2.5,µg/m³
Valenzuela,5975180,14258421,2026-02-17T19:00:00Z,2026-02-18T03:00:00+08:00,44.8,PM2.5,µg/m³
Valenzuela,5975180,14258421,2026-02-17T20:00:00Z,2026-02-18T04:00:00+08:00,31.9,PM2.5,µg/m³
Valenzuela,5975180,14258421,2026-02-17T21:00:00Z,2026-02-18T05:00:00+08:00,31.2,PM2.5,µg/m³
Valenzuela,5975180,14258421,2026-02-17T22:00:00Z,2026-02-18T06:00:00+08:00,51.1,PM2.5,µg/m³
Valenzuela,5975180,14258421,2026-02-17T23:00:00Z,2026-02-18T07:00:00+08:00,63.1,PM2.5,µg/m³
Valenzuela,5975180,14258421,2026-02-18T00:00:00Z,2026-02-18T08:00:00+08:00,49.4,PM2.5,µg/m³
Valenzuela,5975180,14258421,2026-02-18T01:00:00Z,2026-02-18T09:00:00+08:00,23.7,PM2.5,µg/m³
Valenzuela,5975180,14258421,2026-02-18T02:00:00Z,2026-02-18T10:00:00+08:00,9.14,PM2.5,µg/m³
Valenzuela,5975180,14258421,2026-02-18T03:00:00Z,2026-02-18T11:00:00+08:00,1.21,PM2.5,µg/m³
Valenzuela,5975180,14258421,2026-02-18T04:00:00Z,2026-02-18T12:00:00+08:00,1.24,PM2.5,µg/m³
Valenzuela,5975180,14258421,2026-02-18T05:00:00Z,2026-02-18T13:00:00+08:00,1.28,PM2.5,µg/m³
Valenzuela,5975180,14258421,2026-02-18T06:00:00Z,2026-02-18T14:00:00+08:00,2.34,PM2.5,µg/m³
Valenzuela,5975180,14258421,2026-02-18T07:00:00Z,2026-02-18T15:00:00+08:00,2.08,PM2.5,µg/m³
Valenzuela,5975180,14258421,2026-02-18T08:00:00Z,2026-02-18T16:00:00+08:00,3.37,PM2.5,µg/m³
Valenzuela,5975180,14258421,2026-02-18T09:00:00Z,2026-02-18T17:00:00+08:00,2.92,PM2.5,µg/m³
Valenzuela,5975180,14258421,2026-02-18T10:00:00Z,2026-02-18T18:00:00+08:00,4.06,PM2.5,µg/m³
Valenzuela,5975180,14258421,2026-02-18T11:00:00Z,2026-02-18T19:00:00+08:00,6.61,PM2.5,µg/m³
Valenzuela,5975180,14258421,2026-02-18T12:00:00Z,2026-02-18T20:00:00+08:00,13.3,PM2.5,µg/m³
Valenzuela,5975180,14258421,2026-02-18T13:00:00Z,2026-02-18T21:00:00+08:00,28.3,PM2.5,µg/m³
Valenzuela,5975180,14258421,2026-02-18T14:00:00Z,2026-02-18T22:00:00+08:00,27.6,PM2.5,µg/m³
Valenzuela,5975180,14258421,2026-02-18T15:00:00Z,2026-02-18T23:00:00+08:00,25.8,PM2.5,µg/m³
Valenzuela,5975180,14258421,2026-02-18T16:00:00Z,2026-02-19T00:00:00+08:00,19.4,PM2.5,µg/m³
Valenzuela,5975180,14258421,2026-02-18T17:00:00Z,2026-02-19T01:00:00+08:00,24.3,PM2.5,µg/m³
Valenzuela,5975180,14258421,2026-02-18T18:00:00Z,2026-02-19T02:00:00+08:00,26.8,PM2.5,µg/m³
Valenzuela,5975180,14258421,2026-02-18T19:00:00Z,2026-02-19T03:00:00+08:00,24.1,PM2.5,µg/m³
Valenzuela,5975180,14258421,2026-02-18T20:00:00Z,2026-02-19T04:00:00+08:00,28.7,PM2.5,µg/m³
Valenzuela,5975180,14258421,2026-02-18T21:00:00Z,2026-02-19T05:00:00+08:00,28.5,PM2.5,µg/m³
Valenzuela,5975180,14258421,2026-02-18T22:00:00Z,2026-02-19T06:00:00+08:00,37.6,PM2.5,µg/m³
Valenzuela,5975180,14258421,2026-02-18T23:00:00Z,2026-02-19T07:00:00+08:00,42.9,PM2.5,µg/m³
Valenzuela,5975180,14258421,2026-02-19T00:00:00Z,2026-02-19T08:00:00+08:00,37.4,PM2.5,µg/m³
Valenzuela,5975180,14258421,2026-02-19T01:00:00Z,2026-02-19T09:00:00+08:00,21.1,PM2.5,µg/m³
Valenzuela,5975180,14258421,2026-02-19T02:00:00Z,2026-02-19T10:00:00+08:00,44.5,PM2.5,µg/m³
Valenzuela,5975180,14258421,2026-02-19T03:00:00Z,2026-02-19T11:00:00+08:00,35.4,PM2.5,µg/m³
Valenzuela,5975180,14258421,2026-02-19T04:00:00Z,2026-02-19T12:00:00+08:00,1.72,PM2.5,µg/m³
Valenzuela,5975180,14258421,2026-02-19T05:00:00Z,2026-02-19T13:00:00+08:00,1.19,PM2.5,µg/m³
Valenzuela,5975180,14258421,2026-02-19T06:00:00Z,2026-02-19T14:00:00+08:00,3.44,PM2.5,µg/m³
Valenzuela,5975180,14258421,2026-02-19T07:00:00Z,2026-02-19T15:00:00+08:00,3.71,PM2.5,µg/m³
Valenzuela,5975180,14258421,2026-02-19T08:00:00Z,2026-02-19T16:00:00+08:00,1.45,PM2.5,µg/m³
Valenzuela,5975180,14258421,2026-02-19T09:00:00Z,2026-02-19T17:00:00+08:00,4.94,PM2.5,µg/m³
Valenzuela,5975180,14258421,2026-02-19T10:00:00Z,2026-02-19T18:00:00+08:00,11.0,PM2.5,µg/m³
Valenzuela,5975180,14258421,2026-02-19T11:00:00Z,2026-02-19T19:00:00+08:00,13.0,PM2.5,µg/m³
Valenzuela,5975180,14258421,2026-02-19T12:00:00Z,2026-02-19T20:00:00+08:00,28.7,PM2.5,µg/m³
Valenzuela,5975180,14258421,2026-02-19T13:00:00Z,2026-02-19T21:00:00+08:00,38.5,PM2.5,µg/m³
Valenzuela,5975180,14258421,2026-02-19T14:00:00Z,2026-02-19T22:00:00+08:00,27.3,PM2.5,µg/m³
Valenzuela,5975180,14258421,2026-02-19T15:00:00Z,2026-02-19T23:00:00+08:00,26.7,PM2.5,µg/m³
Valenzuela,5975180,14258421,2026-02-19T16:00:00Z,2026-02-20T00:00:00+08:00,33.1,PM2.5,µg/m³
Valenzuela,5975180,14258421,2026-02-19T17:00:00Z,2026-02-20T01:00:00+08:00,29.7,PM2.5,µg/m³
Valenzuela,5975180,14258421,2026-02-19T18:00:00Z,2026-02-20T02:00:00+08:00,22.3,PM2.5,µg/m³
Valenzuela,5975180,14258421,2026-02-19T19:00:00Z,2026-02-20T03:00:00+08:00,21.6,PM2.5,µg/m³
Valenzuela,5975180,14258421,2026-02-19T20:00:00Z,2026-02-20T04:00:00+08:00,25.2,PM2.5,µg/m³
Valenzuela,5975180,14258421,2026-02-19T21:00:00Z,2026-02-20T05:00:00+08:00,29.7,PM2.5,µg/m³
Valenzuela,5975180,14258421,2026-02-19T22:00:00Z,2026-02-20T06:00:00+08:00,38.7,PM2.5,µg/m³
Valenzuela,5975180,14258421,2026-02-19T23:00:00Z,2026-02-20T07:00:00+08:00,47.2,PM2.5,µg/m³
Valenzuela,5975180,14258421,2026-02-20T00:00:00Z,2026-02-20T08:00:00+08:00,53.5,PM2.5,µg/m³
Valenzuela,5975180,14258421,2026-02-20T01:00:00Z,2026-02-20T09:00:00+08:00,39.4,PM2.5,µg/m³
Valenzuela,5975180,14258421,2026-02-20T02:00:00Z,2026-02-20T10:00:00+08:00,41.6,PM2.5,µg/m³
Valenzuela,5975180,14258421,2026-02-20T03:00:00Z,2026-02-20T11:00:00+08:00,36.4,PM2.5,µg/m³
Valenzuela,5975180,14258421,2026-02-20T04:00:00Z,2026-02-20T12:00:00+08:00,33.2,PM2.5,µg/m³
Valenzuela,5975180,14258421,2026-02-20T05:00:00Z,2026-02-20T13:00:00+08:00,33.1,PM2.5,µg/m³
Valenzuela,5975180,14258421,2026-02-20T06:00:00Z,2026-02-20T14:00:00+08:00,18.9,PM2.5,µg/m³
Valenzuela,5975180,14258421,2026-02-20T07:00:00Z,2026-02-20T15:00:00+08:00,10.3,PM2.5,µg/m³
Valenzuela,5975180,14258421,2026-02-20T08:00:00Z,2026-02-20T16:00:00+08:00,5.3,PM2.5,µg/m³
Valenzuela,5975180,14258421,2026-02-20T09:00:00Z,2026-02-20T17:00:00+08:00,8.12,PM2.5,µg/m³
Valenzuela,5975180,14258421,2026-02-20T10:00:00Z,2026-02-20T18:00:00+08:00,20.2,PM2.5,µg/m³
Valenzuela,5975180,14258421,2026-02-20T11:00:00Z,2026-02-20T19:00:00+08:00,27.4,PM2.5,µg/m³
Valenzuela,5975180,14258421,2026-02-20T12:00:00Z,2026-02-20T20:00:00+08:00,26.9,PM2.5,µg/m³
Valenzuela,5975180,14258421,2026-02-20T13:00:00Z,2026-02-20T21:00:00+08:00,26.8,PM2.5,µg/m³
Valenzuela,5975180,14258421,2026-02-20T14:00:00Z,2026-02-20T22:00:00+08:00,38.5,PM2.5,µg/m³
Valenzuela,5975180,14258421,2026-02-20T15:00:00Z,2026-02-20T23:00:00+08:00,46.7,PM2.5,µg/m³
Valenzuela,5975180,14258421,2026-02-20T16:00:00Z,2026-02-21T00:00:00+08:00,43.1,PM2.5,µg/m³
Valenzuela,5975180,14258421,2026-02-20T17:00:00Z,2026-02-21T01:00:00+08:00,42.7,PM2.5,µg/m³
Valenzuela,5975180,14258421,2026-02-20T18:00:00Z,2026-02-21T02:00:00+08:00,50.5,PM2.5,µg/m³
Valenzuela,5975180,14258421,2026-02-20T19:00:00Z,2026-02-21T03:00:00+08:00,61.4,PM2.5,µg/m³
Valenzuela,5975180,14258421,2026-02-20T20:00:00Z,2026-02-21T04:00:00+08:00,61.0,PM2.5,µg/m³
Valenzuela,5975180,14258421,2026-02-20T21:00:00Z,2026-02-21T05:00:00+08:00,51.9,PM2.5,µg/m³
Valenzuela,5975180,14258421,2026-02-20T22:00:00Z,2026-02-21T06:00:00+08:00,73.4,PM2.5,µg/m³
Valenzuela,5975180,14258421,2026-02-20T23:00:00Z,2026-02-21T07:00:00+08:00,65.3,PM2.5,µg/m³
Valenzuela,5975180,14258421,2026-02-21T00:00:00Z,2026-02-21T08:00:00+08:00,49.5,PM2.5,µg/m³
Valenzuela,5975180,14258421,2026-02-21T01:00:00Z,2026-02-21T09:00:00+08:00,59.8,PM2.5,µg/m³
Valenzuela,5975180,14258421,2026-02-21T02:00:00Z,2026-02-21T10:00:00+08:00,45.8,PM2.5,µg/m³
Valenzuela,5975180,14258421,2026-02-21T03:00:00Z,2026-02-21T11:00:00+08:00,31.9,PM2.5,µg/m³
Valenzuela,5975180,14258421,2026-02-21T04:00:00Z,2026-02-21T12:00:00+08:00,25.2,PM2.5,µg/m³
Valenzuela,5975180,14258421,2026-02-21T05:00:00Z,2026-02-21T13:00:00+08:00,28.0,PM2.5,µg/m³
Valenzuela,5975180,14258421,2026-02-21T06:00:00Z,2026-02-21T14:00:00+08:00,12.5,PM2.5,µg/m³
Valenzuela,5975180,14258421,2026-02-21T07:00:00Z,2026-02-21T15:00:00+08:00,15.1,PM2.5,µg/m³
Valenzuela,5975180,14258421,2026-02-21T08:00:00Z,2026-02-21T16:00:00+08:00,26.5,PM2.5,µg/m³
Valenzuela,5975180,14258421,2026-02-21T09:00:00Z,2026-02-21T17:00:00+08:00,21.9,PM2.5,µg/m³
Valenzuela,5975180,14258421,2026-02-21T10:00:00Z,2026-02-21T18:00:00+08:00,28.0,PM2.5,µg/m³
Valenzuela,5975180,14258421,2026-02-21T11:00:00Z,2026-02-21T19:00:00+08:00,24.3,PM2.5,µg/m³
Valenzuela,5975180,14258421,2026-02-21T12:00:00Z,2026-02-21T20:00:00+08:00,28.6,PM2.5,µg/m³
Valenzuela,5975180,14258421,2026-02-21T13:00:00Z,2026-02-21T21:00:00+08:00,30.4,PM2.5,µg/m³
Valenzuela,5975180,14258421,2026-02-21T14:00:00Z,2026-02-21T22:00:00+08:00,37.1,PM2.5,µg/m³
Valenzuela,5975180,14258421,2026-02-21T15:00:00Z,2026-02-21T23:00:00+08:00,25.9,PM2.5,µg/m³
Valenzuela,5975180,14258421,2026-02-21T16:00:00Z,2026-02-22T00:00:00+08:00,37.1,PM2.5,µg/m³
Valenzuela,5975180,14258421,2026-02-21T17:00:00Z,2026-02-22T01:00:00+08:00,48.0,PM2.5,µg/m³
Valenzuela,5975180,14258421,2026-02-21T18:00:00Z,2026-02-22T02:00:00+08:00,43.3,PM2.5,µg/m³
Valenzuela,5975180,14258421,2026-02-21T19:00:00Z,2026-02-22T03:00:00+08:00,41.1,PM2.5,µg/m³
Valenzuela,5975180,14258421,2026-02-21T20:00:00Z,2026-02-22T04:00:00+08:00,69.4,PM2.5,µg/m³
Valenzuela,5975180,14258421,2026-02-21T21:00:00Z,2026-02-22T05:00:00+08:00,70.8,PM2.5,µg/m³
Valenzuela,5975180,14258421,2026-02-21T22:00:00Z,2026-02-22T06:00:00+08:00,83.9,PM2.5,µg/m³
Valenzuela,5975180,14258421,2026-02-21T23:00:00Z,2026-02-22T07:00:00+08:00,63.8,PM2.5,µg/m³
Valenzuela,5975180,14258421,2026-02-22T00:00:00Z,2026-02-22T08:00:00+08:00,53.0,PM2.5,µg/m³
Valenzuela,5975180,14258421,2026-02-22T01:00:00Z,2026-02-22T09:00:00+08:00,41.9,PM2.5,µg/m³
Valenzuela,5975180,14258421,2026-02-22T02:00:00Z,2026-02-22T10:00:00+08:00,30.5,PM2.5,µg/m³
Valenzuela,5975180,14258421,2026-02-22T03:00:00Z,2026-02-22T11:00:00+08:00,34.2,PM2.5,µg/m³
Valenzuela,5975180,14258421,2026-02-22T04:00:00Z,2026-02-22T12:00:00+08:00,33.7,PM2.5,µg/m³
Valenzuela,5975180,14258421,2026-02-22T05:00:00Z,2026-02-22T13:00:00+08:00,37.2,PM2.5,µg/m³
Valenzuela,5975180,14258421,2026-02-22T06:00:00Z,2026-02-22T14:00:00+08:00,32.6,PM2.5,µg/m³
Valenzuela,5975180,14258421,2026-02-22T07:00:00Z,2026-02-22T15:00:00+08:00,30.7,PM2.5,µg/m³
Valenzuela,5975180,14258421,2026-02-22T08:00:00Z,2026-02-22T16:00:00+08:00,21.6,PM2.5,µg/m³
Valenzuela,5975180,14258421,2026-02-22T09:00:00Z,2026-02-22T17:00:00+08:00,20.5,PM2.5,µg/m³
Valenzuela,5975180,14258421,2026-02-22T10:00:00Z,2026-02-22T18:00:00+08:00,25.7,PM2.5,µg/m³
Valenzuela,5975180,14258421,2026-02-22T11:00:00Z,2026-02-22T19:00:00+08:00,20.0,PM2.5,µg/m³
Valenzuela,5975180,14258421,2026-02-22T12:00:00Z,2026-02-22T20:00:00+08:00,26.5,PM2.5,µg/m³
Valenzuela,5975180,14258421,2026-02-22T13:00:00Z,2026-02-22T21:00:00+08:00,9.88,PM2.5,µg/m³
Valenzuela,5975180,14258421,2026-02-22T14:00:00Z,2026-02-22T22:00:00+08:00,38.4,PM2.5,µg/m³
Valenzuela,5975180,14258421,2026-02-22T15:00:00Z,2026-02-22T23:00:00+08:00,33.6,PM2.5,µg/m³
Valenzuela,5975180,14258421,2026-02-22T16:00:00Z,2026-02-23T00:00:00+08:00,26.8,PM2.5,µg/m³
Valenzuela,5975180,14258421,2026-02-22T17:00:00Z,2026-02-23T01:00:00+08:00,34.1,PM2.5,µg/m³
Valenzuela,5975180,14258421,2026-02-22T18:00:00Z,2026-02-23T02:00:00+08:00,50.9,PM2.5,µg/m³
Valenzuela,5975180,14258421,2026-02-22T19:00:00Z,2026-02-23T03:00:00+08:00,27.1,PM2.5,µg/m³
Valenzuela,5975180,14258421,2026-02-22T20:00:00Z,2026-02-23T04:00:00+08:00,18.0,PM2.5,µg/m³
Valenzuela,5975180,14258421,2026-02-22T21:00:00Z,2026-02-23T05:00:00+08:00,45.8,PM2.5,µg/m³
Valenzuela,5975180,14258421,2026-02-22T22:00:00Z,2026-02-23T06:00:00+08:00,48.8,PM2.5,µg/m³
Valenzuela,5975180,14258421,2026-02-22T23:00:00Z,2026-02-23T07:00:00+08:00,56.9,PM2.5,µg/m³
Valenzuela,5975180,14258421,2026-02-23T00:00:00Z,2026-02-23T08:00:00+08:00,58.7,PM2.5,µg/m³
Valenzuela,5975180,14258421,2026-02-23T01:00:00Z,2026-02-23T09:00:00+08:00,33.8,PM2.5,µg/m³
Valenzuela,5975180,14258421,2026-02-23T02:00:00Z,2026-02-23T10:00:00+08:00,33.8,PM2.5,µg/m³
Valenzuela,5975180,14258421,2026-02-23T03:00:00Z,2026-02-23T11:00:00+08:00,12.9,PM2.5,µg/m³
Valenzuela,5975180,14258421,2026-02-23T04:00:00Z,2026-02-23T12:00:00+08:00,1.12,PM2.5,µg/m³
Valenzuela,5975180,14258421,2026-02-23T05:00:00Z,2026-02-23T13:00:00+08:00,0.645,PM2.5,µg/m³
Valenzuela,5975180,14258421,2026-02-23T06:00:00Z,2026-02-23T14:00:00+08:00,2.01,PM2.5,µg/m³
Valenzuela,5975180,14258421,2026-02-23T07:00:00Z,2026-02-23T15:00:00+08:00,1.07,PM2.5,µg/m³
Valenzuela,5975180,14258421,2026-02-23T08:00:00Z,2026-02-23T16:00:00+08:00,0.657,PM2.5,µg/m³
Valenzuela,5975180,14258421,2026-02-23T09:00:00Z,2026-02-23T17:00:00+08:00,1.36,PM2.5,µg/m³
Valenzuela,5975180,14258421,2026-02-23T10:00:00Z,2026-02-23T18:00:00+08:00,3.53,PM2.5,µg/m³
Valenzuela,5975180,14258421,2026-02-23T11:00:00Z,2026-02-23T19:00:00+08:00,13.1,PM2.5,µg/m³
Valenzuela,5975180,14258421,2026-02-23T12:00:00Z,2026-02-23T20:00:00+08:00,8.6,PM2.5,µg/m³
Valenzuela,5975180,14258421,2026-02-23T13:00:00Z,2026-02-23T21:00:00+08:00,24.1,PM2.5,µg/m³
Valenzuela,5975180,14258421,2026-02-23T14:00:00Z,2026-02-23T22:00:00+08:00,13.9,PM2.5,µg/m³
Valenzuela,5975180,14258421,2026-02-23T15:00:00Z,2026-02-23T23:00:00+08:00,34.8,PM2.5,µg/m³
Valenzuela,5975180,14258421,2026-02-23T16:00:00Z,2026-02-24T00:00:00+08:00,38.9,PM2.5,µg/m³
Valenzuela,5975180,14258421,2026-02-23T17:00:00Z,2026-02-24T01:00:00+08:00,39.2,PM2.5,µg/m³
Valenzuela,5975180,14258421,2026-02-23T18:00:00Z,2026-02-24T02:00:00+08:00,37.6,PM2.5,µg/m³
Valenzuela,5975180,14258421,2026-02-23T19:00:00Z,2026-02-24T03:00:00+08:00,36.0,PM2.5,µg/m³
Valenzuela,5975180,14258421,2026-02-23T20:00:00Z,2026-02-24T04:00:00+08:00,35.7,PM2.5,µg/m³
Valenzuela,5975180,14258421,2026-02-23T21:00:00Z,2026-02-24T05:00:00+08:00,27.8,PM2.5,µg/m³
Valenzuela,5975180,14258421,2026-02-23T22:00:00Z,2026-02-24T06:00:00+08:00,37.6,PM2.5,µg/m³
Valenzuela,5975180,14258421,2026-02-23T23:00:00Z,2026-02-24T07:00:00+08:00,41.7,PM2.5,µg/m³
Valenzuela,5975180,14258421,2026-02-24T00:00:00Z,2026-02-24T08:00:00+08:00,48.6,PM2.5,µg/m³
Valenzuela,5975180,14258421,2026-02-24T01:00:00Z,2026-02-24T09:00:00+08:00,49.9,PM2.5,µg/m³
Valenzuela,5975180,14258421,2026-02-24T02:00:00Z,2026-02-24T10:00:00+08:00,64.5,PM2.5,µg/m³
Valenzuela,5975180,14258421,2026-02-24T03:00:00Z,2026-02-24T11:00:00+08:00,54.4,PM2.5,µg/m³
Valenzuela,5975180,14258421,2026-02-24T04:00:00Z,2026-02-24T12:00:00+08:00,61.8,PM2.5,µg/m³
Valenzuela,5975180,14258421,2026-02-24T05:00:00Z,2026-02-24T13:00:00+08:00,47.2,PM2.5,µg/m³
Valenzuela,5975180,14258421,2026-02-24T06:00:00Z,2026-02-24T14:00:00+08:00,45.8,PM2.5,µg/m³
Valenzuela,5975180,14258421,2026-02-24T07:00:00Z,2026-02-24T15:00:00+08:00,39.5,PM2.5,µg/m³
Valenzuela,5975180,14258421,2026-02-24T08:00:00Z,2026-02-24T16:00:00+08:00,40.4,PM2.5,µg/m³
Valenzuela,5975180,14258421,2026-02-24T09:00:00Z,2026-02-24T17:00:00+08:00,34.2,PM2.5,µg/m³
Valenzuela,5975180,14258421,2026-02-24T10:00:00Z,2026-02-24T18:00:00+08:00,28.3,PM2.5,µg/m³
Valenzuela,5975180,14258421,2026-02-24T11:00:00Z,2026-02-24T19:00:00+08:00,32.8,PM2.5,µg/m³
Valenzuela,5975180,14258421,2026-02-24T12:00:00Z,2026-02-24T20:00:00+08:00,33.1,PM2.5,µg/m³
Valenzuela,5975180,14258421,2026-02-24T13:00:00Z,2026-02-24T21:00:00+08:00,38.2,PM2.5,µg/m³
Valenzuela,5975180,14258421,2026-02-24T14:00:00Z,2026-02-24T22:00:00+08:00,33.6,PM2.5,µg/m³
Valenzuela,5975180,14258421,2026-02-24T15:00:00Z,2026-02-24T23:00:00+08:00,44.8,PM2.5,µg/m³
Valenzuela,5975180,14258421,2026-02-24T16:00:00Z,2026-02-25T00:00:00+08:00,37.5,PM2.5,µg/m³
Valenzuela,5975180,14258421,2026-02-24T17:00:00Z,2026-02-25T01:00:00+08:00,25.7,PM2.5,µg/m³
Valenzuela,5975180,14258421,2026-02-24T18:00:00Z,2026-02-25T02:00:00+08:00,28.3,PM2.5,µg/m³
Valenzuela,5975180,14258421,2026-02-24T19:00:00Z,2026-02-25T03:00:00+08:00,53.1,PM2.5,µg/m³
Valenzuela,5975180,14258421,2026-02-24T20:00:00Z,2026-02-25T04:00:00+08:00,49.7,PM2.5,µg/m³
Valenzuela,5975180,14258421,2026-02-24T21:00:00Z,2026-02-25T05:00:00+08:00,50.5,PM2.5,µg/m³
Valenzuela,5975180,14258421,2026-02-24T22:00:00Z,2026-02-25T06:00:00+08:00,89.2,PM2.5,µg/m³
Valenzuela,5975180,14258421,2026-02-24T23:00:00Z,2026-02-25T07:00:00+08:00,69.7,PM2.5,µg/m³
Valenzuela,5975180,14258421,2026-02-25T00:00:00Z,2026-02-25T08:00:00+08:00,52.8,PM2.5,µg/m³
Valenzuela,5975180,14258421,2026-02-25T01:00:00Z,2026-02-25T09:00:00+08:00,39.7,PM2.5,µg/m³
Valenzuela,5975180,14258421,2026-02-25T02:00:00Z,2026-02-25T10:00:00+08:00,42.1,PM2.5,µg/m³
Valenzuela,5975180,14258421,2026-02-25T03:00:00Z,2026-02-25T11:00:00+08:00,45.8,PM2.5,µg/m³
Valenzuela,5975180,14258421,2026-02-25T04:00:00Z,2026-02-25T12:00:00+08:00,43.3,PM2.5,µg/m³
Valenzuela,5975180,14258421,2026-02-25T05:00:00Z,2026-02-25T13:00:00+08:00,48.7,PM2.5,µg/m³
Valenzuela,5975180,14258421,2026-02-25T06:00:00Z,2026-02-25T14:00:00+08:00,42.1,PM2.5,µg/m³
Valenzuela,5975180,14258421,2026-02-25T07:00:00Z,2026-02-25T15:00:00+08:00,24.6,PM2.5,µg/m³
Valenzuela,5975180,14258421,2026-02-25T08:00:00Z,2026-02-25T16:00:00+08:00,17.6,PM2.5,µg/m³
Valenzuela,5975180,14258421,2026-02-25T09:00:00Z,2026-02-25T17:00:00+08:00,17.2,PM2.5,µg/m³
Valenzuela,5975180,14258421,2026-02-25T10:00:00Z,2026-02-25T18:00:00+08:00,17.8,PM2.5,µg/m³
Valenzuela,5975180,14258421,2026-02-25T11:00:00Z,2026-02-25T19:00:00+08:00,24.5,PM2.5,µg/m³
Valenzuela,5975180,14258421,2026-02-25T12:00:00Z,2026-02-25T20:00:00+08:00,16.6,PM2.5,µg/m³
Valenzuela,5975180,14258421,2026-02-25T13:00:00Z,2026-02-25T21:00:00+08:00,35.9,PM2.5,µg/m³
Valenzuela,5975180,14258421,2026-02-25T14:00:00Z,2026-02-25T22:00:00+08:00,44.4,PM2.5,µg/m³
Valenzuela,5975180,14258421,2026-02-25T15:00:00Z,2026-02-25T23:00:00+08:00,39.0,PM2.5,µg/m³
Valenzuela,5975180,14258421,2026-02-25T16:00:00Z,2026-02-26T00:00:00+08:00,43.1,PM2.5,µg/m³
Valenzuela,5975180,14258421,2026-02-25T17:00:00Z,2026-02-26T01:00:00+08:00,40.0,PM2.5,µg/m³
Valenzuela,5975180,14258421,2026-02-25T18:00:00Z,2026-02-26T02:00:00+08:00,17.6,PM2.5,µg/m³
Valenzuela,5975180,14258421,2026-02-25T19:00:00Z,2026-02-26T03:00:00+08:00,4.7,PM2.5,µg/m³
Valenzuela,5975180,14258421,2026-02-25T20:00:00Z,2026-02-26T04:00:00+08:00,9.1,PM2.5,µg/m³
Valenzuela,5975180,14258421,2026-02-25T21:00:00Z,2026-02-26T05:00:00+08:00,37.5,PM2.5,µg/m³
Valenzuela,5975180,14258421,2026-02-25T22:00:00Z,2026-02-26T06:00:00+08:00,43.6,PM2.5,µg/m³
Valenzuela,5975180,14258421,2026-02-25T23:00:00Z,2026-02-26T07:00:00+08:00,42.5,PM2.5,µg/m³
Valenzuela,5975180,14258421,2026-02-26T00:00:00Z,2026-02-26T08:00:00+08:00,38.1,PM2.5,µg/m³
Valenzuela,5975180,14258421,2026-02-26T01:00:00Z,2026-02-26T09:00:00+08:00,27.1,PM2.5,µg/m³
Valenzuela,5975180,14258421,2026-02-26T02:00:00Z,2026-02-26T10:00:00+08:00,34.5,PM2.5,µg/m³
Valenzuela,5975180,14258421,2026-02-26T03:00:00Z,2026-02-26T11:00:00+08:00,41.3,PM2.5,µg/m³
Valenzuela,5975180,14258421,2026-02-26T04:00:00Z,2026-02-26T12:00:00+08:00,38.9,PM2.5,µg/m³
Valenzuela,5975180,14258421,2026-02-26T05:00:00Z,2026-02-26T13:00:00+08:00,38.1,PM2.5,µg/m³
Valenzuela,5975180,14258421,2026-02-26T06:00:00Z,2026-02-26T14:00:00+08:00,30.4,PM2.5,µg/m³
Valenzuela,5975180,14258421,2026-02-26T07:00:00Z,2026-02-26T15:00:00+08:00,18.3,PM2.5,µg/m³
Valenzuela,5975180,14258421,2026-02-26T08:00:00Z,2026-02-26T16:00:00+08:00,11.1,PM2.5,µg/m³
Valenzuela,5975180,14258421,2026-02-26T09:00:00Z,2026-02-26T17:00:00+08:00,6.0,PM2.5,µg/m³
Valenzuela,5975180,14258421,2026-02-26T10:00:00Z,2026-02-26T18:00:00+08:00,4.4,PM2.5,µg/m³
Valenzuela,5975180,14258421,2026-02-26T11:00:00Z,2026-02-26T19:00:00+08:00,17.4,PM2.5,µg/m³
Valenzuela,5975180,14258421,2026-02-26T12:00:00Z,2026-02-26T20:00:00+08:00,21.8,PM2.5,µg/m³
Valenzuela,5975180,14258421,2026-02-26T13:00:00Z,2026-02-26T21:00:00+08:00,25.6,PM2.5,µg/m³
Valenzuela,5975180,14258421,2026-02-26T14:00:00Z,2026-02-26T22:00:00+08:00,30.7,PM2.5,µg/m³
Valenzuela,5975180,14258421,2026-02-26T15:00:00Z,2026-02-26T23:00:00+08:00,28.7,PM2.5,µg/m³
Valenzuela,5975180,14258421,2026-02-26T16:00:00Z,2026-02-27T00:00:00+08:00,23.0,PM2.5,µg/m³
Valenzuela,5975180,14258421,2026-02-26T17:00:00Z,2026-02-27T01:00:00+08:00,33.8,PM2.5,µg/m³
Valenzuela,5975180,14258421,2026-02-26T18:00:00Z,2026-02-27T02:00:00+08:00,39.9,PM2.5,µg/m³
Valenzuela,5975180,14258421,2026-02-26T19:00:00Z,2026-02-27T03:00:00+08:00,30.7,PM2.5,µg/m³
Valenzuela,5975180,14258421,2026-02-26T20:00:00Z,2026-02-27T04:00:00+08:00,38.2,PM2.5,µg/m³
Valenzuela,5975180,14258421,2026-02-26T21:00:00Z,2026-02-27T05:00:00+08:00,32.9,PM2.5,µg/m³
Valenzuela,5975180,14258421,2026-02-26T22:00:00Z,2026-02-27T06:00:00+08:00,28.3,PM2.5,µg/m³
Valenzuela,5975180,14258421,2026-02-26T23:00:00Z,2026-02-27T07:00:00+08:00,38.2,PM2.5,µg/m³
Valenzuela,5975180,14258421,2026-02-27T00:00:00Z,2026-02-27T08:00:00+08:00,42.9,PM2.5,µg/m³
Valenzuela,5975180,14258421,2026-02-27T01:00:00Z,2026-02-27T09:00:00+08:00,35.3,PM2.5,µg/m³
Valenzuela,5975180,14258421,2026-02-27T02:00:00Z,2026-02-27T10:00:00+08:00,39.3,PM2.5,µg/m³
Valenzuela,5975180,14258421,2026-02-27T03:00:00Z,2026-02-27T11:00:00+08:00,45.1,PM2.5,µg/m³
Valenzuela,5975180,14258421,2026-02-27T04:00:00Z,2026-02-27T12:00:00+08:00,46.2,PM2.5,µg/m³
Valenzuela,5975180,14258421,2026-02-27T05:00:00Z,2026-02-27T13:00:00+08:00,44.8,PM2.5,µg/m³
Valenzuela,5975180,14258421,2026-02-27T06:00:00Z,2026-02-27T14:00:00+08:00,42.6,PM2.5,µg/m³
Valenzuela,5975180,14258421,2026-02-27T07:00:00Z,2026-02-27T15:00:00+08:00,52.6,PM2.5,µg/m³
Valenzuela,5975180,14258421,2026-02-27T08:00:00Z,2026-02-27T16:00:00+08:00,43.7,PM2.5,µg/m³
Valenzuela,5975180,14258421,2026-02-27T09:00:00Z,2026-02-27T17:00:00+08:00,47.6,PM2.5,µg/m³
Valenzuela,5975180,14258421,2026-02-27T10:00:00Z,2026-02-27T18:00:00+08:00,49.6,PM2.5,µg/m³
Valenzuela,5975180,14258421,2026-02-27T11:00:00Z,2026-02-27T19:00:00+08:00,60.9,PM2.5,µg/m³
Valenzuela,5975180,14258421,2026-02-27T12:00:00Z,2026-02-27T20:00:00+08:00,59.0,PM2.5,µg/m³
Valenzuela,5975180,14258421,2026-02-27T13:00:00Z,2026-02-27T21:00:00+08:00,56.0,PM2.5,µg/m³
Valenzuela,5975180,14258421,2026-02-27T14:00:00Z,2026-02-27T22:00:00+08:00,26.0,PM2.5,µg/m³
Valenzuela,5975180,14258421,2026-02-27T15:00:00Z,2026-02-27T23:00:00+08:00,18.8,PM2.5,µg/m³
Valenzuela,5975180,14258421,2026-02-27T16:00:00Z,2026-02-28T00:00:00+08:00,13.7,PM2.5,µg/m³
Valenzuela,5975180,14258421,2026-02-27T17:00:00Z,2026-02-28T01:00:00+08:00,24.9,PM2.5,µg/m³
Valenzuela,5975180,14258421,2026-02-27T18:00:00Z,2026-02-28T02:00:00+08:00,35.7,PM2.5,µg/m³
Valenzuela,5975180,14258421,2026-02-27T19:00:00Z,2026-02-28T03:00:00+08:00,45.8,PM2.5,µg/m³
Valenzuela,5975180,14258421,2026-02-27T20:00:00Z,2026-02-28T04:00:00+08:00,61.4,PM2.5,µg/m³
Valenzuela,5975180,14258421,2026-02-27T21:00:00Z,2026-02-28T05:00:00+08:00,44.2,PM2.5,µg/m³
Valenzuela,5975180,14258421,2026-02-27T22:00:00Z,2026-02-28T06:00:00+08:00,37.5,PM2.5,µg/m³
Valenzuela,5975180,14258421,2026-02-27T23:00:00Z,2026-02-28T07:00:00+08:00,35.2,PM2.5,µg/m³
Valenzuela,5975180,14258421,2026-02-28T00:00:00Z,2026-02-28T08:00:00+08:00,49.6,PM2.5,µg/m³
Valenzuela,5975180,14258421,2026-02-28T01:00:00Z,2026-02-28T09:00:00+08:00,50.8,PM2.5,µg/m³
Valenzuela,5975180,14258421,2026-02-28T02:00:00Z,2026-02-28T10:00:00+08:00,42.9,PM2.5,µg/m³
Valenzuela,5975180,14258421,2026-02-28T03:00:00Z,2026-02-28T11:00:00+08:00,36.2,PM2.5,µg/m³
Valenzuela,5975180,14258421,2026-02-28T04:00:00Z,2026-02-28T12:00:00+08:00,33.6,PM2.5,µg/m³
Valenzuela,5975180,14258421,2026-02-28T05:00:00Z,2026-02-28T13:00:00+08:00,38.2,PM2.5,µg/m³
Valenzuela,5975180,14258421,2026-02-28T06:00:00Z,2026-02-28T14:00:00+08:00,51.0,PM2.5,µg/m³
Valenzuela,5975180,14258421,2026-02-28T07:00:00Z,2026-02-28T15:00:00+08:00,97.2,PM2.5,µg/m³
Valenzuela,5975180,14258421,2026-02-28T08:00:00Z,2026-02-28T16:00:00+08:00,97.5,PM2.5,µg/m³
Valenzuela,5975180,14258421,2026-02-28T09:00:00Z,2026-02-28T17:00:00+08:00,31.9,PM2.5,µg/m³
Valenzuela,5975180,14258421,2026-02-28T10:00:00Z,2026-02-28T18:00:00+08:00,37.9,PM2.5,µg/m³
Valenzuela,5975180,14258421,2026-02-28T11:00:00Z,2026-02-28T19:00:00+08:00,28.9,PM2.5,µg/m³
Valenzuela,5975180,14258421,2026-02-28T12:00:00Z,2026-02-28T20:00:00+08:00,32.8,PM2.5,µg/m³
Valenzuela,5975180,14258421,2026-02-28T13:00:00Z,2026-02-28T21:00:00+08:00,28.6,PM2.5,µg/m³
Valenzuela,5975180,14258421,2026-02-28T14:00:00Z,2026-02-28T22:00:00+08:00,19.7,PM2.5,µg/m³
Valenzuela,5975180,14258421,2026-02-28T15:00:00Z,2026-02-28T23:00:00+08:00,24.0,PM2.5,µg/m³
Valenzuela,5975180,14258421,2026-02-28T16:00:00Z,2026-03-01T00:00:00+08:00,29.5,PM2.5,µg/m³
Valenzuela,5975180,14258421,2026-02-28T17:00:00Z,2026-03-01T01:00:00+08:00,41.0,PM2.5,µg/m³
Valenzuela,5975180,14258421,2026-02-28T18:00:00Z,2026-03-01T02:00:00+08:00,35.0,PM2.5,µg/m³
Valenzuela,5975180,14258421,2026-02-28T19:00:00Z,2026-03-01T03:00:00+08:00,23.4,PM2.5,µg/m³
Valenzuela,5975180,14258421,2026-02-28T20:00:00Z,2026-03-01T04:00:00+08:00,35.3,PM2.5,µg/m³
Valenzuela,5975180,14258421,2026-02-28T21:00:00Z,2026-03-01T05:00:00+08:00,47.5,PM2.5,µg/m³
Valenzuela,5975180,14258421,2026-02-28T22:00:00Z,2026-03-01T06:00:00+08:00,59.4,PM2.5,µg/m³
Valenzuela,5975180,14258421,2026-02-28T23:00:00Z,2026-03-01T07:00:00+08:00,55.4,PM2.5,µg/m³
Valenzuela,5975180,14258421,2026-03-01T00:00:00Z,2026-03-01T08:00:00+08:00,56.6,PM2.5,µg/m³
Valenzuela,5975180,14258421,2026-03-01T01:00:00Z,2026-03-01T09:00:00+08:00,38.2,PM2.5,µg/m³
Valenzuela,5975180,14258421,2026-03-01T02:00:00Z,2026-03-01T10:00:00+08:00,38.4,PM2.5,µg/m³
Valenzuela,5975180,14258421,2026-03-01T03:00:00Z,2026-03-01T11:00:00+08:00,40.2,PM2.5,µg/m³
Valenzuela,5975180,14258421,2026-03-01T04:00:00Z,2026-03-01T12:00:00+08:00,30.9,PM2.5,µg/m³
Valenzuela,5975180,14258421,2026-03-01T05:00:00Z,2026-03-01T13:00:00+08:00,35.4,PM2.5,µg/m³
Valenzuela,5975180,14258421,2026-03-01T06:00:00Z,2026-03-01T14:00:00+08:00,29.6,PM2.5,µg/m³
Valenzuela,5975180,14258421,2026-03-01T07:00:00Z,2026-03-01T15:00:00+08:00,17.0,PM2.5,µg/m³
Valenzuela,5975180,14258421,2026-03-01T08:00:00Z,2026-03-01T16:00:00+08:00,18.7,PM2.5,µg/m³
Valenzuela,5975180,14258421,2026-03-01T09:00:00Z,2026-03-01T17:00:00+08:00,17.4,PM2.5,µg/m³
Valenzuela,5975180,14258421,2026-03-01T10:00:00Z,2026-03-01T18:00:00+08:00,25.5,PM2.5,µg/m³
Valenzuela,5975180,14258421,2026-03-01T11:00:00Z,2026-03-01T19:00:00+08:00,26.0,PM2.5,µg/m³
Valenzuela,5975180,14258421,2026-03-01T12:00:00Z,2026-03-01T20:00:00+08:00,25.1,PM2.5,µg/m³
Valenzuela,5975180,14258421,2026-03-01T13:00:00Z,2026-03-01T21:00:00+08:00,18.8,PM2.5,µg/m³
Valenzuela,5975180,14258421,2026-03-01T14:00:00Z,2026-03-01T22:00:00+08:00,4.9,PM2.5,µg/m³
Valenzuela,5975180,14258421,2026-03-01T15:00:00Z,2026-03-01T23:00:00+08:00,4.5,PM2.5,µg/m³
Valenzuela,5975180,14258421,2026-03-01T16:00:00Z,2026-03-02T00:00:00+08:00,6.6,PM2.5,µg/m³
Valenzuela,5975180,14258421,2026-03-01T17:00:00Z,2026-03-02T01:00:00+08:00,8.0,PM2.5,µg/m³
Valenzuela,5975180,14258421,2026-03-01T18:00:00Z,2026-03-02T02:00:00+08:00,11.0,PM2.5,µg/m³
Valenzuela,5975180,14258421,2026-03-01T19:00:00Z,2026-03-02T03:00:00+08:00,11.2,PM2.5,µg/m³
Valenzuela,5975180,14258421,2026-03-01T20:00:00Z,2026-03-02T04:00:00+08:00,4.0,PM2.5,µg/m³
Valenzuela,5975180,14258421,2026-03-01T21:00:00Z,2026-03-02T05:00:00+08:00,8.8,PM2.5,µg/m³
Valenzuela,5975180,14258421,2026-03-01T22:00:00Z,2026-03-02T06:00:00+08:00,20.2,PM2.5,µg/m³
Valenzuela,5975180,14258421,2026-03-01T23:00:00Z,2026-03-02T07:00:00+08:00,34.9,PM2.5,µg/m³
Valenzuela,5975180,14258421,2026-03-02T00:00:00Z,2026-03-02T08:00:00+08:00,31.8,PM2.5,µg/m³
Valenzuela,5975180,14258421,2026-03-02T01:00:00Z,2026-03-02T09:00:00+08:00,24.7,PM2.5,µg/m³
Valenzuela,5975180,14258421,2026-03-02T02:00:00Z,2026-03-02T10:00:00+08:00,18.1,PM2.5,µg/m³
Valenzuela,5975180,14258421,2026-03-02T03:00:00Z,2026-03-02T11:00:00+08:00,43.8,PM2.5,µg/m³
Valenzuela,5975180,14258421,2026-03-02T04:00:00Z,2026-03-02T12:00:00+08:00,42.6,PM2.5,µg/m³
Valenzuela,5975180,14258421,2026-03-02T05:00:00Z,2026-03-02T13:00:00+08:00,40.7,PM2.5,µg/m³
Valenzuela,5975180,14258421,2026-03-02T06:00:00Z,2026-03-02T14:00:00+08:00,63.4,PM2.5,µg/m³
Valenzuela,5975180,14258421,2026-03-02T07:00:00Z,2026-03-02T15:00:00+08:00,48.6,PM2.5,µg/m³
Valenzuela,5975180,14258421,2026-03-02T08:00:00Z,2026-03-02T16:00:00+08:00,37.3,PM2.5,µg/m³
Valenzuela,5975180,14258421,2026-03-02T09:00:00Z,2026-03-02T17:00:00+08:00,23.8,PM2.5,µg/m³
Valenzuela,5975180,14258421,2026-03-02T10:00:00Z,2026-03-02T18:00:00+08:00,6.7,PM2.5,µg/m³
Valenzuela,5975180,14258421,2026-03-02T11:00:00Z,2026-03-02T19:00:00+08:00,13.9,PM2.5,µg/m³
Valenzuela,5975180,14258421,2026-03-02T12:00:00Z,2026-03-02T20:00:00+08:00,27.9,PM2.5,µg/m³
Valenzuela,5975180,14258421,2026-03-02T13:00:00Z,2026-03-02T21:00:00+08:00,24.9,PM2.5,µg/m³
Valenzuela,5975180,14258421,2026-03-02T14:00:00Z,2026-03-02T22:00:00+08:00,33.8,PM2.5,µg/m³
Valenzuela,5975180,14258421,2026-03-02T15:00:00Z,2026-03-02T23:00:00+08:00,29.4,PM2.5,µg/m³
Valenzuela,5975180,14258421,2026-03-02T16:00:00Z,2026-03-03T00:00:00+08:00,15.6,PM2.5,µg/m³
Valenzuela,5975180,14258421,2026-03-02T17:00:00Z,2026-03-03T01:00:00+08:00,20.8,PM2.5,µg/m³
Valenzuela,5975180,14258421,2026-03-02T18:00:00Z,2026-03-03T02:00:00+08:00,13.7,PM2.5,µg/m³
Valenzuela,5975180,14258421,2026-03-02T19:00:00Z,2026-03-03T03:00:00+08:00,15.4,PM2.5,µg/m³
Valenzuela,5975180,14258421,2026-03-02T20:00:00Z,2026-03-03T04:00:00+08:00,20.7,PM2.5,µg/m³
Valenzuela,5975180,14258421,2026-03-02T21:00:00Z,2026-03-03T05:00:00+08:00,19.8,PM2.5,µg/m³
Valenzuela,5975180,14258421,2026-03-02T22:00:00Z,2026-03-03T06:00:00+08:00,39.7,PM2.5,µg/m³
Valenzuela,5975180,14258421,2026-03-02T23:00:00Z,2026-03-03T07:00:00+08:00,38.7,PM2.5,µg/m³
Valenzuela,5975180,14258421,2026-03-03T00:00:00Z,2026-03-03T08:00:00+08:00,25.4,PM2.5,µg/m³
Valenzuela,5975180,14258421,2026-03-03T01:00:00Z,2026-03-03T09:00:00+08:00,18.1,PM2.5,µg/m³
Valenzuela,5975180,14258421,2026-03-03T02:00:00Z,2026-03-03T10:00:00+08:00,26.0,PM2.5,µg/m³
Valenzuela,5975180,14258421,2026-03-03T03:00:00Z,2026-03-03T11:00:00+08:00,28.7,PM2.5,µg/m³
Valenzuela,5975180,14258421,2026-03-03T04:00:00Z,2026-03-03T12:00:00+08:00,28.6,PM2.5,µg/m³
Valenzuela,5975180,14258421,2026-03-03T05:00:00Z,2026-03-03T13:00:00+08:00,28.1,PM2.5,µg/m³
Valenzuela,5975180,14258421,2026-03-03T06:00:00Z,2026-03-03T14:00:00+08:00,28.1,PM2.5,µg/m³
Valenzuela,5975180,14258421,2026-03-03T07:00:00Z,2026-03-03T15:00:00+08:00,26.2,PM2.5,µg/m³
Valenzuela,5975180,14258421,2026-03-03T08:00:00Z,2026-03-03T16:00:00+08:00,19.3,PM2.5,µg/m³
Valenzuela,5975180,14258421,2026-03-03T09:00:00Z,2026-03-03T17:00:00+08:00,10.3,PM2.5,µg/m³
Valenzuela,5975180,14258421,2026-03-03T10:00:00Z,2026-03-03T18:00:00+08:00,11.8,PM2.5,µg/m³
Valenzuela,5975180,14258421,2026-03-03T11:00:00Z,2026-03-03T19:00:00+08:00,27.4,PM2.5,µg/m³
Valenzuela,5975180,14258421,2026-03-03T12:00:00Z,2026-03-03T20:00:00+08:00,19.9,PM2.5,µg/m³
Valenzuela,5975180,14258421,2026-03-03T13:00:00Z,2026-03-03T21:00:00+08:00,11.8,PM2.5,µg/m³
Valenzuela,5975180,14258421,2026-03-03T14:00:00Z,2026-03-03T22:00:00+08:00,17.1,PM2.5,µg/m³
Valenzuela,5975180,14258421,2026-03-03T15:00:00Z,2026-03-03T23:00:00+08:00,13.7,PM2.5,µg/m³
Valenzuela,5975180,14258421,2026-03-03T16:00:00Z,2026-03-04T00:00:00+08:00,8.8,PM2.5,µg/m³
Valenzuela,5975180,14258421,2026-03-03T17:00:00Z,2026-03-04T01:00:00+08:00,8.0,PM2.5,µg/m³
Valenzuela,5975180,14258421,2026-03-03T18:00:00Z,2026-03-04T02:00:00+08:00,9.5,PM2.5,µg/m³
Valenzuela,5975180,14258421,2026-03-03T19:00:00Z,2026-03-04T03:00:00+08:00,34.5,PM2.5,µg/m³
Valenzuela,5975180,14258421,2026-03-03T20:00:00Z,2026-03-04T04:00:00+08:00,46.2,PM2.5,µg/m³
Valenzuela,5975180,14258421,2026-03-03T21:00:00Z,2026-03-04T05:00:00+08:00,37.6,PM2.5,µg/m³
Valenzuela,5975180,14258421,2026-03-03T22:00:00Z,2026-03-04T06:00:00+08:00,35.5,PM2.5,µg/m³
Valenzuela,5975180,14258421,2026-03-03T23:00:00Z,2026-03-04T07:00:00+08:00,34.4,PM2.5,µg/m³
Valenzuela,5975180,14258421,2026-03-04T00:00:00Z,2026-03-04T08:00:00+08:00,35.9,PM2.5,µg/m³
Valenzuela,5975180,14258421,2026-03-04T01:00:00Z,2026-03-04T09:00:00+08:00,32.4,PM2.5,µg/m³
Valenzuela,5975180,14258421,2026-03-04T02:00:00Z,2026-03-04T10:00:00+08:00,39.2,PM2.5,µg/m³
Valenzuela,5975180,14258421,2026-03-04T03:00:00Z,2026-03-04T11:00:00+08:00,37.7,PM2.5,µg/m³
Valenzuela,5975180,14258421,2026-03-04T04:00:00Z,2026-03-04T12:00:00+08:00,35.2,PM2.5,µg/m³
Valenzuela,5975180,14258421,2026-03-04T05:00:00Z,2026-03-04T13:00:00+08:00,23.8,PM2.5,µg/m³
Valenzuela,5975180,14258421,2026-03-04T06:00:00Z,2026-03-04T14:00:00+08:00,21.0,PM2.5,µg/m³
Valenzuela,5975180,14258421,2026-03-04T07:00:00Z,2026-03-04T15:00:00+08:00,17.7,PM2.5,µg/m³
Valenzuela,5975180,14258421,2026-03-04T08:00:00Z,2026-03-04T16:00:00+08:00,26.1,PM2.5,µg/m³
Valenzuela,5975180,14258421,2026-03-04T09:00:00Z,2026-03-04T17:00:00+08:00,19.8,PM2.5,µg/m³
Valenzuela,5975180,14258421,2026-03-04T10:00:00Z,2026-03-04T18:00:00+08:00,24.4,PM2.5,µg/m³
Valenzuela,5975180,14258421,2026-03-04T11:00:00Z,2026-03-04T19:00:00+08:00,27.3,PM2.5,µg/m³
Valenzuela,5975180,14258421,2026-03-04T12:00:00Z,2026-03-04T20:00:00+08:00,22.9,PM2.5,µg/m³
Valenzuela,5975180,14258421,2026-03-04T13:00:00Z,2026-03-04T21:00:00+08:00,27.8,PM2.5,µg/m³
Valenzuela,5975180,14258421,2026-03-04T14:00:00Z,2026-03-04T22:00:00+08:00,20.5,PM2.5,µg/m³
Valenzuela,5975180,14258421,2026-03-04T15:00:00Z,2026-03-04T23:00:00+08:00,22.4,PM2.5,µg/m³
Valenzuela,5975180,14258421,2026-03-04T16:00:00Z,2026-03-05T00:00:00+08:00,16.3,PM2.5,µg/m³
Valenzuela,5975180,14258421,2026-03-04T17:00:00Z,2026-03-05T01:00:00+08:00,10.6,PM2.5,µg/m³
Valenzuela,5975180,14258421,2026-03-04T18:00:00Z,2026-03-05T02:00:00+08:00,9.2,PM2.5,µg/m³
Valenzuela,5975180,14258421,2026-03-04T19:00:00Z,2026-03-05T03:00:00+08:00,8.3,PM2.5,µg/m³
Valenzuela,5975180,14258421,2026-03-04T20:00:00Z,2026-03-05T04:00:00+08:00,9.8,PM2.5,µg/m³
Valenzuela,5975180,14258421,2026-03-04T21:00:00Z,2026-03-05T05:00:00+08:00,8.9,PM2.5,µg/m³
Valenzuela,5975180,14258421,2026-03-04T22:00:00Z,2026-03-05T06:00:00+08:00,29.0,PM2.5,µg/m³
Valenzuela,5975180,14258421,2026-03-04T23:00:00Z,2026-03-05T07:00:00+08:00,35.4,PM2.5,µg/m³
Valenzuela,5975180,14258421,2026-03-05T00:00:00Z,2026-03-05T08:00:00+08:00,33.2,PM2.5,µg/m³
Valenzuela,5975180,14258421,2026-03-05T01:00:00Z,2026-03-05T09:00:00+08:00,18.1,PM2.5,µg/m³
Valenzuela,5975180,14258421,2026-03-05T02:00:00Z,2026-03-05T10:00:00+08:00,22.2,PM2.5,µg/m³
Valenzuela,5975180,14258421,2026-03-05T03:00:00Z,2026-03-05T11:00:00+08:00,28.2,PM2.5,µg/m³
Valenzuela,5975180,14258421,2026-03-05T04:00:00Z,2026-03-05T12:00:00+08:00,31.1,PM2.5,µg/m³
Valenzuela,5975180,14258421,2026-03-05T05:00:00Z,2026-03-05T13:00:00+08:00,29.5,PM2.5,µg/m³
Valenzuela,5975180,14258421,2026-03-05T06:00:00Z,2026-03-05T14:00:00+08:00,31.8,PM2.5,µg/m³
Valenzuela,5975180,14258421,2026-03-05T07:00:00Z,2026-03-05T15:00:00+08:00,36.0,PM2.5,µg/m³
Valenzuela,5975180,14258421,2026-03-05T08:00:00Z,2026-03-05T16:00:00+08:00,38.5,PM2.5,µg/m³
Valenzuela,5975180,14258421,2026-03-05T09:00:00Z,2026-03-05T17:00:00+08:00,42.0,PM2.5,µg/m³
Valenzuela,5975180,14258421,2026-03-05T10:00:00Z,2026-03-05T18:00:00+08:00,43.8,PM2.5,µg/m³
Valenzuela,5975180,14258421,2026-03-05T11:00:00Z,2026-03-05T19:00:00+08:00,33.7,PM2.5,µg/m³
Valenzuela,5975180,14258421,2026-03-05T12:00:00Z,2026-03-05T20:00:00+08:00,26.8,PM2.5,µg/m³
Valenzuela,5975180,14258421,2026-03-05T13:00:00Z,2026-03-05T21:00:00+08:00,29.6,PM2.5,µg/m³
Valenzuela,5975180,14258421,2026-03-05T14:00:00Z,2026-03-05T22:00:00+08:00,19.6,PM2.5,µg/m³
Valenzuela,5975180,14258421,2026-03-05T15:00:00Z,2026-03-05T23:00:00+08:00,26.6,PM2.5,µg/m³
Valenzuela,5975180,14258421,2026-03-05T16:00:00Z,2026-03-06T00:00:00+08:00,15.2,PM2.5,µg/m³
Valenzuela,5975180,14258421,2026-03-05T17:00:00Z,2026-03-06T01:00:00+08:00,10.4,PM2.5,µg/m³
Valenzuela,5975180,14258421,2026-03-05T18:00:00Z,2026-03-06T02:00:00+08:00,20.2,PM2.5,µg/m³
Valenzuela,5975180,14258421,2026-03-05T19:00:00Z,2026-03-06T03:00:00+08:00,33.7,PM2.5,µg/m³
Valenzuela,5975180,14258421,2026-03-05T20:00:00Z,2026-03-06T04:00:00+08:00,45.2,PM2.5,µg/m³
Valenzuela,5975180,14258421,2026-03-05T21:00:00Z,2026-03-06T05:00:00+08:00,28.3,PM2.5,µg/m³
Valenzuela,5975180,14258421,2026-03-05T22:00:00Z,2026-03-06T06:00:00+08:00,24.0,PM2.5,µg/m³
Valenzuela,5975180,14258421,2026-03-05T23:00:00Z,2026-03-06T07:00:00+08:00,36.4,PM2.5,µg/m³
Valenzuela,5975180,14258421,2026-03-06T00:00:00Z,2026-03-06T08:00:00+08:00,40.4,PM2.5,µg/m³
Valenzuela,5975180,14258421,2026-03-06T01:00:00Z,2026-03-06T09:00:00+08:00,43.8,PM2.5,µg/m³
Valenzuela,5975180,14258421,2026-03-06T02:00:00Z,2026-03-06T10:00:00+08:00,39.0,PM2.5,µg/m³
Valenzuela,5975180,14258421,2026-03-06T03:00:00Z,2026-03-06T11:00:00+08:00,38.2,PM2.5,µg/m³
Valenzuela,5975180,14258421,2026-03-06T04:00:00Z,2026-03-06T12:00:00+08:00,44.4,PM2.5,µg/m³
Valenzuela,5975180,14258421,2026-03-06T05:00:00Z,2026-03-06T13:00:00+08:00,45.7,PM2.5,µg/m³
Valenzuela,5975180,14258421,2026-03-06T06:00:00Z,2026-03-06T14:00:00+08:00,45.9,PM2.5,µg/m³
Valenzuela,5975180,14258421,2026-03-06T07:00:00Z,2026-03-06T15:00:00+08:00,45.6,PM2.5,µg/m³
Valenzuela,5975180,14258421,2026-03-06T08:00:00Z,2026-03-06T16:00:00+08:00,44.1,PM2.5,µg/m³
Valenzuela,5975180,14258421,2026-03-06T09:00:00Z,2026-03-06T17:00:00+08:00,41.1,PM2.5,µg/m³
Valenzuela,5975180,14258421,2026-03-06T10:00:00Z,2026-03-06T18:00:00+08:00,36.2,PM2.5,µg/m³
Valenzuela,5975180,14258421,2026-03-06T11:00:00Z,2026-03-06T19:00:00+08:00,16.6,PM2.5,µg/m³
Valenzuela,5975180,14258421,2026-03-06T12:00:00Z,2026-03-06T20:00:00+08:00,18.2,PM2.5,µg/m³
Valenzuela,5975180,14258421,2026-03-06T13:00:00Z,2026-03-06T21:00:00+08:00,28.8,PM2.5,µg/m³
Valenzuela,5975180,14258421,2026-03-06T14:00:00Z,2026-03-06T22:00:00+08:00,11.3,PM2.5,µg/m³
Valenzuela,5975180,14258421,2026-03-06T15:00:00Z,2026-03-06T23:00:00+08:00,20.2,PM2.5,µg/m³
Valenzuela,5975180,14258421,2026-03-06T16:00:00Z,2026-03-07T00:00:00+08:00,13.4,PM2.5,µg/m³
Valenzuela,5975180,14258421,2026-03-06T17:00:00Z,2026-03-07T01:00:00+08:00,26.4,PM2.5,µg/m³
Valenzuela,5975180,14258421,2026-03-06T18:00:00Z,2026-03-07T02:00:00+08:00,50.8,PM2.5,µg/m³
Valenzuela,5975180,14258421,2026-03-06T19:00:00Z,2026-03-07T03:00:00+08:00,39.8,PM2.5,µg/m³
Valenzuela,5975180,14258421,2026-03-06T20:00:00Z,2026-03-07T04:00:00+08:00,38.5,PM2.5,µg/m³
Valenzuela,5975180,14258421,2026-03-06T21:00:00Z,2026-03-07T05:00:00+08:00,44.2,PM2.5,µg/m³
Valenzuela,5975180,14258421,2026-03-06T22:00:00Z,2026-03-07T06:00:00+08:00,32.9,PM2.5,µg/m³
Valenzuela,5975180,14258421,2026-03-06T23:00:00Z,2026-03-07T07:00:00+08:00,43.1,PM2.5,µg/m³
Valenzuela,5975180,14258421,2026-03-07T00:00:00Z,2026-03-07T08:00:00+08:00,45.1,PM2.5,µg/m³
Valenzuela,5975180,14258421,2026-03-07T01:00:00Z,2026-03-07T09:00:00+08:00,46.9,PM2.5,µg/m³
Valenzuela,5975180,14258421,2026-03-07T02:00:00Z,2026-03-07T10:00:00+08:00,22.9,PM2.5,µg/m³
Valenzuela,5975180,14258421,2026-03-07T03:00:00Z,2026-03-07T11:00:00+08:00,28.0,PM2.5,µg/m³
Valenzuela,5975180,14258421,2026-03-07T04:00:00Z,2026-03-07T12:00:00+08:00,34.2,PM2.5,µg/m³
Valenzuela,5975180,14258421,2026-03-07T05:00:00Z,2026-03-07T13:00:00+08:00,30.3,PM2.5,µg/m³
Valenzuela,5975180,14258421,2026-03-07T06:00:00Z,2026-03-07T14:00:00+08:00,33.9,PM2.5,µg/m³
Valenzuela,5975180,14258421,2026-03-07T07:00:00Z,2026-03-07T15:00:00+08:00,40.6,PM2.5,µg/m³
Valenzuela,5975180,14258421,2026-03-07T08:00:00Z,2026-03-07T16:00:00+08:00,27.7,PM2.5,µg/m³
Valenzuela,5975180,14258421,2026-03-07T09:00:00Z,2026-03-07T17:00:00+08:00,31.3,PM2.5,µg/m³
Valenzuela,5975180,14258421,2026-03-07T10:00:00Z,2026-03-07T18:00:00+08:00,17.8,PM2.5,µg/m³
Valenzuela,5975180,14258421,2026-03-07T11:00:00Z,2026-03-07T19:00:00+08:00,14.9,PM2.5,µg/m³
Valenzuela,5975180,14258421,2026-03-07T12:00:00Z,2026-03-07T20:00:00+08:00,15.8,PM2.5,µg/m³
Valenzuela,5975180,14258421,2026-03-07T13:00:00Z,2026-03-07T21:00:00+08:00,11.8,PM2.5,µg/m³
Valenzuela,5975180,14258421,2026-03-07T14:00:00Z,2026-03-07T22:00:00+08:00,23.4,PM2.5,µg/m³
Valenzuela,5975180,14258421,2026-03-07T15:00:00Z,2026-03-07T23:00:00+08:00,29.9,PM2.5,µg/m³
Valenzuela,5975180,14258421,2026-03-07T16:00:00Z,2026-03-08T00:00:00+08:00,32.4,PM2.5,µg/m³
Valenzuela,5975180,14258421,2026-03-07T17:00:00Z,2026-03-08T01:00:00+08:00,16.7,PM2.5,µg/m³
Valenzuela,5975180,14258421,2026-03-07T18:00:00Z,2026-03-08T02:00:00+08:00,44.5,PM2.5,µg/m³
Valenzuela,5975180,14258421,2026-03-07T19:00:00Z,2026-03-08T03:00:00+08:00,50.6,PM2.5,µg/m³
Valenzuela,5975180,14258421,2026-03-07T20:00:00Z,2026-03-08T04:00:00+08:00,51.6,PM2.5,µg/m³
Valenzuela,5975180,14258421,2026-03-07T21:00:00Z,2026-03-08T05:00:00+08:00,48.0,PM2.5,µg/m³
Valenzuela,5975180,14258421,2026-03-07T22:00:00Z,2026-03-08T06:00:00+08:00,29.8,PM2.5,µg/m³
Valenzuela,5975180,14258421,2026-03-07T23:00:00Z,2026-03-08T07:00:00+08:00,33.3,PM2.5,µg/m³
Valenzuela,5975180,14258421,2026-03-08T00:00:00Z,2026-03-08T08:00:00+08:00,29.3,PM2.5,µg/m³
Valenzuela,5975180,14258421,2026-03-08T01:00:00Z,2026-03-08T09:00:00+08:00,43.1,PM2.5,µg/m³
Valenzuela,5975180,14258421,2026-03-08T02:00:00Z,2026-03-08T10:00:00+08:00,12.2,PM2.5,µg/m³
Valenzuela,5975180,14258421,2026-03-08T03:00:00Z,2026-03-08T11:00:00+08:00,19.5,PM2.5,µg/m³
Valenzuela,5975180,14258421,2026-03-08T04:00:00Z,2026-03-08T12:00:00+08:00,9.1,PM2.5,µg/m³
Valenzuela,5975180,14258421,2026-03-08T05:00:00Z,2026-03-08T13:00:00+08:00,10.5,PM2.5,µg/m³
Valenzuela,5975180,14258421,2026-03-08T06:00:00Z,2026-03-08T14:00:00+08:00,11.5,PM2.5,µg/m³
Valenzuela,5975180,14258421,2026-03-08T07:00:00Z,2026-03-08T15:00:00+08:00,6.3,PM2.5,µg/m³
Valenzuela,5975180,14258421,2026-03-08T08:00:00Z,2026-03-08T16:00:00+08:00,4.0,PM2.5,µg/m³
Valenzuela,5975180,14258421,2026-03-08T09:00:00Z,2026-03-08T17:00:00+08:00,2.7,PM2.5,µg/m³
Valenzuela,5975180,14258421,2026-03-08T10:00:00Z,2026-03-08T18:00:00+08:00,8.1,PM2.5,µg/m³
Valenzuela,5975180,14258421,2026-03-08T11:00:00Z,2026-03-08T19:00:00+08:00,20.9,PM2.5,µg/m³
Valenzuela,5975180,14258421,2026-03-08T12:00:00Z,2026-03-08T20:00:00+08:00,27.4,PM2.5,µg/m³
Valenzuela,5975180,14258421,2026-03-08T13:00:00Z,2026-03-08T21:00:00+08:00,7.7,PM2.5,µg/m³
Valenzuela,5975180,14258421,2026-03-08T14:00:00Z,2026-03-08T22:00:00+08:00,3.4,PM2.5,µg/m³
Valenzuela,5975180,14258421,2026-03-08T15:00:00Z,2026-03-08T23:00:00+08:00,1.6,PM2.5,µg/m³
Valenzuela,5975180,14258421,2026-03-08T16:00:00Z,2026-03-09T00:00:00+08:00,1.8,PM2.5,µg/m³
Valenzuela,5975180,14258421,2026-03-08T17:00:00Z,2026-03-09T01:00:00+08:00,1.0,PM2.5,µg/m³
Valenzuela,5975180,14258421,2026-03-08T18:00:00Z,2026-03-09T02:00:00+08:00,7.8,PM2.5,µg/m³
Valenzuela,5975180,14258421,2026-03-08T19:00:00Z,2026-03-09T03:00:00+08:00,8.7,PM2.5,µg/m³
Valenzuela,5975180,14258421,2026-03-08T20:00:00Z,2026-03-09T04:00:00+08:00,10.0,PM2.5,µg/m³
Valenzuela,5975180,14258421,2026-03-08T21:00:00Z,2026-03-09T05:00:00+08:00,18.7,PM2.5,µg/m³
Valenzuela,5975180,14258421,2026-03-08T22:00:00Z,2026-03-09T06:00:00+08:00,9.2,PM2.5,µg/m³
Valenzuela,5975180,14258421,2026-03-08T23:00:00Z,2026-03-09T07:00:00+08:00,6.4,PM2.5,µg/m³
Valenzuela,5975180,14258421,2026-03-09T00:00:00Z,2026-03-09T08:00:00+08:00,19.7,PM2.5,µg/m³
Valenzuela,5975180,14258421,2026-03-09T01:00:00Z,2026-03-09T09:00:00+08:00,14.3,PM2.5,µg/m³
Valenzuela,5975180,14258421,2026-03-09T02:00:00Z,2026-03-09T10:00:00+08:00,15.3,PM2.5,µg/m³
Valenzuela,5975180,14258421,2026-03-09T03:00:00Z,2026-03-09T11:00:00+08:00,11.0,PM2.5,µg/m³
Valenzuela,5975180,14258421,2026-03-09T04:00:00Z,2026-03-09T12:00:00+08:00,3.2,PM2.5,µg/m³
Valenzuela,5975180,14258421,2026-03-09T05:00:00Z,2026-03-09T13:00:00+08:00,3.8,PM2.5,µg/m³
Valenzuela,5975180,14258421,2026-03-09T06:00:00Z,2026-03-09T14:00:00+08:00,3.3,PM2.5,µg/m³
Valenzuela,5975180,14258421,2026-03-09T07:00:00Z,2026-03-09T15:00:00+08:00,5.6,PM2.5,µg/m³
Valenzuela,5975180,14258421,2026-03-09T08:00:00Z,2026-03-09T16:00:00+08:00,6.8,PM2.5,µg/m³
Valenzuela,5975180,14258421,2026-03-09T09:00:00Z,2026-03-09T17:00:00+08:00,10.6,PM2.5,µg/m³
Valenzuela,5975180,14258421,2026-03-09T10:00:00Z,2026-03-09T18:00:00+08:00,12.2,PM2.5,µg/m³
Valenzuela,5975180,14258421,2026-03-09T11:00:00Z,2026-03-09T19:00:00+08:00,16.7,PM2.5,µg/m³
Valenzuela,5975180,14258421,2026-03-09T12:00:00Z,2026-03-09T20:00:00+08:00,16.4,PM2.5,µg/m³
Valenzuela,5975180,14258421,2026-03-09T13:00:00Z,2026-03-09T21:00:00+08:00,9.4,PM2.5,µg/m³
Valenzuela,5975180,14258421,2026-03-09T14:00:00Z,2026-03-09T22:00:00+08:00,17.3,PM2.5,µg/m³
Valenzuela,5975180,14258421,2026-03-09T15:00:00Z,2026-03-09T23:00:00+08:00,28.9,PM2.5,µg/m³
Valenzuela,5975180,14258421,2026-03-09T16:00:00Z,2026-03-10T00:00:00+08:00,29.6,PM2.5,µg/m³
Valenzuela,5975180,14258421,2026-03-09T17:00:00Z,2026-03-10T01:00:00+08:00,25.5,PM2.5,µg/m³
Valenzuela,5975180,14258421,2026-03-09T18:00:00Z,2026-03-10T02:00:00+08:00,19.1,PM2.5,µg/m³
Valenzuela,5975180,14258421,2026-03-09T19:00:00Z,2026-03-10T03:00:00+08:00,24.6,PM2.5,µg/m³
Valenzuela,5975180,14258421,2026-03-09T20:00:00Z,2026-03-10T04:00:00+08:00,11.3,PM2.5,µg/m³
Valenzuela,5975180,14258421,2026-03-09T21:00:00Z,2026-03-10T05:00:00+08:00,17.4,PM2.5,µg/m³
Valenzuela,5975180,14258421,2026-03-09T22:00:00Z,2026-03-10T06:00:00+08:00,15.0,PM2.5,µg/m³
Valenzuela,5975180,14258421,2026-03-09T23:00:00Z,2026-03-10T07:00:00+08:00,28.2,PM2.5,µg/m³
Valenzuela,5975180,14258421,2026-03-10T00:00:00Z,2026-03-10T08:00:00+08:00,26.1,PM2.5,µg/m³
Valenzuela,5975180,14258421,2026-03-10T01:00:00Z,2026-03-10T09:00:00+08:00,17.5,PM2.5,µg/m³
Valenzuela,5975180,14258421,2026-03-10T02:00:00Z,2026-03-10T10:00:00+08:00,7.6,PM2.5,µg/m³
Valenzuela,5975180,14258421,2026-03-10T03:00:00Z,2026-03-10T11:00:00+08:00,8.3,PM2.5,µg/m³
Valenzuela,5975180,14258421,2026-03-10T04:00:00Z,2026-03-10T12:00:00+08:00,12.2,PM2.5,µg/m³
Valenzuela,5975180,14258421,2026-03-10T05:00:00Z,2026-03-10T13:00:00+08:00,14.9,PM2.5,µg/m³
Valenzuela,5975180,14258421,2026-03-10T06:00:00Z,2026-03-10T14:00:00+08:00,11.4,PM2.5,µg/m³
Valenzuela,5975180,14258421,2026-03-10T07:00:00Z,2026-03-10T15:00:00+08:00,10.2,PM2.5,µg/m³
Valenzuela,5975180,14258421,2026-03-10T08:00:00Z,2026-03-10T16:00:00+08:00,16.5,PM2.5,µg/m³
Valenzuela,5975180,14258421,2026-03-10T09:00:00Z,2026-03-10T17:00:00+08:00,13.8,PM2.5,µg/m³
Valenzuela,5975180,14258421,2026-03-10T10:00:00Z,2026-03-10T18:00:00+08:00,14.4,PM2.5,µg/m³
Valenzuela,5975180,14258421,2026-03-10T11:00:00Z,2026-03-10T19:00:00+08:00,20.7,PM2.5,µg/m³
Valenzuela,5975180,14258421,2026-03-10T12:00:00Z,2026-03-10T20:00:00+08:00,20.9,PM2.5,µg/m³
Valenzuela,5975180,14258421,2026-03-10T13:00:00Z,2026-03-10T21:00:00+08:00,17.6,PM2.5,µg/m³
Valenzuela,5975180,14258421,2026-03-10T14:00:00Z,2026-03-10T22:00:00+08:00,18.4,PM2.5,µg/m³
Valenzuela,5975180,14258421,2026-03-10T15:00:00Z,2026-03-10T23:00:00+08:00,25.4,PM2.5,µg/m³
Valenzuela,5975180,14258421,2026-03-10T16:00:00Z,2026-03-11T00:00:00+08:00,24.0,PM2.5,µg/m³
Valenzuela,5975180,14258421,2026-03-10T17:00:00Z,2026-03-11T01:00:00+08:00,31.2,PM2.5,µg/m³
Valenzuela,5975180,14258421,2026-03-10T18:00:00Z,2026-03-11T02:00:00+08:00,31.1,PM2.5,µg/m³
Valenzuela,5975180,14258421,2026-03-10T19:00:00Z,2026-03-11T03:00:00+08:00,37.7,PM2.5,µg/m³
Valenzuela,5975180,14258421,2026-03-10T20:00:00Z,2026-03-11T04:00:00+08:00,46.1,PM2.5,µg/m³
Valenzuela,5975180,14258421,2026-03-10T21:00:00Z,2026-03-11T05:00:00+08:00,48.0,PM2.5,µg/m³
Valenzuela,5975180,14258421,2026-03-10T22:00:00Z,2026-03-11T06:00:00+08:00,57.8,PM2.5,µg/m³
Valenzuela,5975180,14258421,2026-03-10T23:00:00Z,2026-03-11T07:00:00+08:00,61.5,PM2.5,µg/m³
Valenzuela,5975180,14258421,2026-03-11T00:00:00Z,2026-03-11T08:00:00+08:00,56.5,PM2.5,µg/m³
Valenzuela,5975180,14258421,2026-03-11T01:00:00Z,2026-03-11T09:00:00+08:00,45.5,PM2.5,µg/m³
Valenzuela,5975180,14258421,2026-03-11T02:00:00Z,2026-03-11T10:00:00+08:00,28.3,PM2.5,µg/m³
Valenzuela,5975180,14258421,2026-03-11T03:00:00Z,2026-03-11T11:00:00+08:00,35.6,PM2.5,µg/m³
Valenzuela,5975180,14258421,2026-03-11T04:00:00Z,2026-03-11T12:00:00+08:00,29.5,PM2.5,µg/m³
Valenzuela,5975180,14258421,2026-03-11T05:00:00Z,2026-03-11T13:00:00+08:00,29.2,PM2.5,µg/m³
Valenzuela,5975180,14258421,2026-03-11T06:00:00Z,2026-03-11T14:00:00+08:00,27.5,PM2.5,µg/m³
Valenzuela,5975180,14258421,2026-03-11T07:00:00Z,2026-03-11T15:00:00+08:00,27.1,PM2.5,µg/m³
Valenzuela,5975180,14258421,2026-03-11T08:00:00Z,2026-03-11T16:00:00+08:00,26.3,PM2.5,µg/m³
Valenzuela,5975180,14258421,2026-03-11T09:00:00Z,2026-03-11T17:00:00+08:00,15.9,PM2.5,µg/m³
Valenzuela,5975180,14258421,2026-03-11T10:00:00Z,2026-03-11T18:00:00+08:00,12.7,PM2.5,µg/m³
Valenzuela,5975180,14258421,2026-03-11T11:00:00Z,2026-03-11T19:00:00+08:00,13.3,PM2.5,µg/m³
Valenzuela,5975180,14258421,2026-03-11T12:00:00Z,2026-03-11T20:00:00+08:00,20.1,PM2.5,µg/m³
Valenzuela,5975180,14258421,2026-03-11T13:00:00Z,2026-03-11T21:00:00+08:00,24.3,PM2.5,µg/m³
Valenzuela,5975180,14258421,2026-03-11T14:00:00Z,2026-03-11T22:00:00+08:00,17.2,PM2.5,µg/m³
Valenzuela,5975180,14258421,2026-03-11T15:00:00Z,2026-03-11T23:00:00+08:00,14.9,PM2.5,µg/m³
Valenzuela,5975180,14258421,2026-03-11T16:00:00Z,2026-03-12T00:00:00+08:00,17.6,PM2.5,µg/m³
Valenzuela,5975180,14258421,2026-03-11T17:00:00Z,2026-03-12T01:00:00+08:00,34.6,PM2.5,µg/m³
Valenzuela,5975180,14258421,2026-03-11T18:00:00Z,2026-03-12T02:00:00+08:00,29.7,PM2.5,µg/m³
Valenzuela,5975180,14258421,2026-03-11T19:00:00Z,2026-03-12T03:00:00+08:00,36.5,PM2.5,µg/m³
Valenzuela,5975180,14258421,2026-03-11T20:00:00Z,2026-03-12T04:00:00+08:00,36.5,PM2.5,µg/m³
Valenzuela,5975180,14258421,2026-03-11T21:00:00Z,2026-03-12T05:00:00+08:00,36.9,PM2.5,µg/m³
Valenzuela,5975180,14258421,2026-03-11T22:00:00Z,2026-03-12T06:00:00+08:00,50.0,PM2.5,µg/m³
Valenzuela,5975180,14258421,2026-03-11T23:00:00Z,2026-03-12T07:00:00+08:00,57.6,PM2.5,µg/m³
Valenzuela,5975180,14258421,2026-03-12T00:00:00Z,2026-03-12T08:00:00+08:00,42.3,PM2.5,µg/m³
Valenzuela,5975180,14258421,2026-03-12T01:00:00Z,2026-03-12T09:00:00+08:00,36.3,PM2.5,µg/m³
Valenzuela,5975180,14258421,2026-03-12T02:00:00Z,2026-03-12T10:00:00+08:00,35.5,PM2.5,µg/m³
Valenzuela,5975180,14258421,2026-03-12T03:00:00Z,2026-03-12T11:00:00+08:00,33.2,PM2.5,µg/m³
Valenzuela,5975180,14258421,2026-03-12T04:00:00Z,2026-03-12T12:00:00+08:00,31.7,PM2.5,µg/m³
Valenzuela,5975180,14258421,2026-03-12T05:00:00Z,2026-03-12T13:00:00+08:00,29.2,PM2.5,µg/m³
Valenzuela,5975180,14258421,2026-03-12T06:00:00Z,2026-03-12T14:00:00+08:00,35.9,PM2.5,µg/m³
Valenzuela,5975180,14258421,2026-03-12T07:00:00Z,2026-03-12T15:00:00+08:00,33.2,PM2.5,µg/m³
Valenzuela,5975180,14258421,2026-03-12T08:00:00Z,2026-03-12T16:00:00+08:00,33.1,PM2.5,µg/m³
Valenzuela,5975180,14258421,2026-03-12T09:00:00Z,2026-03-12T17:00:00+08:00,32.3,PM2.5,µg/m³
Valenzuela,5975180,14258421,2026-03-12T10:00:00Z,2026-03-12T18:00:00+08:00,29.1,PM2.5,µg/m³
Valenzuela,5975180,14258421,2026-03-12T11:00:00Z,2026-03-12T19:00:00+08:00,20.4,PM2.5,µg/m³
Valenzuela,5975180,14258421,2026-03-12T12:00:00Z,2026-03-12T20:00:00+08:00,14.3,PM2.5,µg/m³
Valenzuela,5975180,14258421,2026-03-12T13:00:00Z,2026-03-12T21:00:00+08:00,8.2,PM2.5,µg/m³
Valenzuela,5975180,14258421,2026-03-12T14:00:00Z,2026-03-12T22:00:00+08:00,9.1,PM2.5,µg/m³
Valenzuela,5975180,14258421,2026-03-12T15:00:00Z,2026-03-12T23:00:00+08:00,4.7,PM2.5,µg/m³
Valenzuela,5975180,14258421,2026-03-12T16:00:00Z,2026-03-13T00:00:00+08:00,14.9,PM2.5,µg/m³
Valenzuela,5975180,14258421,2026-03-12T17:00:00Z,2026-03-13T01:00:00+08:00,21.5,PM2.5,µg/m³
Valenzuela,5975180,14258421,2026-03-12T18:00:00Z,2026-03-13T02:00:00+08:00,10.6,PM2.5,µg/m³
Valenzuela,5975180,14258421,2026-03-12T19:00:00Z,2026-03-13T03:00:00+08:00,5.8,PM2.5,µg/m³
Valenzuela,5975180,14258421,2026-03-12T20:00:00Z,2026-03-13T04:00:00+08:00,7.0,PM2.5,µg/m³
Valenzuela,5975180,14258421,2026-03-12T21:00:00Z,2026-03-13T05:00:00+08:00,3.7,PM2.5,µg/m³
Valenzuela,5975180,14258421,2026-03-12T22:00:00Z,2026-03-13T06:00:00+08:00,1.6,PM2.5,µg/m³
Valenzuela,5975180,14258421,2026-03-12T23:00:00Z,2026-03-13T07:00:00+08:00,7.5,PM2.5,µg/m³
Valenzuela,5975180,14258421,2026-03-13T00:00:00Z,2026-03-13T08:00:00+08:00,19.0,PM2.5,µg/m³
Valenzuela,5975180,14258421,2026-03-13T01:00:00Z,2026-03-13T09:00:00+08:00,9.1,PM2.5,µg/m³
Valenzuela,5975180,14258421,2026-03-13T02:00:00Z,2026-03-13T10:00:00+08:00,11.3,PM2.5,µg/m³
Valenzuela,5975180,14258421,2026-03-13T03:00:00Z,2026-03-13T11:00:00+08:00,4.3,PM2.5,µg/m³
Valenzuela,5975180,14258421,2026-03-13T04:00:00Z,2026-03-13T12:00:00+08:00,1.7,PM2.5,µg/m³
Valenzuela,5975180,14258421,2026-03-13T05:00:00Z,2026-03-13T13:00:00+08:00,1.1,PM2.5,µg/m³
Valenzuela,5975180,14258421,2026-03-13T06:00:00Z,2026-03-13T14:00:00+08:00,1.7,PM2.5,µg/m³
Valenzuela,5975180,14258421,2026-03-13T07:00:00Z,2026-03-13T15:00:00+08:00,1.1,PM2.5,µg/m³
Valenzuela,5975180,14258421,2026-03-13T08:00:00Z,2026-03-13T16:00:00+08:00,3.0,PM2.5,µg/m³
Valenzuela,5975180,14258421,2026-03-13T09:00:00Z,2026-03-13T17:00:00+08:00,2.2,PM2.5,µg/m³
Valenzuela,5975180,14258421,2026-03-13T10:00:00Z,2026-03-13T18:00:00+08:00,3.6,PM2.5,µg/m³
Valenzuela,5975180,14258421,2026-03-13T11:00:00Z,2026-03-13T19:00:00+08:00,13.0,PM2.5,µg/m³
Valenzuela,5975180,14258421,2026-03-13T12:00:00Z,2026-03-13T20:00:00+08:00,19.0,PM2.5,µg/m³
Valenzuela,5975180,14258421,2026-03-13T13:00:00Z,2026-03-13T21:00:00+08:00,12.5,PM2.5,µg/m³
Valenzuela,5975180,14258421,2026-03-13T14:00:00Z,2026-03-13T22:00:00+08:00,8.8,PM2.5,µg/m³
Valenzuela,5975180,14258421,2026-03-13T15:00:00Z,2026-03-13T23:00:00+08:00,17.4,PM2.5,µg/m³
Valenzuela,5975180,14258421,2026-03-13T16:00:00Z,2026-03-14T00:00:00+08:00,24.7,PM2.5,µg/m³
Valenzuela,5975180,14258421,2026-03-13T17:00:00Z,2026-03-14T01:00:00+08:00,14.9,PM2.5,µg/m³
Valenzuela,5975180,14258421,2026-03-13T18:00:00Z,2026-03-14T02:00:00+08:00,15.5,PM2.5,µg/m³
Valenzuela,5975180,14258421,2026-03-13T19:00:00Z,2026-03-14T03:00:00+08:00,14.3,PM2.5,µg/m³
Valenzuela,5975180,14258421,2026-03-13T20:00:00Z,2026-03-14T04:00:00+08:00,23.1,PM2.5,µg/m³
Valenzuela,5975180,14258421,2026-03-13T21:00:00Z,2026-03-14T05:00:00+08:00,20.7,PM2.5,µg/m³
Valenzuela,5975180,14258421,2026-03-13T22:00:00Z,2026-03-14T06:00:00+08:00,13.2,PM2.5,µg/m³
Valenzuela,5975180,14258421,2026-03-13T23:00:00Z,2026-03-14T07:00:00+08:00,16.7,PM2.5,µg/m³
Valenzuela,5975180,14258421,2026-03-14T00:00:00Z,2026-03-14T08:00:00+08:00,31.3,PM2.5,µg/m³
Valenzuela,5975180,14258421,2026-03-14T01:00:00Z,2026-03-14T09:00:00+08:00,29.9,PM2.5,µg/m³
Valenzuela,5975180,14258421,2026-03-14T02:00:00Z,2026-03-14T10:00:00+08:00,14.1,PM2.5,µg/m³
Valenzuela,5975180,14258421,2026-03-14T03:00:00Z,2026-03-14T11:00:00+08:00,10.7,PM2.5,µg/m³
Valenzuela,5975180,14258421,2026-03-14T04:00:00Z,2026-03-14T12:00:00+08:00,6.3,PM2.5,µg/m³
Valenzuela,5975180,14258421,2026-03-14T05:00:00Z,2026-03-14T13:00:00+08:00,2.9,PM2.5,µg/m³
Valenzuela,5975180,14258421,2026-03-14T06:00:00Z,2026-03-14T14:00:00+08:00,3.8,PM2.5,µg/m³
Valenzuela,5975180,14258421,2026-03-14T07:00:00Z,2026-03-14T15:00:00+08:00,2.9,PM2.5,µg/m³
Valenzuela,5975180,14258421,2026-03-14T08:00:00Z,2026-03-14T16:00:00+08:00,3.2,PM2.5,µg/m³
Valenzuela,5975180,14258421,2026-03-14T09:00:00Z,2026-03-14T17:00:00+08:00,2.8,PM2.5,µg/m³
Valenzuela,5975180,14258421,2026-03-14T10:00:00Z,2026-03-14T18:00:00+08:00,5.8,PM2.5,µg/m³
Valenzuela,5975180,14258421,2026-03-14T11:00:00Z,2026-03-14T19:00:00+08:00,12.1,PM2.5,µg/m³
Valenzuela,5975180,14258421,2026-03-14T12:00:00Z,2026-03-14T20:00:00+08:00,20.2,PM2.5,µg/m³
Valenzuela,5975180,14258421,2026-03-14T13:00:00Z,2026-03-14T21:00:00+08:00,43.6,PM2.5,µg/m³
Valenzuela,5975180,14258421,2026-03-14T14:00:00Z,2026-03-14T22:00:00+08:00,38.6,PM2.5,µg/m³
Valenzuela,5975180,14258421,2026-03-14T15:00:00Z,2026-03-14T23:00:00+08:00,45.0,PM2.5,µg/m³
Valenzuela,5975180,14258421,2026-03-14T16:00:00Z,2026-03-15T00:00:00+08:00,37.2,PM2.5,µg/m³
Valenzuela,5975180,14258421,2026-03-14T17:00:00Z,2026-03-15T01:00:00+08:00,38.7,PM2.5,µg/m³
Valenzuela,5975180,14258421,2026-03-14T18:00:00Z,2026-03-15T02:00:00+08:00,40.5,PM2.5,µg/m³
Valenzuela,5975180,14258421,2026-03-14T19:00:00Z,2026-03-15T03:00:00+08:00,54.3,PM2.5,µg/m³
Valenzuela,5975180,14258421,2026-03-14T20:00:00Z,2026-03-15T04:00:00+08:00,53.0,PM2.5,µg/m³
Valenzuela,5975180,14258421,2026-03-14T21:00:00Z,2026-03-15T05:00:00+08:00,51.1,PM2.5,µg/m³
Valenzuela,5975180,14258421,2026-03-14T22:00:00Z,2026-03-15T06:00:00+08:00,38.7,PM2.5,µg/m³
Valenzuela,5975180,14258421,2026-03-14T23:00:00Z,2026-03-15T07:00:00+08:00,38.9,PM2.5,µg/m³
Valenzuela,5975180,14258421,2026-03-15T00:00:00Z,2026-03-15T08:00:00+08:00,42.3,PM2.5,µg/m³
Valenzuela,5975180,14258421,2026-03-15T01:00:00Z,2026-03-15T09:00:00+08:00,31.9,PM2.5,µg/m³
Valenzuela,5975180,14258421,2026-03-15T02:00:00Z,2026-03-15T10:00:00+08:00,16.7,PM2.5,µg/m³
Valenzuela,5975180,14258421,2026-03-15T03:00:00Z,2026-03-15T11:00:00+08:00,8.3,PM2.5,µg/m³
Valenzuela,5975180,14258421,2026-03-15T04:00:00Z,2026-03-15T12:00:00+08:00,5.0,PM2.5,µg/m³
Valenzuela,5975180,14258421,2026-03-15T05:00:00Z,2026-03-15T13:00:00+08:00,3.5,PM2.5,µg/m³
Valenzuela,5975180,14258421,2026-03-15T06:00:00Z,2026-03-15T14:00:00+08:00,2.0,PM2.5,µg/m³
Valenzuela,5975180,14258421,2026-03-15T07:00:00Z,2026-03-15T15:00:00+08:00,1.0,PM2.5,µg/m³
Valenzuela,5975180,14258421,2026-03-15T08:00:00Z,2026-03-15T16:00:00+08:00,1.2,PM2.5,µg/m³
Valenzuela,5975180,14258421,2026-03-15T09:00:00Z,2026-03-15T17:00:00+08:00,7.4,PM2.5,µg/m³
Valenzuela,5975180,14258421,2026-03-15T10:00:00Z,2026-03-15T18:00:00+08:00,19.5,PM2.5,µg/m³
Valenzuela,5975180,14258421,2026-03-15T11:00:00Z,2026-03-15T19:00:00+08:00,9.8,PM2.5,µg/m³
Valenzuela,5975180,14258421,2026-03-15T12:00:00Z,2026-03-15T20:00:00+08:00,11.9,PM2.5,µg/m³
Valenzuela,5975180,14258421,2026-03-15T13:00:00Z,2026-03-15T21:00:00+08:00,7.6,PM2.5,µg/m³
Valenzuela,5975180,14258421,2026-03-15T14:00:00Z,2026-03-15T22:00:00+08:00,10.2,PM2.5,µg/m³
Valenzuela,5975180,14258421,2026-03-15T15:00:00Z,2026-03-15T23:00:00+08:00,9.9,PM2.5,µg/m³
Valenzuela,5975180,14258421,2026-03-15T16:00:00Z,2026-03-16T00:00:00+08:00,17.9,PM2.5,µg/m³
Valenzuela,5975180,14258421,2026-03-15T17:00:00Z,2026-03-16T01:00:00+08:00,19.6,PM2.5,µg/m³
Valenzuela,5975180,14258421,2026-03-15T18:00:00Z,2026-03-16T02:00:00+08:00,11.5,PM2.5,µg/m³
Valenzuela,5975180,14258421,2026-03-15T19:00:00Z,2026-03-16T03:00:00+08:00,24.6,PM2.5,µg/m³
Valenzuela,5975180,14258421,2026-03-15T20:00:00Z,2026-03-16T04:00:00+08:00,29.8,PM2.5,µg/m³
Valenzuela,5975180,14258421,2026-03-15T21:00:00Z,2026-03-16T05:00:00+08:00,11.5,PM2.5,µg/m³
Valenzuela,5975180,14258421,2026-03-15T22:00:00Z,2026-03-16T06:00:00+08:00,20.5,PM2.5,µg/m³
Valenzuela,5975180,14258421,2026-03-15T23:00:00Z,2026-03-16T07:00:00+08:00,41.9,PM2.5,µg/m³
Valenzuela,5975180,14258421,2026-03-16T00:00:00Z,2026-03-16T08:00:00+08:00,28.3,PM2.5,µg/m³
Valenzuela,5975180,14258421,2026-03-16T01:00:00Z,2026-03-16T09:00:00+08:00,24.1,PM2.5,µg/m³
Valenzuela,5975180,14258421,2026-03-16T02:00:00Z,2026-03-16T10:00:00+08:00,7.7,PM2.5,µg/m³
Valenzuela,5975180,14258421,2026-03-16T03:00:00Z,2026-03-16T11:00:00+08:00,2.6,PM2.5,µg/m³
Valenzuela,5975180,14258421,2026-03-16T04:00:00Z,2026-03-16T12:00:00+08:00,2.9,PM2.5,µg/m³
Valenzuela,5975180,14258421,2026-03-16T05:00:00Z,2026-03-16T13:00:00+08:00,1.9,PM2.5,µg/m³
Valenzuela,5975180,14258421,2026-03-16T06:00:00Z,2026-03-16T14:00:00+08:00,2.2,PM2.5,µg/m³
Valenzuela,5975180,14258421,2026-03-16T07:00:00Z,2026-03-16T15:00:00+08:00,1.1,PM2.5,µg/m³
Valenzuela,5975180,14258421,2026-03-16T08:00:00Z,2026-03-16T16:00:00+08:00,2.0,PM2.5,µg/m³
Valenzuela,5975180,14258421,2026-03-16T09:00:00Z,2026-03-16T17:00:00+08:00,1.6,PM2.5,µg/m³
Valenzuela,5975180,14258421,2026-03-16T10:00:00Z,2026-03-16T18:00:00+08:00,6.0,PM2.5,µg/m³
Valenzuela,5975180,14258421,2026-03-16T11:00:00Z,2026-03-16T19:00:00+08:00,15.7,PM2.5,µg/m³
Valenzuela,5975180,14258421,2026-03-16T12:00:00Z,2026-03-16T20:00:00+08:00,25.3,PM2.5,µg/m³
Valenzuela,5975180,14258421,2026-03-16T13:00:00Z,2026-03-16T21:00:00+08:00,37.5,PM2.5,µg/m³
Valenzuela,5975180,14258421,2026-03-16T14:00:00Z,2026-03-16T22:00:00+08:00,37.2,PM2.5,µg/m³
Valenzuela,5975180,14258421,2026-03-16T15:00:00Z,2026-03-16T23:00:00+08:00,41.8,PM2.5,µg/m³
Valenzuela,5975180,14258421,2026-03-16T16:00:00Z,2026-03-17T00:00:00+08:00,57.4,PM2.5,µg/m³
Valenzuela,5975180,14258421,2026-03-16T17:00:00Z,2026-03-17T01:00:00+08:00,55.1,PM2.5,µg/m³
Valenzuela,5975180,14258421,2026-03-16T18:00:00Z,2026-03-17T02:00:00+08:00,48.4,PM2.5,µg/m³
Valenzuela,5975180,14258421,2026-03-16T19:00:00Z,2026-03-17T03:00:00+08:00,45.1,PM2.5,µg/m³
Valenzuela,5975180,14258421,2026-03-16T20:00:00Z,2026-03-17T04:00:00+08:00,43.5,PM2.5,µg/m³
Valenzuela,5975180,14258421,2026-03-16T21:00:00Z,2026-03-17T05:00:00+08:00,23.4,PM2.5,µg/m³
Valenzuela,5975180,14258421,2026-03-16T22:00:00Z,2026-03-17T06:00:00+08:00,19.8,PM2.5,µg/m³
Valenzuela,5975180,14258421,2026-03-16T23:00:00Z,2026-03-17T07:00:00+08:00,15.5,PM2.5,µg/m³
Valenzuela,5975180,14258421,2026-03-17T00:00:00Z,2026-03-17T08:00:00+08:00,17.8,PM2.5,µg/m³
Valenzuela,5975180,14258421,2026-03-17T01:00:00Z,2026-03-17T09:00:00+08:00,30.6,PM2.5,µg/m³
Valenzuela,5975180,14258421,2026-03-17T02:00:00Z,2026-03-17T10:00:00+08:00,28.6,PM2.5,µg/m³
Valenzuela,5975180,14258421,2026-03-17T03:00:00Z,2026-03-17T11:00:00+08:00,34.0,PM2.5,µg/m³
Valenzuela,5975180,14258421,2026-03-17T04:00:00Z,2026-03-17T12:00:00+08:00,31.2,PM2.5,µg/m³
Valenzuela,5975180,14258421,2026-03-17T05:00:00Z,2026-03-17T13:00:00+08:00,15.8,PM2.5,µg/m³
Valenzuela,5975180,14258421,2026-03-17T06:00:00Z,2026-03-17T14:00:00+08:00,18.3,PM2.5,µg/m³
Valenzuela,5975180,14258421,2026-03-17T07:00:00Z,2026-03-17T15:00:00+08:00,15.5,PM2.5,µg/m³
Valenzuela,5975180,14258421,2026-03-17T08:00:00Z,2026-03-17T16:00:00+08:00,19.0,PM2.5,µg/m³
Valenzuela,5975180,14258421,2026-03-17T09:00:00Z,2026-03-17T17:00:00+08:00,26.3,PM2.5,µg/m³
Valenzuela,5975180,14258421,2026-03-17T10:00:00Z,2026-03-17T18:00:00+08:00,23.9,PM2.5,µg/m³
Valenzuela,5975180,14258421,2026-03-17T11:00:00Z,2026-03-17T19:00:00+08:00,33.8,PM2.5,µg/m³
Valenzuela,5975180,14258421,2026-03-17T12:00:00Z,2026-03-17T20:00:00+08:00,42.8,PM2.5,µg/m³
Valenzuela,5975180,14258421,2026-03-17T13:00:00Z,2026-03-17T21:00:00+08:00,34.4,PM2.5,µg/m³
Valenzuela,5975180,14258421,2026-03-17T14:00:00Z,2026-03-17T22:00:00+08:00,36.9,PM2.5,µg/m³
Valenzuela,5975180,14258421,2026-03-17T15:00:00Z,2026-03-17T23:00:00+08:00,44.2,PM2.5,µg/m³
Valenzuela,5975180,14258421,2026-03-17T16:00:00Z,2026-03-18T00:00:00+08:00,41.1,PM2.5,µg/m³
Valenzuela,5975180,14258421,2026-03-17T17:00:00Z,2026-03-18T01:00:00+08:00,41.2,PM2.5,µg/m³
Valenzuela,5975180,14258421,2026-03-17T18:00:00Z,2026-03-18T02:00:00+08:00,26.2,PM2.5,µg/m³
Valenzuela,5975180,14258421,2026-03-17T19:00:00Z,2026-03-18T03:00:00+08:00,41.9,PM2.5,µg/m³
Valenzuela,5975180,14258421,2026-03-17T20:00:00Z,2026-03-18T04:00:00+08:00,47.1,PM2.5,µg/m³
Valenzuela,5975180,14258421,2026-03-17T21:00:00Z,2026-03-18T05:00:00+08:00,56.6,PM2.5,µg/m³
Valenzuela,5975180,14258421,2026-03-17T22:00:00Z,2026-03-18T06:00:00+08:00,73.2,PM2.5,µg/m³
Valenzuela,5975180,14258421,2026-03-17T23:00:00Z,2026-03-18T07:00:00+08:00,83.2,PM2.5,µg/m³
Valenzuela,5975180,14258421,2026-03-18T00:00:00Z,2026-03-18T08:00:00+08:00,57.0,PM2.5,µg/m³
Valenzuela,5975180,14258421,2026-03-18T01:00:00Z,2026-03-18T09:00:00+08:00,40.0,PM2.5,µg/m³
Valenzuela,5975180,14258421,2026-03-18T02:00:00Z,2026-03-18T10:00:00+08:00,28.3,PM2.5,µg/m³
Valenzuela,5975180,14258421,2026-03-18T03:00:00Z,2026-03-18T11:00:00+08:00,27.3,PM2.5,µg/m³
Valenzuela,5975180,14258421,2026-03-18T04:00:00Z,2026-03-18T12:00:00+08:00,27.3,PM2.5,µg/m³
Valenzuela,5975180,14258421,2026-03-18T05:00:00Z,2026-03-18T13:00:00+08:00,25.8,PM2.5,µg/m³
Valenzuela,5975180,14258421,2026-03-18T06:00:00Z,2026-03-18T14:00:00+08:00,13.2,PM2.5,µg/m³
Valenzuela,5975180,14258421,2026-03-18T07:00:00Z,2026-03-18T15:00:00+08:00,10.2,PM2.5,µg/m³
Valenzuela,5975180,14258421,2026-03-18T08:00:00Z,2026-03-18T16:00:00+08:00,11.4,PM2.5,µg/m³
Valenzuela,5975180,14258421,2026-03-18T09:00:00Z,2026-03-18T17:00:00+08:00,31.4,PM2.5,µg/m³
Valenzuela,5975180,14258421,2026-03-18T10:00:00Z,2026-03-18T18:00:00+08:00,32.2,PM2.5,µg/m³
Valenzuela,5975180,14258421,2026-03-18T11:00:00Z,2026-03-18T19:00:00+08:00,34.7,PM2.5,µg/m³
Valenzuela,5975180,14258421,2026-03-18T12:00:00Z,2026-03-18T20:00:00+08:00,25.6,PM2.5,µg/m³
Valenzuela,5975180,14258421,2026-03-18T13:00:00Z,2026-03-18T21:00:00+08:00,10.9,PM2.5,µg/m³
Valenzuela,5975180,14258421,2026-03-18T14:00:00Z,2026-03-18T22:00:00+08:00,32.2,PM2.5,µg/m³
Valenzuela,5975180,14258421,2026-03-18T15:00:00Z,2026-03-18T23:00:00+08:00,42.6,PM2.5,µg/m³
Valenzuela,5975180,14258421,2026-03-18T16:00:00Z,2026-03-19T00:00:00+08:00,39.6,PM2.5,µg/m³
Valenzuela,5975180,14258421,2026-03-18T17:00:00Z,2026-03-19T01:00:00+08:00,37.0,PM2.5,µg/m³
Valenzuela,5975180,14258421,2026-03-18T18:00:00Z,2026-03-19T02:00:00+08:00,35.4,PM2.5,µg/m³
Valenzuela,5975180,14258421,2026-03-18T19:00:00Z,2026-03-19T03:00:00+08:00,28.2,PM2.5,µg/m³
Valenzuela,5975180,14258421,2026-03-18T20:00:00Z,2026-03-19T04:00:00+08:00,29.6,PM2.5,µg/m³
Valenzuela,5975180,14258421,2026-03-18T21:00:00Z,2026-03-19T05:00:00+08:00,31.2,PM2.5,µg/m³
Valenzuela,5975180,14258421,2026-03-18T22:00:00Z,2026-03-19T06:00:00+08:00,41.9,PM2.5,µg/m³
Valenzuela,5975180,14258421,2026-03-18T23:00:00Z,2026-03-19T07:00:00+08:00,35.1,PM2.5,µg/m³
Valenzuela,5975180,14258421,2026-03-19T00:00:00Z,2026-03-19T08:00:00+08:00,25.7,PM2.5,µg/m³
Valenzuela,5975180,14258421,2026-03-19T01:00:00Z,2026-03-19T09:00:00+08:00,31.9,PM2.5,µg/m³
Valenzuela,5975180,14258421,2026-03-19T02:00:00Z,2026-03-19T10:00:00+08:00,46.2,PM2.5,µg/m³
Valenzuela,5975180,14258421,2026-03-19T03:00:00Z,2026-03-19T11:00:00+08:00,41.4,PM2.5,µg/m³
Valenzuela,5975180,14258421,2026-03-19T04:00:00Z,2026-03-19T12:00:00+08:00,26.6,PM2.5,µg/m³
Valenzuela,5975180,14258421,2026-03-19T05:00:00Z,2026-03-19T13:00:00+08:00,13.6,PM2.5,µg/m³
Valenzuela,5975180,14258421,2026-03-19T06:00:00Z,2026-03-19T14:00:00+08:00,9.1,PM2.5,µg/m³
Valenzuela,5975180,14258421,2026-03-19T07:00:00Z,2026-03-19T15:00:00+08:00,6.8,PM2.5,µg/m³
Valenzuela,5975180,14258421,2026-03-19T08:00:00Z,2026-03-19T16:00:00+08:00,6.0,PM2.5,µg/m³
Valenzuela,5975180,14258421,2026-03-19T09:00:00Z,2026-03-19T17:00:00+08:00,13.7,PM2.5,µg/m³
Valenzuela,5975180,14258421,2026-03-19T10:00:00Z,2026-03-19T18:00:00+08:00,18.1,PM2.5,µg/m³
Valenzuela,5975180,14258421,2026-03-19T11:00:00Z,2026-03-19T19:00:00+08:00,24.2,PM2.5,µg/m³
Valenzuela,5975180,14258421,2026-03-19T12:00:00Z,2026-03-19T20:00:00+08:00,24.5,PM2.5,µg/m³
Valenzuela,5975180,14258421,2026-03-19T13:00:00Z,2026-03-19T21:00:00+08:00,22.6,PM2.5,µg/m³
Valenzuela,5975180,14258421,2026-03-19T14:00:00Z,2026-03-19T22:00:00+08:00,19.4,PM2.5,µg/m³
Valenzuela,5975180,14258421,2026-03-19T15:00:00Z,2026-03-19T23:00:00+08:00,12.5,PM2.5,µg/m³
Valenzuela,5975180,14258421,2026-03-19T16:00:00Z,2026-03-20T00:00:00+08:00,32.9,PM2.5,µg/m³
Valenzuela,5975180,14258421,2026-03-19T17:00:00Z,2026-03-20T01:00:00+08:00,45.4,PM2.5,µg/m³
Valenzuela,5975180,14258421,2026-03-19T18:00:00Z,2026-03-20T02:00:00+08:00,43.1,PM2.5,µg/m³
Valenzuela,5975180,14258421,2026-03-19T19:00:00Z,2026-03-20T03:00:00+08:00,40.2,PM2.5,µg/m³
Valenzuela,5975180,14258421,2026-03-19T20:00:00Z,2026-03-20T04:00:00+08:00,43.2,PM2.5,µg/m³
Valenzuela,5975180,14258421,2026-03-19T21:00:00Z,2026-03-20T05:00:00+08:00,52.9,PM2.5,µg/m³
Valenzuela,5975180,14258421,2026-03-19T22:00:00Z,2026-03-20T06:00:00+08:00,55.9,PM2.5,µg/m³
Valenzuela,5975180,14258421,2026-03-19T23:00:00Z,2026-03-20T07:00:00+08:00,45.2,PM2.5,µg/m³
Valenzuela,5975180,14258421,2026-03-20T00:00:00Z,2026-03-20T08:00:00+08:00,37.8,PM2.5,µg/m³
Valenzuela,5975180,14258421,2026-03-20T01:00:00Z,2026-03-20T09:00:00+08:00,37.6,PM2.5,µg/m³
Valenzuela,5975180,14258421,2026-03-20T02:00:00Z,2026-03-20T10:00:00+08:00,37.1,PM2.5,µg/m³
Valenzuela,5975180,14258421,2026-03-20T03:00:00Z,2026-03-20T11:00:00+08:00,36.7,PM2.5,µg/m³
Valenzuela,5975180,14258421,2026-03-20T04:00:00Z,2026-03-20T12:00:00+08:00,37.6,PM2.5,µg/m³
Valenzuela,5975180,14258421,2026-03-20T05:00:00Z,2026-03-20T13:00:00+08:00,24.4,PM2.5,µg/m³
Valenzuela,5975180,14258421,2026-03-20T06:00:00Z,2026-03-20T14:00:00+08:00,23.8,PM2.5,µg/m³
Valenzuela,5975180,14258421,2026-03-20T07:00:00Z,2026-03-20T15:00:00+08:00,26.5,PM2.5,µg/m³
Valenzuela,5975180,14258421,2026-03-20T08:00:00Z,2026-03-20T16:00:00+08:00,23.9,PM2.5,µg/m³
Valenzuela,5975180,14258421,2026-03-20T09:00:00Z,2026-03-20T17:00:00+08:00,15.6,PM2.5,µg/m³
Valenzuela,5975180,14258421,2026-03-20T10:00:00Z,2026-03-20T18:00:00+08:00,22.0,PM2.5,µg/m³
Valenzuela,5975180,14258421,2026-03-20T11:00:00Z,2026-03-20T19:00:00+08:00,18.9,PM2.5,µg/m³
Valenzuela,5975180,14258421,2026-03-20T12:00:00Z,2026-03-20T20:00:00+08:00,15.3,PM2.5,µg/m³
Valenzuela,5975180,14258421,2026-03-20T13:00:00Z,2026-03-20T21:00:00+08:00,8.8,PM2.5,µg/m³
Valenzuela,5975180,14258421,2026-03-20T14:00:00Z,2026-03-20T22:00:00+08:00,6.8,PM2.5,µg/m³
Valenzuela,5975180,14258421,2026-03-20T15:00:00Z,2026-03-20T23:00:00+08:00,5.7,PM2.5,µg/m³
Valenzuela,5975180,14258421,2026-03-20T16:00:00Z,2026-03-21T00:00:00+08:00,9.7,PM2.5,µg/m³
Valenzuela,5975180,14258421,2026-03-20T17:00:00Z,2026-03-21T01:00:00+08:00,5.0,PM2.5,µg/m³
Valenzuela,5975180,14258421,2026-03-20T18:00:00Z,2026-03-21T02:00:00+08:00,9.7,PM2.5,µg/m³
Valenzuela,5975180,14258421,2026-03-20T19:00:00Z,2026-03-21T03:00:00+08:00,42.8,PM2.5,µg/m³
Valenzuela,5975180,14258421,2026-03-20T20:00:00Z,2026-03-21T04:00:00+08:00,30.5,PM2.5,µg/m³
Valenzuela,5975180,14258421,2026-03-20T21:00:00Z,2026-03-21T05:00:00+08:00,33.1,PM2.5,µg/m³
Valenzuela,5975180,14258421,2026-03-20T22:00:00Z,2026-03-21T06:00:00+08:00,32.8,PM2.5,µg/m³
Valenzuela,5975180,14258421,2026-03-20T23:00:00Z,2026-03-21T07:00:00+08:00,43.1,PM2.5,µg/m³
Valenzuela,5975180,14258421,2026-03-21T00:00:00Z,2026-03-21T08:00:00+08:00,53.0,PM2.5,µg/m³
Valenzuela,5975180,14258421,2026-03-21T01:00:00Z,2026-03-21T09:00:00+08:00,41.6,PM2.5,µg/m³
Valenzuela,5975180,14258421,2026-03-21T02:00:00Z,2026-03-21T10:00:00+08:00,28.9,PM2.5,µg/m³
Valenzuela,5975180,14258421,2026-03-21T03:00:00Z,2026-03-21T11:00:00+08:00,39.3,PM2.5,µg/m³
Valenzuela,5975180,14258421,2026-03-21T04:00:00Z,2026-03-21T12:00:00+08:00,37.9,PM2.5,µg/m³
Valenzuela,5975180,14258421,2026-03-21T05:00:00Z,2026-03-21T13:00:00+08:00,35.2,PM2.5,µg/m³
Valenzuela,5975180,14258421,2026-03-21T06:00:00Z,2026-03-21T14:00:00+08:00,27.0,PM2.5,µg/m³
Valenzuela,5975180,14258421,2026-03-21T07:00:00Z,2026-03-21T15:00:00+08:00,16.8,PM2.5,µg/m³
Valenzuela,5975180,14258421,2026-03-21T08:00:00Z,2026-03-21T16:00:00+08:00,7.6,PM2.5,µg/m³
Valenzuela,5975180,14258421,2026-03-21T09:00:00Z,2026-03-21T17:00:00+08:00,8.5,PM2.5,µg/m³
Valenzuela,5975180,14258421,2026-03-21T10:00:00Z,2026-03-21T18:00:00+08:00,5.9,PM2.5,µg/m³
Valenzuela,5975180,14258421,2026-03-21T11:00:00Z,2026-03-21T19:00:00+08:00,16.4,PM2.5,µg/m³
Valenzuela,5975180,14258421,2026-03-21T12:00:00Z,2026-03-21T20:00:00+08:00,20.9,PM2.5,µg/m³
Valenzuela,5975180,14258421,2026-03-21T13:00:00Z,2026-03-21T21:00:00+08:00,17.2,PM2.5,µg/m³
Valenzuela,5975180,14258421,2026-03-21T14:00:00Z,2026-03-21T22:00:00+08:00,8.9,PM2.5,µg/m³
Valenzuela,5975180,14258421,2026-03-21T15:00:00Z,2026-03-21T23:00:00+08:00,7.7,PM2.5,µg/m³
Valenzuela,5975180,14258421,2026-03-21T16:00:00Z,2026-03-22T00:00:00+08:00,9.0,PM2.5,µg/m³
Valenzuela,5975180,14258421,2026-03-21T17:00:00Z,2026-03-22T01:00:00+08:00,13.7,PM2.5,µg/m³
Valenzuela,5975180,14258421,2026-03-21T18:00:00Z,2026-03-22T02:00:00+08:00,31.9,PM2.5,µg/m³
Valenzuela,5975180,14258421,2026-03-21T19:00:00Z,2026-03-22T03:00:00+08:00,30.2,PM2.5,µg/m³
Valenzuela,5975180,14258421,2026-03-21T20:00:00Z,2026-03-22T04:00:00+08:00,34.9,PM2.5,µg/m³
Valenzuela,5975180,14258421,2026-03-21T21:00:00Z,2026-03-22T05:00:00+08:00,40.5,PM2.5,µg/m³
Valenzuela,5975180,14258421,2026-03-21T22:00:00Z,2026-03-22T06:00:00+08:00,46.6,PM2.5,µg/m³
Valenzuela,5975180,14258421,2026-03-21T23:00:00Z,2026-03-22T07:00:00+08:00,53.1,PM2.5,µg/m³
Valenzuela,5975180,14258421,2026-03-22T00:00:00Z,2026-03-22T08:00:00+08:00,59.9,PM2.5,µg/m³
Valenzuela,5975180,14258421,2026-03-22T01:00:00Z,2026-03-22T09:00:00+08:00,55.3,PM2.5,µg/m³
Valenzuela,5975180,14258421,2026-03-22T02:00:00Z,2026-03-22T10:00:00+08:00,45.5,PM2.5,µg/m³
Valenzuela,5975180,14258421,2026-03-22T03:00:00Z,2026-03-22T11:00:00+08:00,44.4,PM2.5,µg/m³
Valenzuela,5975180,14258421,2026-03-22T04:00:00Z,2026-03-22T12:00:00+08:00,48.0,PM2.5,µg/m³
Valenzuela,5975180,14258421,2026-03-22T05:00:00Z,2026-03-22T13:00:00+08:00,25.6,PM2.5,µg/m³
Valenzuela,5975180,14258421,2026-03-22T06:00:00Z,2026-03-22T14:00:00+08:00,32.0,PM2.5,µg/m³
Valenzuela,5975180,14258421,2026-03-22T07:00:00Z,2026-03-22T15:00:00+08:00,35.6,PM2.5,µg/m³
Valenzuela,5975180,14258421,2026-03-22T08:00:00Z,2026-03-22T16:00:00+08:00,32.0,PM2.5,µg/m³
Valenzuela,5975180,14258421,2026-03-22T09:00:00Z,2026-03-22T17:00:00+08:00,26.1,PM2.5,µg/m³
Valenzuela,5975180,14258421,2026-03-22T10:00:00Z,2026-03-22T18:00:00+08:00,7.9,PM2.5,µg/m³
Valenzuela,5975180,14258421,2026-03-22T11:00:00Z,2026-03-22T19:00:00+08:00,17.2,PM2.5,µg/m³
Valenzuela,5975180,14258421,2026-03-22T12:00:00Z,2026-03-22T20:00:00+08:00,20.4,PM2.5,µg/m³
Valenzuela,5975180,14258421,2026-03-22T13:00:00Z,2026-03-22T21:00:00+08:00,29.9,PM2.5,µg/m³
Valenzuela,5975180,14258421,2026-03-22T14:00:00Z,2026-03-22T22:00:00+08:00,28.5,PM2.5,µg/m³
Valenzuela,5975180,14258421,2026-03-22T15:00:00Z,2026-03-22T23:00:00+08:00,23.4,PM2.5,µg/m³
Valenzuela,5975180,14258421,2026-03-22T16:00:00Z,2026-03-23T00:00:00+08:00,23.8,PM2.5,µg/m³
Valenzuela,5975180,14258421,2026-03-22T17:00:00Z,2026-03-23T01:00:00+08:00,33.6,PM2.5,µg/m³
Valenzuela,5975180,14258421,2026-03-22T18:00:00Z,2026-03-23T02:00:00+08:00,41.4,PM2.5,µg/m³
Valenzuela,5975180,14258421,2026-03-22T19:00:00Z,2026-03-23T03:00:00+08:00,44.4,PM2.5,µg/m³
Valenzuela,5975180,14258421,2026-03-22T20:00:00Z,2026-03-23T04:00:00+08:00,43.1,PM2.5,µg/m³
Valenzuela,5975180,14258421,2026-03-22T21:00:00Z,2026-03-23T05:00:00+08:00,44.8,PM2.5,µg/m³
Valenzuela,5975180,14258421,2026-03-22T22:00:00Z,2026-03-23T06:00:00+08:00,53.7,PM2.5,µg/m³
Valenzuela,5975180,14258421,2026-03-22T23:00:00Z,2026-03-23T07:00:00+08:00,79.0,PM2.5,µg/m³
Valenzuela,5975180,14258421,2026-03-23T00:00:00Z,2026-03-23T08:00:00+08:00,61.5,PM2.5,µg/m³
Valenzuela,5975180,14258421,2026-03-23T01:00:00Z,2026-03-23T09:00:00+08:00,39.7,PM2.5,µg/m³
Valenzuela,5975180,14258421,2026-03-23T02:00:00Z,2026-03-23T10:00:00+08:00,34.5,PM2.5,µg/m³
Valenzuela,5975180,14258421,2026-03-23T03:00:00Z,2026-03-23T11:00:00+08:00,35.0,PM2.5,µg/m³
Valenzuela,5975180,14258421,2026-03-23T04:00:00Z,2026-03-23T12:00:00+08:00,38.0,PM2.5,µg/m³
Valenzuela,5975180,14258421,2026-03-23T05:00:00Z,2026-03-23T13:00:00+08:00,40.3,PM2.5,µg/m³
Valenzuela,5975180,14258421,2026-03-23T06:00:00Z,2026-03-23T14:00:00+08:00,33.2,PM2.5,µg/m³
Valenzuela,5975180,14258421,2026-03-23T07:00:00Z,2026-03-23T15:00:00+08:00,30.1,PM2.5,µg/m³
Valenzuela,5975180,14258421,2026-03-23T08:00:00Z,2026-03-23T16:00:00+08:00,19.2,PM2.5,µg/m³
Valenzuela,5975180,14258421,2026-03-23T09:00:00Z,2026-03-23T17:00:00+08:00,14.1,PM2.5,µg/m³
Valenzuela,5975180,14258421,2026-03-23T10:00:00Z,2026-03-23T18:00:00+08:00,19.4,PM2.5,µg/m³
Valenzuela,5975180,14258421,2026-03-23T11:00:00Z,2026-03-23T19:00:00+08:00,30.1,PM2.5,µg/m³
Valenzuela,5975180,14258421,2026-03-23T12:00:00Z,2026-03-23T20:00:00+08:00,27.6,PM2.5,µg/m³
Valenzuela,5975180,14258421,2026-03-23T13:00:00Z,2026-03-23T21:00:00+08:00,43.3,PM2.5,µg/m³
Valenzuela,5975180,14258421,2026-03-23T14:00:00Z,2026-03-23T22:00:00+08:00,33.6,PM2.5,µg/m³
Valenzuela,5975180,14258421,2026-03-23T15:00:00Z,2026-03-23T23:00:00+08:00,44.0,PM2.5,µg/m³
Valenzuela,5975180,14258421,2026-03-23T16:00:00Z,2026-03-24T00:00:00+08:00,36.6,PM2.5,µg/m³
Valenzuela,5975180,14258421,2026-03-23T17:00:00Z,2026-03-24T01:00:00+08:00,28.8,PM2.5,µg/m³
Valenzuela,5975180,14258421,2026-03-23T18:00:00Z,2026-03-24T02:00:00+08:00,36.4,PM2.5,µg/m³
Valenzuela,5975180,14258421,2026-03-23T19:00:00Z,2026-03-24T03:00:00+08:00,33.1,PM2.5,µg/m³
Valenzuela,5975180,14258421,2026-03-23T20:00:00Z,2026-03-24T04:00:00+08:00,30.7,PM2.5,µg/m³
Valenzuela,5975180,14258421,2026-03-23T21:00:00Z,2026-03-24T05:00:00+08:00,36.8,PM2.5,µg/m³
Valenzuela,5975180,14258421,2026-03-23T22:00:00Z,2026-03-24T06:00:00+08:00,47.4,PM2.5,µg/m³
Valenzuela,5975180,14258421,2026-03-23T23:00:00Z,2026-03-24T07:00:00+08:00,55.2,PM2.5,µg/m³
Valenzuela,5975180,14258421,2026-03-24T00:00:00Z,2026-03-24T08:00:00+08:00,40.2,PM2.5,µg/m³
Valenzuela,5975180,14258421,2026-03-24T01:00:00Z,2026-03-24T09:00:00+08:00,26.6,PM2.5,µg/m³
Valenzuela,5975180,14258421,2026-03-24T02:00:00Z,2026-03-24T10:00:00+08:00,42.8,PM2.5,µg/m³
Valenzuela,5975180,14258421,2026-03-24T03:00:00Z,2026-03-24T11:00:00+08:00,34.6,PM2.5,µg/m³
Valenzuela,5975180,14258421,2026-03-24T04:00:00Z,2026-03-24T12:00:00+08:00,34.5,PM2.5,µg/m³
Valenzuela,5975180,14258421,2026-03-24T05:00:00Z,2026-03-24T13:00:00+08:00,40.6,PM2.5,µg/m³
Valenzuela,5975180,14258421,2026-03-24T06:00:00Z,2026-03-24T14:00:00+08:00,33.0,PM2.5,µg/m³
Valenzuela,5975180,14258421,2026-03-24T07:00:00Z,2026-03-24T15:00:00+08:00,27.9,PM2.5,µg/m³
Valenzuela,5975180,14258421,2026-03-24T08:00:00Z,2026-03-24T16:00:00+08:00,21.5,PM2.5,µg/m³
Valenzuela,5975180,14258421,2026-03-24T09:00:00Z,2026-03-24T17:00:00+08:00,10.6,PM2.5,µg/m³
Valenzuela,5975180,14258421,2026-03-24T10:00:00Z,2026-03-24T18:00:00+08:00,18.4,PM2.5,µg/m³
Valenzuela,5975180,14258421,2026-03-24T11:00:00Z,2026-03-24T19:00:00+08:00,29.0,PM2.5,µg/m³
Valenzuela,5975180,14258421,2026-03-24T12:00:00Z,2026-03-24T20:00:00+08:00,34.9,PM2.5,µg/m³
Valenzuela,5975180,14258421,2026-03-24T13:00:00Z,2026-03-24T21:00:00+08:00,27.9,PM2.5,µg/m³
Valenzuela,5975180,14258421,2026-03-24T14:00:00Z,2026-03-24T22:00:00+08:00,31.3,PM2.5,µg/m³
Valenzuela,5975180,14258421,2026-03-24T15:00:00Z,2026-03-24T23:00:00+08:00,42.8,PM2.5,µg/m³
Valenzuela,5975180,14258421,2026-03-24T16:00:00Z,2026-03-25T00:00:00+08:00,35.8,PM2.5,µg/m³
Valenzuela,5975180,14258421,2026-03-24T17:00:00Z,2026-03-25T01:00:00+08:00,33.0,PM2.5,µg/m³
Valenzuela,5975180,14258421,2026-03-24T18:00:00Z,2026-03-25T02:00:00+08:00,27.7,PM2.5,µg/m³
Valenzuela,5975180,14258421,2026-03-24T19:00:00Z,2026-03-25T03:00:00+08:00,35.1,PM2.5,µg/m³
Valenzuela,5975180,14258421,2026-03-24T20:00:00Z,2026-03-25T04:00:00+08:00,41.8,PM2.5,µg/m³
Valenzuela,5975180,14258421,2026-03-24T21:00:00Z,2026-03-25T05:00:00+08:00,42.9,PM2.5,µg/m³
Valenzuela,5975180,14258421,2026-03-24T22:00:00Z,2026-03-25T06:00:00+08:00,42.4,PM2.5,µg/m³
Valenzuela,5975180,14258421,2026-03-24T23:00:00Z,2026-03-25T07:00:00+08:00,57.1,PM2.5,µg/m³
Valenzuela,5975180,14258421,2026-03-25T00:00:00Z,2026-03-25T08:00:00+08:00,43.5,PM2.5,µg/m³
Valenzuela,5975180,14258421,2026-03-25T01:00:00Z,2026-03-25T09:00:00+08:00,46.4,PM2.5,µg/m³
Valenzuela,5975180,14258421,2026-03-25T02:00:00Z,2026-03-25T10:00:00+08:00,39.1,PM2.5,µg/m³
Valenzuela,5975180,14258421,2026-03-25T03:00:00Z,2026-03-25T11:00:00+08:00,38.9,PM2.5,µg/m³
Valenzuela,5975180,14258421,2026-03-25T04:00:00Z,2026-03-25T12:00:00+08:00,34.3,PM2.5,µg/m³
Valenzuela,5975180,14258421,2026-03-25T05:00:00Z,2026-03-25T13:00:00+08:00,26.7,PM2.5,µg/m³
Valenzuela,5975180,14258421,2026-03-25T06:00:00Z,2026-03-25T14:00:00+08:00,35.7,PM2.5,µg/m³
Valenzuela,5975180,14258421,2026-03-25T07:00:00Z,2026-03-25T15:00:00+08:00,32.5,PM2.5,µg/m³
Valenzuela,5975180,14258421,2026-03-25T08:00:00Z,2026-03-25T16:00:00+08:00,25.4,PM2.5,µg/m³
Valenzuela,5975180,14258421,2026-03-25T09:00:00Z,2026-03-25T17:00:00+08:00,34.9,PM2.5,µg/m³
Valenzuela,5975180,14258421,2026-03-25T10:00:00Z,2026-03-25T18:00:00+08:00,24.8,PM2.5,µg/m³
Valenzuela,5975180,14258421,2026-03-25T11:00:00Z,2026-03-25T19:00:00+08:00,4.4,PM2.5,µg/m³
Valenzuela,5975180,14258421,2026-03-25T12:00:00Z,2026-03-25T20:00:00+08:00,13.7,PM2.5,µg/m³
Valenzuela,5975180,14258421,2026-03-25T13:00:00Z,2026-03-25T21:00:00+08:00,12.9,PM2.5,µg/m³
Valenzuela,5975180,14258421,2026-03-25T14:00:00Z,2026-03-25T22:00:00+08:00,4.7,PM2.5,µg/m³
Valenzuela,5975180,14258421,2026-03-25T15:00:00Z,2026-03-25T23:00:00+08:00,29.0,PM2.5,µg/m³
Valenzuela,5975180,14258421,2026-03-25T16:00:00Z,2026-03-26T00:00:00+08:00,13.5,PM2.5,µg/m³
Valenzuela,5975180,14258421,2026-03-25T17:00:00Z,2026-03-26T01:00:00+08:00,22.5,PM2.5,µg/m³
Valenzuela,5975180,14258421,2026-03-25T18:00:00Z,2026-03-26T02:00:00+08:00,16.3,PM2.5,µg/m³
Valenzuela,5975180,14258421,2026-03-25T19:00:00Z,2026-03-26T03:00:00+08:00,25.1,PM2.5,µg/m³
Valenzuela,5975180,14258421,2026-03-25T20:00:00Z,2026-03-26T04:00:00+08:00,30.6,PM2.5,µg/m³
Valenzuela,5975180,14258421,2026-03-25T21:00:00Z,2026-03-26T05:00:00+08:00,28.3,PM2.5,µg/m³
Valenzuela,5975180,14258421,2026-03-25T22:00:00Z,2026-03-26T06:00:00+08:00,42.1,PM2.5,µg/m³
Valenzuela,5975180,14258421,2026-03-25T23:00:00Z,2026-03-26T07:00:00+08:00,44.0,PM2.5,µg/m³
Valenzuela,5975180,14258421,2026-03-26T00:00:00Z,2026-03-26T08:00:00+08:00,35.0,PM2.5,µg/m³
Valenzuela,5975180,14258421,2026-03-26T01:00:00Z,2026-03-26T09:00:00+08:00,28.2,PM2.5,µg/m³
Valenzuela,5975180,14258421,2026-03-26T02:00:00Z,2026-03-26T10:00:00+08:00,35.3,PM2.5,µg/m³
Valenzuela,5975180,14258421,2026-03-26T03:00:00Z,2026-03-26T11:00:00+08:00,35.5,PM2.5,µg/m³
Valenzuela,5975180,14258421,2026-03-26T04:00:00Z,2026-03-26T12:00:00+08:00,34.7,PM2.5,µg/m³
Valenzuela,5975180,14258421,2026-03-26T05:00:00Z,2026-03-26T13:00:00+08:00,44.3,PM2.5,µg/m³
Valenzuela,5975180,14258421,2026-03-26T06:00:00Z,2026-03-26T14:00:00+08:00,23.0,PM2.5,µg/m³
Valenzuela,5975180,14258421,2026-03-26T07:00:00Z,2026-03-26T15:00:00+08:00,5.4,PM2.5,µg/m³
Valenzuela,5975180,14258421,2026-03-26T08:00:00Z,2026-03-26T16:00:00+08:00,2.8,PM2.5,µg/m³
Valenzuela,5975180,14258421,2026-03-26T09:00:00Z,2026-03-26T17:00:00+08:00,3.0,PM2.5,µg/m³
Valenzuela,5975180,14258421,2026-03-26T10:00:00Z,2026-03-26T18:00:00+08:00,4.1,PM2.5,µg/m³
Valenzuela,5975180,14258421,2026-03-26T11:00:00Z,2026-03-26T19:00:00+08:00,11.3,PM2.5,µg/m³
Valenzuela,5975180,14258421,2026-03-26T12:00:00Z,2026-03-26T20:00:00+08:00,19.3,PM2.5,µg/m³
Valenzuela,5975180,14258421,2026-03-26T13:00:00Z,2026-03-26T21:00:00+08:00,20.9,PM2.5,µg/m³
Valenzuela,5975180,14258421,2026-03-26T14:00:00Z,2026-03-26T22:00:00+08:00,21.9,PM2.5,µg/m³
Valenzuela,5975180,14258421,2026-03-26T15:00:00Z,2026-03-26T23:00:00+08:00,20.4,PM2.5,µg/m³
Valenzuela,5975180,14258421,2026-03-26T16:00:00Z,2026-03-27T00:00:00+08:00,30.1,PM2.5,µg/m³
Valenzuela,5975180,14258421,2026-03-26T17:00:00Z,2026-03-27T01:00:00+08:00,37.5,PM2.5,µg/m³
Valenzuela,5975180,14258421,2026-03-26T18:00:00Z,2026-03-27T02:00:00+08:00,31.5,PM2.5,µg/m³
Valenzuela,5975180,14258421,2026-03-26T19:00:00Z,2026-03-27T03:00:00+08:00,33.7,PM2.5,µg/m³
Valenzuela,5975180,14258421,2026-03-26T20:00:00Z,2026-03-27T04:00:00+08:00,27.7,PM2.5,µg/m³
Valenzuela,5975180,14258421,2026-03-26T21:00:00Z,2026-03-27T05:00:00+08:00,18.3,PM2.5,µg/m³
Valenzuela,5975180,14258421,2026-03-26T22:00:00Z,2026-03-27T06:00:00+08:00,25.8,PM2.5,µg/m³
Valenzuela,5975180,14258421,2026-03-26T23:00:00Z,2026-03-27T07:00:00+08:00,30.7,PM2.5,µg/m³
Valenzuela,5975180,14258421,2026-03-27T00:00:00Z,2026-03-27T08:00:00+08:00,46.5,PM2.5,µg/m³
Valenzuela,5975180,14258421,2026-03-27T01:00:00Z,2026-03-27T09:00:00+08:00,31.0,PM2.5,µg/m³
Valenzuela,5975180,14258421,2026-03-27T02:00:00Z,2026-03-27T10:00:00+08:00,28.8,PM2.5,µg/m³
Valenzuela,5975180,14258421,2026-03-27T03:00:00Z,2026-03-27T11:00:00+08:00,38.3,PM2.5,µg/m³
Valenzuela,5975180,14258421,2026-03-27T04:00:00Z,2026-03-27T12:00:00+08:00,42.0,PM2.5,µg/m³
Valenzuela,5975180,14258421,2026-03-27T05:00:00Z,2026-03-27T13:00:00+08:00,35.3,PM2.5,µg/m³
Valenzuela,5975180,14258421,2026-03-27T06:00:00Z,2026-03-27T14:00:00+08:00,31.0,PM2.5,µg/m³
Valenzuela,5975180,14258421,2026-03-27T07:00:00Z,2026-03-27T15:00:00+08:00,28.3,PM2.5,µg/m³
Valenzuela,5975180,14258421,2026-03-27T08:00:00Z,2026-03-27T16:00:00+08:00,25.1,PM2.5,µg/m³
Valenzuela,5975180,14258421,2026-03-27T09:00:00Z,2026-03-27T17:00:00+08:00,19.7,PM2.5,µg/m³
Valenzuela,5975180,14258421,2026-03-27T10:00:00Z,2026-03-27T18:00:00+08:00,22.1,PM2.5,µg/m³
Valenzuela,5975180,14258421,2026-03-27T11:00:00Z,2026-03-27T19:00:00+08:00,24.6,PM2.5,µg/m³
Valenzuela,5975180,14258421,2026-03-27T12:00:00Z,2026-03-27T20:00:00+08:00,27.5,PM2.5,µg/m³
Valenzuela,5975180,14258421,2026-03-27T13:00:00Z,2026-03-27T21:00:00+08:00,19.7,PM2.5,µg/m³
Valenzuela,5975180,14258421,2026-03-27T14:00:00Z,2026-03-27T22:00:00+08:00,23.3,PM2.5,µg/m³
Valenzuela,5975180,14258421,2026-03-27T15:00:00Z,2026-03-27T23:00:00+08:00,20.1,PM2.5,µg/m³
Valenzuela,5975180,14258421,2026-03-27T16:00:00Z,2026-03-28T00:00:00+08:00,14.0,PM2.5,µg/m³
Valenzuela,5975180,14258421,2026-03-27T17:00:00Z,2026-03-28T01:00:00+08:00,14.2,PM2.5,µg/m³
Valenzuela,5975180,14258421,2026-03-27T18:00:00Z,2026-03-28T02:00:00+08:00,16.1,PM2.5,µg/m³
Valenzuela,5975180,14258421,2026-03-27T19:00:00Z,2026-03-28T03:00:00+08:00,16.7,PM2.5,µg/m³
Valenzuela,5975180,14258421,2026-03-27T20:00:00Z,2026-03-28T04:00:00+08:00,16.1,PM2.5,µg/m³
Valenzuela,5975180,14258421,2026-03-27T21:00:00Z,2026-03-28T05:00:00+08:00,22.7,PM2.5,µg/m³
Valenzuela,5975180,14258421,2026-03-27T22:00:00Z,2026-03-28T06:00:00+08:00,34.5,PM2.5,µg/m³
Valenzuela,5975180,14258421,2026-03-27T23:00:00Z,2026-03-28T07:00:00+08:00,39.3,PM2.5,µg/m³
Valenzuela,5975180,14258421,2026-03-28T00:00:00Z,2026-03-28T08:00:00+08:00,38.2,PM2.5,µg/m³
Valenzuela,5975180,14258421,2026-03-28T01:00:00Z,2026-03-28T09:00:00+08:00,40.4,PM2.5,µg/m³
Valenzuela,5975180,14258421,2026-03-28T02:00:00Z,2026-03-28T10:00:00+08:00,40.3,PM2.5,µg/m³
Valenzuela,5975180,14258421,2026-03-28T03:00:00Z,2026-03-28T11:00:00+08:00,44.6,PM2.5,µg/m³
Valenzuela,5975180,14258421,2026-03-28T04:00:00Z,2026-03-28T12:00:00+08:00,45.6,PM2.5,µg/m³
Valenzuela,5975180,14258421,2026-03-28T05:00:00Z,2026-03-28T13:00:00+08:00,47.5,PM2.5,µg/m³
Valenzuela,5975180,14258421,2026-03-28T06:00:00Z,2026-03-28T14:00:00+08:00,43.3,PM2.5,µg/m³
Valenzuela,5975180,14258421,2026-03-28T07:00:00Z,2026-03-28T15:00:00+08:00,39.9,PM2.5,µg/m³
Valenzuela,5975180,14258421,2026-03-28T08:00:00Z,2026-03-28T16:00:00+08:00,34.5,PM2.5,µg/m³
Valenzuela,5975180,14258421,2026-03-28T09:00:00Z,2026-03-28T17:00:00+08:00,35.1,PM2.5,µg/m³
Valenzuela,5975180,14258421,2026-03-28T10:00:00Z,2026-03-28T18:00:00+08:00,34.9,PM2.5,µg/m³
Valenzuela,5975180,14258421,2026-03-28T11:00:00Z,2026-03-28T19:00:00+08:00,43.0,PM2.5,µg/m³
Valenzuela,5975180,14258421,2026-03-28T12:00:00Z,2026-03-28T20:00:00+08:00,96.8,PM2.5,µg/m³
Valenzuela,5975180,14258421,2026-03-28T13:00:00Z,2026-03-28T21:00:00+08:00,76.1,PM2.5,µg/m³
Valenzuela,5975180,14258421,2026-03-28T14:00:00Z,2026-03-28T22:00:00+08:00,55.9,PM2.5,µg/m³
Valenzuela,5975180,14258421,2026-03-28T15:00:00Z,2026-03-28T23:00:00+08:00,51.2,PM2.5,µg/m³
Valenzuela,5975180,14258421,2026-03-28T16:00:00Z,2026-03-29T00:00:00+08:00,25.4,PM2.5,µg/m³
Valenzuela,5975180,14258421,2026-03-28T17:00:00Z,2026-03-29T01:00:00+08:00,35.7,PM2.5,µg/m³
Valenzuela,5975180,14258421,2026-03-28T18:00:00Z,2026-03-29T02:00:00+08:00,35.7,PM2.5,µg/m³
Valenzuela,5975180,14258421,2026-03-28T19:00:00Z,2026-03-29T03:00:00+08:00,37.0,PM2.5,µg/m³
Valenzuela,5975180,14258421,2026-03-28T20:00:00Z,2026-03-29T04:00:00+08:00,39.5,PM2.5,µg/m³
Valenzuela,5975180,14258421,2026-03-28T21:00:00Z,2026-03-29T05:00:00+08:00,38.9,PM2.5,µg/m³
Valenzuela,5975180,14258421,2026-03-28T22:00:00Z,2026-03-29T06:00:00+08:00,46.6,PM2.5,µg/m³
Valenzuela,5975180,14258421,2026-03-28T23:00:00Z,2026-03-29T07:00:00+08:00,45.7,PM2.5,µg/m³
Valenzuela,5975180,14258421,2026-03-29T00:00:00Z,2026-03-29T08:00:00+08:00,40.4,PM2.5,µg/m³
Valenzuela,5975180,14258421,2026-03-29T01:00:00Z,2026-03-29T09:00:00+08:00,40.7,PM2.5,µg/m³
Valenzuela,5975180,14258421,2026-03-29T02:00:00Z,2026-03-29T10:00:00+08:00,35.7,PM2.5,µg/m³
Valenzuela,5975180,14258421,2026-03-29T03:00:00Z,2026-03-29T11:00:00+08:00,36.6,PM2.5,µg/m³
Valenzuela,5975180,14258421,2026-03-29T04:00:00Z,2026-03-29T12:00:00+08:00,32.6,PM2.5,µg/m³
Valenzuela,5975180,14258421,2026-03-29T05:00:00Z,2026-03-29T13:00:00+08:00,28.8,PM2.5,µg/m³
Valenzuela,5975180,14258421,2026-03-29T06:00:00Z,2026-03-29T14:00:00+08:00,30.3,PM2.5,µg/m³
Valenzuela,5975180,14258421,2026-03-29T07:00:00Z,2026-03-29T15:00:00+08:00,27.6,PM2.5,µg/m³
Valenzuela,5975180,14258421,2026-03-29T08:00:00Z,2026-03-29T16:00:00+08:00,24.0,PM2.5,µg/m³
Valenzuela,5975180,14258421,2026-03-29T09:00:00Z,2026-03-29T17:00:00+08:00,22.0,PM2.5,µg/m³
Valenzuela,5975180,14258421,2026-03-29T10:00:00Z,2026-03-29T18:00:00+08:00,23.7,PM2.5,µg/m³
Valenzuela,5975180,14258421,2026-03-29T11:00:00Z,2026-03-29T19:00:00+08:00,28.8,PM2.5,µg/m³
Valenzuela,5975180,14258421,2026-03-29T12:00:00Z,2026-03-29T20:00:00+08:00,33.0,PM2.5,µg/m³
Valenzuela,5975180,14258421,2026-03-29T13:00:00Z,2026-03-29T21:00:00+08:00,37.0,PM2.5,µg/m³
Valenzuela,5975180,14258421,2026-03-29T14:00:00Z,2026-03-29T22:00:00+08:00,38.3,PM2.5,µg/m³
Valenzuela,5975180,14258421,2026-03-29T15:00:00Z,2026-03-29T23:00:00+08:00,33.8,PM2.5,µg/m³
Valenzuela,5975180,14258421,2026-03-29T16:00:00Z,2026-03-30T00:00:00+08:00,45.7,PM2.5,µg/m³
Valenzuela,5975180,14258421,2026-03-29T17:00:00Z,2026-03-30T01:00:00+08:00,40.8,PM2.5,µg/m³
Valenzuela,5975180,14258421,2026-03-29T18:00:00Z,2026-03-30T02:00:00+08:00,35.9,PM2.5,µg/m³
Valenzuela,5975180,14258421,2026-03-29T19:00:00Z,2026-03-30T03:00:00+08:00,33.3,PM2.5,µg/m³
Valenzuela,5975180,14258421,2026-03-29T20:00:00Z,2026-03-30T04:00:00+08:00,30.6,PM2.5,µg/m³
Valenzuela,5975180,14258421,2026-03-29T21:00:00Z,2026-03-30T05:00:00+08:00,33.9,PM2.5,µg/m³
Valenzuela,5975180,14258421,2026-03-29T22:00:00Z,2026-03-30T06:00:00+08:00,43.0,PM2.5,µg/m³
Valenzuela,5975180,14258421,2026-03-29T23:00:00Z,2026-03-30T07:00:00+08:00,46.7,PM2.5,µg/m³
Valenzuela,5975180,14258421,2026-03-30T00:00:00Z,2026-03-30T08:00:00+08:00,50.2,PM2.5,µg/m³
Valenzuela,5975180,14258421,2026-03-30T01:00:00Z,2026-03-30T09:00:00+08:00,37.8,PM2.5,µg/m³
Valenzuela,5975180,14258421,2026-03-30T02:00:00Z,2026-03-30T10:00:00+08:00,39.1,PM2.5,µg/m³
Valenzuela,5975180,14258421,2026-03-30T03:00:00Z,2026-03-30T11:00:00+08:00,39.5,PM2.5,µg/m³
Valenzuela,5975180,14258421,2026-03-30T04:00:00Z,2026-03-30T12:00:00+08:00,35.6,PM2.5,µg/m³
Valenzuela,5975180,14258421,2026-03-30T05:00:00Z,2026-03-30T13:00:00+08:00,34.9,PM2.5,µg/m³
Valenzuela,5975180,14258421,2026-03-30T06:00:00Z,2026-03-30T14:00:00+08:00,34.8,PM2.5,µg/m³
Valenzuela,5975180,14258421,2026-03-30T07:00:00Z,2026-03-30T15:00:00+08:00,46.4,PM2.5,µg/m³
Valenzuela,5975180,14258421,2026-03-30T08:00:00Z,2026-03-30T16:00:00+08:00,32.4,PM2.5,µg/m³
Valenzuela,5975180,14258421,2026-03-30T09:00:00Z,2026-03-30T17:00:00+08:00,32.4,PM2.5,µg/m³
Valenzuela,5975180,14258421,2026-03-30T10:00:00Z,2026-03-30T18:00:00+08:00,32.2,PM2.5,µg/m³
Valenzuela,5975180,14258421,2026-03-30T11:00:00Z,2026-03-30T19:00:00+08:00,37.5,PM2.5,µg/m³
Valenzuela,5975180,14258421,2026-03-30T12:00:00Z,2026-03-30T20:00:00+08:00,41.2,PM2.5,µg/m³
Valenzuela,5975180,14258421,2026-03-30T13:00:00Z,2026-03-30T21:00:00+08:00,46.4,PM2.5,µg/m³
Valenzuela,5975180,14258421,2026-03-30T14:00:00Z,2026-03-30T22:00:00+08:00,38.6,PM2.5,µg/m³
Valenzuela,5975180,14258421,2026-03-30T15:00:00Z,2026-03-30T23:00:00+08:00,33.4,PM2.5,µg/m³
Valenzuela,5975180,14258421,2026-03-30T16:00:00Z,2026-03-31T00:00:00+08:00,31.1,PM2.5,µg/m³
Valenzuela,5975180,14258421,2026-03-30T17:00:00Z,2026-03-31T01:00:00+08:00,31.1,PM2.5,µg/m³
Valenzuela,5975180,14258421,2026-03-30T18:00:00Z,2026-03-31T02:00:00+08:00,34.8,PM2.5,µg/m³
Valenzuela,5975180,14258421,2026-03-30T19:00:00Z,2026-03-31T03:00:00+08:00,38.3,PM2.5,µg/m³
Valenzuela,5975180,14258421,2026-03-30T20:00:00Z,2026-03-31T04:00:00+08:00,38.2,PM2.5,µg/m³
Valenzuela,5975180,14258421,2026-03-30T21:00:00Z,2026-03-31T05:00:00+08:00,43.7,PM2.5,µg/m³
Valenzuela,5975180,14258421,2026-03-30T22:00:00Z,2026-03-31T06:00:00+08:00,42.4,PM2.5,µg/m³
Valenzuela,5975180,14258421,2026-03-30T23:00:00Z,2026-03-31T07:00:00+08:00,46.0,PM2.5,µg/m³
Valenzuela,5975180,14258421,2026-03-31T00:00:00Z,2026-03-31T08:00:00+08:00,37.6,PM2.5,µg/m³
Valenzuela,5975180,14258421,2026-03-31T01:00:00Z,2026-03-31T09:00:00+08:00,38.7,PM2.5,µg/m³
Valenzuela,5975180,14258421,2026-03-31T02:00:00Z,2026-03-31T10:00:00+08:00,44.7,PM2.5,µg/m³
Valenzuela,5975180,14258421,2026-03-31T03:00:00Z,2026-03-31T11:00:00+08:00,47.4,PM2.5,µg/m³
Valenzuela,5975180,14258421,2026-03-31T04:00:00Z,2026-03-31T12:00:00+08:00,58.3,PM2.5,µg/m³
Valenzuela,5975180,14258421,2026-03-31T05:00:00Z,2026-03-31T13:00:00+08:00,53.9,PM2.5,µg/m³
Valenzuela,5975180,14258421,2026-03-31T06:00:00Z,2026-03-31T14:00:00+08:00,45.9,PM2.5,µg/m³
Valenzuela,5975180,14258421,2026-03-31T07:00:00Z,2026-03-31T15:00:00+08:00,37.5,PM2.5,µg/m³
Valenzuela,5975180,14258421,2026-03-31T08:00:00Z,2026-03-31T16:00:00+08:00,35.0,PM2.5,µg/m³
Valenzuela,5975180,14258421,2026-03-31T09:00:00Z,2026-03-31T17:00:00+08:00,31.5,PM2.5,µg/m³
Valenzuela,5975180,14258421,2026-03-31T10:00:00Z,2026-03-31T18:00:00+08:00,27.6,PM2.5,µg/m³
Valenzuela,5975180,14258421,2026-03-31T11:00:00Z,2026-03-31T19:00:00+08:00,31.0,PM2.5,µg/m³
Valenzuela,5975180,14258421,2026-03-31T12:00:00Z,2026-03-31T20:00:00+08:00,36.7,PM2.5,µg/m³
Valenzuela,5975180,14258421,2026-03-31T13:00:00Z,2026-03-31T21:00:00+08:00,39.4,PM2.5,µg/m³
Valenzuela,5975180,14258421,2026-03-31T14:00:00Z,2026-03-31T22:00:00+08:00,37.4,PM2.5,µg/m³
Valenzuela,5975180,14258421,2026-03-31T15:00:00Z,2026-03-31T23:00:00+08:00,33.3,PM2.5,µg/m³
Valenzuela,5975180,14258421,2026-03-31T16:00:00Z,2026-04-01T00:00:00+08:00,35.2,PM2.5,µg/m³
Valenzuela,5975180,14258421,2026-03-31T17:00:00Z,2026-04-01T01:00:00+08:00,41.5,PM2.5,µg/m³
Valenzuela,5975180,14258421,2026-03-31T18:00:00Z,2026-04-01T02:00:00+08:00,40.6,PM2.5,µg/m³
Valenzuela,5975180,14258421,2026-03-31T19:00:00Z,2026-04-01T03:00:00+08:00,41.0,PM2.5,µg/m³
Valenzuela,5975180,14258421,2026-03-31T20:00:00Z,2026-04-01T04:00:00+08:00,40.0,PM2.5,µg/m³
Valenzuela,5975180,14258421,2026-03-31T21:00:00Z,2026-04-01T05:00:00+08:00,35.7,PM2.5,µg/m³
Valenzuela,5975180,14258421,2026-03-31T22:00:00Z,2026-04-01T06:00:00+08:00,39.9,PM2.5,µg/m³
Valenzuela,5975180,14258421,2026-03-31T23:00:00Z,2026-04-01T07:00:00+08:00,44.1,PM2.5,µg/m³
Valenzuela,5975180,14258421,2026-04-01T00:00:00Z,2026-04-01T08:00:00+08:00,42.3,PM2.5,µg/m³
Valenzuela,5975180,14258421,2026-04-01T01:00:00Z,2026-04-01T09:00:00+08:00,42.8,PM2.5,µg/m³
Valenzuela,5975180,14258421,2026-04-01T02:00:00Z,2026-04-01T10:00:00+08:00,43.1,PM2.5,µg/m³
Valenzuela,5975180,14258421,2026-04-01T03:00:00Z,2026-04-01T11:00:00+08:00,43.0,PM2.5,µg/m³
Valenzuela,5975180,14258421,2026-04-01T04:00:00Z,2026-04-01T12:00:00+08:00,45.5,PM2.5,µg/m³
Valenzuela,5975180,14258421,2026-04-01T05:00:00Z,2026-04-01T13:00:00+08:00,35.2,PM2.5,µg/m³
Valenzuela,5975180,14258421,2026-04-01T06:00:00Z,2026-04-01T14:00:00+08:00,32.5,PM2.5,µg/m³
Valenzuela,5975180,14258421,2026-04-01T07:00:00Z,2026-04-01T15:00:00+08:00,22.1,PM2.5,µg/m³
Valenzuela,5975180,14258421,2026-04-01T08:00:00Z,2026-04-01T16:00:00+08:00,25.7,PM2.5,µg/m³
Valenzuela,5975180,14258421,2026-04-01T09:00:00Z,2026-04-01T17:00:00+08:00,13.4,PM2.5,µg/m³
Valenzuela,5975180,14258421,2026-04-01T10:00:00Z,2026-04-01T18:00:00+08:00,8.3,PM2.5,µg/m³
Valenzuela,5975180,14258421,2026-04-01T11:00:00Z,2026-04-01T19:00:00+08:00,15.7,PM2.5,µg/m³
Valenzuela,5975180,14258421,2026-04-01T12:00:00Z,2026-04-01T20:00:00+08:00,24.4,PM2.5,µg/m³
Valenzuela,5975180,14258421,2026-04-01T13:00:00Z,2026-04-01T21:00:00+08:00,32.2,PM2.5,µg/m³
Valenzuela,5975180,14258421,2026-04-01T14:00:00Z,2026-04-01T22:00:00+08:00,39.4,PM2.5,µg/m³
Valenzuela,5975180,14258421,2026-04-01T15:00:00Z,2026-04-01T23:00:00+08:00,33.7,PM2.5,µg/m³
Valenzuela,5975180,14258421,2026-04-01T16:00:00Z,2026-04-02T00:00:00+08:00,16.9,PM2.5,µg/m³
Valenzuela,5975180,14258421,2026-04-01T17:00:00Z,2026-04-02T01:00:00+08:00,12.5,PM2.5,µg/m³
Valenzuela,5975180,14258421,2026-04-01T18:00:00Z,2026-04-02T02:00:00+08:00,9.9,PM2.5,µg/m³
Valenzuela,5975180,14258421,2026-04-01T19:00:00Z,2026-04-02T03:00:00+08:00,25.3,PM2.5,µg/m³
Valenzuela,5975180,14258421,2026-04-01T20:00:00Z,2026-04-02T04:00:00+08:00,30.5,PM2.5,µg/m³
Valenzuela,5975180,14258421,2026-04-01T21:00:00Z,2026-04-02T05:00:00+08:00,31.6,PM2.5,µg/m³
Valenzuela,5975180,14258421,2026-04-01T22:00:00Z,2026-04-02T06:00:00+08:00,31.5,PM2.5,µg/m³
Valenzuela,5975180,14258421,2026-04-01T23:00:00Z,2026-04-02T07:00:00+08:00,40.1,PM2.5,µg/m³
Valenzuela,5975180,14258421,2026-04-02T00:00:00Z,2026-04-02T08:00:00+08:00,37.3,PM2.5,µg/m³
Valenzuela,5975180,14258421,2026-04-02T01:00:00Z,2026-04-02T09:00:00+08:00,30.9,PM2.5,µg/m³
Valenzuela,5975180,14258421,2026-04-02T02:00:00Z,2026-04-02T10:00:00+08:00,23.3,PM2.5,µg/m³
Valenzuela,5975180,14258421,2026-04-02T03:00:00Z,2026-04-02T11:00:00+08:00,32.3,PM2.5,µg/m³
Valenzuela,5975180,14258421,2026-04-02T04:00:00Z,2026-04-02T12:00:00+08:00,40.4,PM2.5,µg/m³
Valenzuela,5975180,14258421,2026-04-02T05:00:00Z,2026-04-02T13:00:00+08:00,19.4,PM2.5,µg/m³
Valenzuela,5975180,14258421,2026-04-02T06:00:00Z,2026-04-02T14:00:00+08:00,17.0,PM2.5,µg/m³
Valenzuela,5975180,14258421,2026-04-02T07:00:00Z,2026-04-02T15:00:00+08:00,8.5,PM2.5,µg/m³
Valenzuela,5975180,14258421,2026-04-02T08:00:00Z,2026-04-02T16:00:00+08:00,7.2,PM2.5,µg/m³
Valenzuela,5975180,14258421,2026-04-02T09:00:00Z,2026-04-02T17:00:00+08:00,9.5,PM2.5,µg/m³
Valenzuela,5975180,14258421,2026-04-02T10:00:00Z,2026-04-02T18:00:00+08:00,5.0,PM2.5,µg/m³
Valenzuela,5975180,14258421,2026-04-02T11:00:00Z,2026-04-02T19:00:00+08:00,13.0,PM2.5,µg/m³
Valenzuela,5975180,14258421,2026-04-02T12:00:00Z,2026-04-02T20:00:00+08:00,17.0,PM2.5,µg/m³
Valenzuela,5975180,14258421,2026-04-02T13:00:00Z,2026-04-02T21:00:00+08:00,8.6,PM2.5,µg/m³
Valenzuela,5975180,14258421,2026-04-02T14:00:00Z,2026-04-02T22:00:00+08:00,3.8,PM2.5,µg/m³
Valenzuela,5975180,14258421,2026-04-02T15:00:00Z,2026-04-02T23:00:00+08:00,5.0,PM2.5,µg/m³
Valenzuela,5975180,14258421,2026-04-02T16:00:00Z,2026-04-03T00:00:00+08:00,3.4,PM2.5,µg/m³
Valenzuela,5975180,14258421,2026-04-02T17:00:00Z,2026-04-03T01:00:00+08:00,2.2,PM2.5,µg/m³
Valenzuela,5975180,14258421,2026-04-02T18:00:00Z,2026-04-03T02:00:00+08:00,4.1,PM2.5,µg/m³
Valenzuela,5975180,14258421,2026-04-02T19:00:00Z,2026-04-03T03:00:00+08:00,3.9,PM2.5,µg/m³
Valenzuela,5975180,14258421,2026-04-02T20:00:00Z,2026-04-03T04:00:00+08:00,18.5,PM2.5,µg/m³
Valenzuela,5975180,14258421,2026-04-02T21:00:00Z,2026-04-03T05:00:00+08:00,26.1,PM2.5,µg/m³
Valenzuela,5975180,14258421,2026-04-02T22:00:00Z,2026-04-03T06:00:00+08:00,28.4,PM2.5,µg/m³
Valenzuela,5975180,14258421,2026-04-02T23:00:00Z,2026-04-03T07:00:00+08:00,29.4,PM2.5,µg/m³
Valenzuela,5975180,14258421,2026-04-03T00:00:00Z,2026-04-03T08:00:00+08:00,28.1,PM2.5,µg/m³
Valenzuela,5975180,14258421,2026-04-03T01:00:00Z,2026-04-03T09:00:00+08:00,15.8,PM2.5,µg/m³
Valenzuela,5975180,14258421,2026-04-03T02:00:00Z,2026-04-03T10:00:00+08:00,11.5,PM2.5,µg/m³
Valenzuela,5975180,14258421,2026-04-03T03:00:00Z,2026-04-03T11:00:00+08:00,18.6,PM2.5,µg/m³
Valenzuela,5975180,14258421,2026-04-03T04:00:00Z,2026-04-03T12:00:00+08:00,19.5,PM2.5,µg/m³
Valenzuela,5975180,14258421,2026-04-03T05:00:00Z,2026-04-03T13:00:00+08:00,12.1,PM2.5,µg/m³
Valenzuela,5975180,14258421,2026-04-03T06:00:00Z,2026-04-03T14:00:00+08:00,8.2,PM2.5,µg/m³
Valenzuela,5975180,14258421,2026-04-03T07:00:00Z,2026-04-03T15:00:00+08:00,6.0,PM2.5,µg/m³
Valenzuela,5975180,14258421,2026-04-03T08:00:00Z,2026-04-03T16:00:00+08:00,6.5,PM2.5,µg/m³
Valenzuela,5975180,14258421,2026-04-03T09:00:00Z,2026-04-03T17:00:00+08:00,9.3,PM2.5,µg/m³
Valenzuela,5975180,14258421,2026-04-03T10:00:00Z,2026-04-03T18:00:00+08:00,12.7,PM2.5,µg/m³
Valenzuela,5975180,14258421,2026-04-03T11:00:00Z,2026-04-03T19:00:00+08:00,15.1,PM2.5,µg/m³
Valenzuela,5975180,14258421,2026-04-03T12:00:00Z,2026-04-03T20:00:00+08:00,23.8,PM2.5,µg/m³
Valenzuela,5975180,14258421,2026-04-03T13:00:00Z,2026-04-03T21:00:00+08:00,28.0,PM2.5,µg/m³
Valenzuela,5975180,14258421,2026-04-03T14:00:00Z,2026-04-03T22:00:00+08:00,32.4,PM2.5,µg/m³
Valenzuela,5975180,14258421,2026-04-03T15:00:00Z,2026-04-03T23:00:00+08:00,24.2,PM2.5,µg/m³
Valenzuela,5975180,14258421,2026-04-03T16:00:00Z,2026-04-04T00:00:00+08:00,21.6,PM2.5,µg/m³
Valenzuela,5975180,14258421,2026-04-03T17:00:00Z,2026-04-04T01:00:00+08:00,10.3,PM2.5,µg/m³
Valenzuela,5975180,14258421,2026-04-03T18:00:00Z,2026-04-04T02:00:00+08:00,14.9,PM2.5,µg/m³
Valenzuela,5975180,14258421,2026-04-03T19:00:00Z,2026-04-04T03:00:00+08:00,24.9,PM2.5,µg/m³
Valenzuela,5975180,14258421,2026-04-03T20:00:00Z,2026-04-04T04:00:00+08:00,28.0,PM2.5,µg/m³
Valenzuela,5975180,14258421,2026-04-03T21:00:00Z,2026-04-04T05:00:00+08:00,29.3,PM2.5,µg/m³
Valenzuela,5975180,14258421,2026-04-03T22:00:00Z,2026-04-04T06:00:00+08:00,29.5,PM2.5,µg/m³
Valenzuela,5975180,14258421,2026-04-03T23:00:00Z,2026-04-04T07:00:00+08:00,33.4,PM2.5,µg/m³
Valenzuela,5975180,14258421,2026-04-04T00:00:00Z,2026-04-04T08:00:00+08:00,50.0,PM2.5,µg/m³
Valenzuela,5975180,14258421,2026-04-04T01:00:00Z,2026-04-04T09:00:00+08:00,28.6,PM2.5,µg/m³
Valenzuela,5975180,14258421,2026-04-04T02:00:00Z,2026-04-04T10:00:00+08:00,54.2,PM2.5,µg/m³
Valenzuela,5975180,14258421,2026-04-04T03:00:00Z,2026-04-04T11:00:00+08:00,42.4,PM2.5,µg/m³
Valenzuela,5975180,14258421,2026-04-04T04:00:00Z,2026-04-04T12:00:00+08:00,31.4,PM2.5,µg/m³
Valenzuela,5975180,14258421,2026-04-04T05:00:00Z,2026-04-04T13:00:00+08:00,23.9,PM2.5,µg/m³
Valenzuela,5975180,14258421,2026-04-04T06:00:00Z,2026-04-04T14:00:00+08:00,25.2,PM2.5,µg/m³
Valenzuela,5975180,14258421,2026-04-04T07:00:00Z,2026-04-04T15:00:00+08:00,25.5,PM2.5,µg/m³
Valenzuela,5975180,14258421,2026-04-04T08:00:00Z,2026-04-04T16:00:00+08:00,29.9,PM2.5,µg/m³
Valenzuela,5975180,14258421,2026-04-04T09:00:00Z,2026-04-04T17:00:00+08:00,27.9,PM2.5,µg/m³
Valenzuela,5975180,14258421,2026-04-04T10:00:00Z,2026-04-04T18:00:00+08:00,21.2,PM2.5,µg/m³
Valenzuela,5975180,14258421,2026-04-04T11:00:00Z,2026-04-04T19:00:00+08:00,32.9,PM2.5,µg/m³
Valenzuela,5975180,14258421,2026-04-04T12:00:00Z,2026-04-04T20:00:00+08:00,39.8,PM2.5,µg/m³
Valenzuela,5975180,14258421,2026-04-04T13:00:00Z,2026-04-04T21:00:00+08:00,24.9,PM2.5,µg/m³
Valenzuela,5975180,14258421,2026-04-04T14:00:00Z,2026-04-04T22:00:00+08:00,27.1,PM2.5,µg/m³
Valenzuela,5975180,14258421,2026-04-04T15:00:00Z,2026-04-04T23:00:00+08:00,36.4,PM2.5,µg/m³
Valenzuela,5975180,14258421,2026-04-04T16:00:00Z,2026-04-05T00:00:00+08:00,32.9,PM2.5,µg/m³
Valenzuela,5975180,14258421,2026-04-04T17:00:00Z,2026-04-05T01:00:00+08:00,38.9,PM2.5,µg/m³
Valenzuela,5975180,14258421,2026-04-04T18:00:00Z,2026-04-05T02:00:00+08:00,48.6,PM2.5,µg/m³
Valenzuela,5975180,14258421,2026-04-04T19:00:00Z,2026-04-05T03:00:00+08:00,45.9,PM2.5,µg/m³
Valenzuela,5975180,14258421,2026-04-04T20:00:00Z,2026-04-05T04:00:00+08:00,44.8,PM2.5,µg/m³
Valenzuela,5975180,14258421,2026-04-04T21:00:00Z,2026-04-05T05:00:00+08:00,50.3,PM2.5,µg/m³
Valenzuela,5975180,14258421,2026-04-04T22:00:00Z,2026-04-05T06:00:00+08:00,47.2,PM2.5,µg/m³
Valenzuela,5975180,14258421,2026-04-04T23:00:00Z,2026-04-05T07:00:00+08:00,50.9,PM2.5,µg/m³
Valenzuela,5975180,14258421,2026-04-05T00:00:00Z,2026-04-05T08:00:00+08:00,51.3,PM2.5,µg/m³
Valenzuela,5975180,14258421,2026-04-05T01:00:00Z,2026-04-05T09:00:00+08:00,50.7,PM2.5,µg/m³
Valenzuela,5975180,14258421,2026-04-05T02:00:00Z,2026-04-05T10:00:00+08:00,57.0,PM2.5,µg/m³
Valenzuela,5975180,14258421,2026-04-05T03:00:00Z,2026-04-05T11:00:00+08:00,57.0,PM2.5,µg/m³
Valenzuela,5975180,14258421,2026-04-05T04:00:00Z,2026-04-05T12:00:00+08:00,62.9,PM2.5,µg/m³
Valenzuela,5975180,14258421,2026-04-05T05:00:00Z,2026-04-05T13:00:00+08:00,56.8,PM2.5,µg/m³
Valenzuela,5975180,14258421,2026-04-05T06:00:00Z,2026-04-05T14:00:00+08:00,46.5,PM2.5,µg/m³
Valenzuela,5975180,14258421,2026-04-05T07:00:00Z,2026-04-05T15:00:00+08:00,33.9,PM2.5,µg/m³
Valenzuela,5975180,14258421,2026-04-05T08:00:00Z,2026-04-05T16:00:00+08:00,21.9,PM2.5,µg/m³
Valenzuela,5975180,14258421,2026-04-05T09:00:00Z,2026-04-05T17:00:00+08:00,15.9,PM2.5,µg/m³
Valenzuela,5975180,14258421,2026-04-05T10:00:00Z,2026-04-05T18:00:00+08:00,25.7,PM2.5,µg/m³
Valenzuela,5975180,14258421,2026-04-05T11:00:00Z,2026-04-05T19:00:00+08:00,28.0,PM2.5,µg/m³
Valenzuela,5975180,14258421,2026-04-05T12:00:00Z,2026-04-05T20:00:00+08:00,33.6,PM2.5,µg/m³
Valenzuela,5975180,14258421,2026-04-05T13:00:00Z,2026-04-05T21:00:00+08:00,36.5,PM2.5,µg/m³
Valenzuela,5975180,14258421,2026-04-05T14:00:00Z,2026-04-05T22:00:00+08:00,32.3,PM2.5,µg/m³
Valenzuela,5975180,14258421,2026-04-05T15:00:00Z,2026-04-05T23:00:00+08:00,28.0,PM2.5,µg/m³
Valenzuela,5975180,14258421,2026-04-05T16:00:00Z,2026-04-06T00:00:00+08:00,27.8,PM2.5,µg/m³
Valenzuela,5975180,14258421,2026-04-05T17:00:00Z,2026-04-06T01:00:00+08:00,28.9,PM2.5,µg/m³
Valenzuela,5975180,14258421,2026-04-05T18:00:00Z,2026-04-06T02:00:00+08:00,37.6,PM2.5,µg/m³
Valenzuela,5975180,14258421,2026-04-05T19:00:00Z,2026-04-06T03:00:00+08:00,42.7,PM2.5,µg/m³
Valenzuela,5975180,14258421,2026-04-05T20:00:00Z,2026-04-06T04:00:00+08:00,46.1,PM2.5,µg/m³
Valenzuela,5975180,14258421,2026-04-05T21:00:00Z,2026-04-06T05:00:00+08:00,66.7,PM2.5,µg/m³
Valenzuela,5975180,14258421,2026-04-05T22:00:00Z,2026-04-06T06:00:00+08:00,49.4,PM2.5,µg/m³
Valenzuela,5975180,14258421,2026-04-05T23:00:00Z,2026-04-06T07:00:00+08:00,58.3,PM2.5,µg/m³
Valenzuela,5975180,14258421,2026-04-06T00:00:00Z,2026-04-06T08:00:00+08:00,56.9,PM2.5,µg/m³
Valenzuela,5975180,14258421,2026-04-06T01:00:00Z,2026-04-06T09:00:00+08:00,39.8,PM2.5,µg/m³
Valenzuela,5975180,14258421,2026-04-06T02:00:00Z,2026-04-06T10:00:00+08:00,43.2,PM2.5,µg/m³
Valenzuela,5975180,14258421,2026-04-06T03:00:00Z,2026-04-06T11:00:00+08:00,40.8,PM2.5,µg/m³
Valenzuela,5975180,14258421,2026-04-06T04:00:00Z,2026-04-06T12:00:00+08:00,37.2,PM2.5,µg/m³
Valenzuela,5975180,14258421,2026-04-06T05:00:00Z,2026-04-06T13:00:00+08:00,35.0,PM2.5,µg/m³
Valenzuela,5975180,14258421,2026-04-06T06:00:00Z,2026-04-06T14:00:00+08:00,38.0,PM2.5,µg/m³
Valenzuela,5975180,14258421,2026-04-06T07:00:00Z,2026-04-06T15:00:00+08:00,43.9,PM2.5,µg/m³
Valenzuela,5975180,14258421,2026-04-06T08:00:00Z,2026-04-06T16:00:00+08:00,29.5,PM2.5,µg/m³
Valenzuela,5975180,14258421,2026-04-06T09:00:00Z,2026-04-06T17:00:00+08:00,24.9,PM2.5,µg/m³
Valenzuela,5975180,14258421,2026-04-06T10:00:00Z,2026-04-06T18:00:00+08:00,21.8,PM2.5,µg/m³
Valenzuela,5975180,14258421,2026-04-06T11:00:00Z,2026-04-06T19:00:00+08:00,26.6,PM2.5,µg/m³
Valenzuela,5975180,14258421,2026-04-06T12:00:00Z,2026-04-06T20:00:00+08:00,31.5,PM2.5,µg/m³
Valenzuela,5975180,14258421,2026-04-06T13:00:00Z,2026-04-06T21:00:00+08:00,33.6,PM2.5,µg/m³
Valenzuela,5975180,14258421,2026-04-06T14:00:00Z,2026-04-06T22:00:00+08:00,31.9,PM2.5,µg/m³
Valenzuela,5975180,14258421,2026-04-06T15:00:00Z,2026-04-06T23:00:00+08:00,22.7,PM2.5,µg/m³
Valenzuela,5975180,14258421,2026-04-06T16:00:00Z,2026-04-07T00:00:00+08:00,21.1,PM2.5,µg/m³
Valenzuela,5975180,14258421,2026-04-06T17:00:00Z,2026-04-07T01:00:00+08:00,19.2,PM2.5,µg/m³
Valenzuela,5975180,14258421,2026-04-06T18:00:00Z,2026-04-07T02:00:00+08:00,24.1,PM2.5,µg/m³
Valenzuela,5975180,14258421,2026-04-06T19:00:00Z,2026-04-07T03:00:00+08:00,33.3,PM2.5,µg/m³
Valenzuela,5975180,14258421,2026-04-06T20:00:00Z,2026-04-07T04:00:00+08:00,30.9,PM2.5,µg/m³
Valenzuela,5975180,14258421,2026-04-06T21:00:00Z,2026-04-07T05:00:00+08:00,34.8,PM2.5,µg/m³
Valenzuela,5975180,14258421,2026-04-06T22:00:00Z,2026-04-07T06:00:00+08:00,34.9,PM2.5,µg/m³
Valenzuela,5975180,14258421,2026-04-06T23:00:00Z,2026-04-07T07:00:00+08:00,35.2,PM2.5,µg/m³
Valenzuela,5975180,14258421,2026-04-07T00:00:00Z,2026-04-07T08:00:00+08:00,33.7,PM2.5,µg/m³
Valenzuela,5975180,14258421,2026-04-07T01:00:00Z,2026-04-07T09:00:00+08:00,36.3,PM2.5,µg/m³
Valenzuela,5975180,14258421,2026-04-07T02:00:00Z,2026-04-07T10:00:00+08:00,41.6,PM2.5,µg/m³
Valenzuela,5975180,14258421,2026-04-07T03:00:00Z,2026-04-07T11:00:00+08:00,48.8,PM2.5,µg/m³
Valenzuela,5975180,14258421,2026-04-07T04:00:00Z,2026-04-07T12:00:00+08:00,47.1,PM2.5,µg/m³
Valenzuela,5975180,14258421,2026-04-07T05:00:00Z,2026-04-07T13:00:00+08:00,32.6,PM2.5,µg/m³
Valenzuela,5975180,14258421,2026-04-07T06:00:00Z,2026-04-07T14:00:00+08:00,28.2,PM2.5,µg/m³
Valenzuela,5975180,14258421,2026-04-07T07:00:00Z,2026-04-07T15:00:00+08:00,14.6,PM2.5,µg/m³
Valenzuela,5975180,14258421,2026-04-07T08:00:00Z,2026-04-07T16:00:00+08:00,7.4,PM2.5,µg/m³
Valenzuela,5975180,14258421,2026-04-07T09:00:00Z,2026-04-07T17:00:00+08:00,23.8,PM2.5,µg/m³
Valenzuela,5975180,14258421,2026-04-07T10:00:00Z,2026-04-07T18:00:00+08:00,25.8,PM2.5,µg/m³
Valenzuela,5975180,14258421,2026-04-07T11:00:00Z,2026-04-07T19:00:00+08:00,43.8,PM2.5,µg/m³
Valenzuela,5975180,14258421,2026-04-07T12:00:00Z,2026-04-07T20:00:00+08:00,49.7,PM2.5,µg/m³
Valenzuela,5975180,14258421,2026-04-07T13:00:00Z,2026-04-07T21:00:00+08:00,41.0,PM2.5,µg/m³
Valenzuela,5975180,14258421,2026-04-07T14:00:00Z,2026-04-07T22:00:00+08:00,36.4,PM2.5,µg/m³
Valenzuela,5975180,14258421,2026-04-07T15:00:00Z,2026-04-07T23:00:00+08:00,44.4,PM2.5,µg/m³
Valenzuela,5975180,14258421,2026-04-07T16:00:00Z,2026-04-08T00:00:00+08:00,37.8,PM2.5,µg/m³
Valenzuela,5975180,14258421,2026-04-07T17:00:00Z,2026-04-08T01:00:00+08:00,36.0,PM2.5,µg/m³
Valenzuela,5975180,14258421,2026-04-07T18:00:00Z,2026-04-08T02:00:00+08:00,49.3,PM2.5,µg/m³
Valenzuela,5975180,14258421,2026-04-07T19:00:00Z,2026-04-08T03:00:00+08:00,57.2,PM2.5,µg/m³
Valenzuela,5975180,14258421,2026-04-07T20:00:00Z,2026-04-08T04:00:00+08:00,49.9,PM2.5,µg/m³
Valenzuela,5975180,14258421,2026-04-07T21:00:00Z,2026-04-08T05:00:00+08:00,48.2,PM2.5,µg/m³
Valenzuela,5975180,14258421,2026-04-07T22:00:00Z,2026-04-08T06:00:00+08:00,49.6,PM2.5,µg/m³
Valenzuela,5975180,14258421,2026-04-07T23:00:00Z,2026-04-08T07:00:00+08:00,47.0,PM2.5,µg/m³
Valenzuela,5975180,14258421,2026-04-08T00:00:00Z,2026-04-08T08:00:00+08:00,50.4,PM2.5,µg/m³
Valenzuela,5975180,14258421,2026-04-08T01:00:00Z,2026-04-08T09:00:00+08:00,54.3,PM2.5,µg/m³
Valenzuela,5975180,14258421,2026-04-08T02:00:00Z,2026-04-08T10:00:00+08:00,58.4,PM2.5,µg/m³
Valenzuela,5975180,14258421,2026-04-08T03:00:00Z,2026-04-08T11:00:00+08:00,56.3,PM2.5,µg/m³
Valenzuela,5975180,14258421,2026-04-08T04:00:00Z,2026-04-08T12:00:00+08:00,52.0,PM2.5,µg/m³
Valenzuela,5975180,14258421,2026-04-08T05:00:00Z,2026-04-08T13:00:00+08:00,41.7,PM2.5,µg/m³
Valenzuela,5975180,14258421,2026-04-08T06:00:00Z,2026-04-08T14:00:00+08:00,34.2,PM2.5,µg/m³
Valenzuela,5975180,14258421,2026-04-08T07:00:00Z,2026-04-08T15:00:00+08:00,19.3,PM2.5,µg/m³
Valenzuela,5975180,14258421,2026-04-08T08:00:00Z,2026-04-08T16:00:00+08:00,9.8,PM2.5,µg/m³
Valenzuela,5975180,14258421,2026-04-08T09:00:00Z,2026-04-08T17:00:00+08:00,11.5,PM2.5,µg/m³
Valenzuela,5975180,14258421,2026-04-08T10:00:00Z,2026-04-08T18:00:00+08:00,20.4,PM2.5,µg/m³
Valenzuela,5975180,14258421,2026-04-08T11:00:00Z,2026-04-08T19:00:00+08:00,24.0,PM2.5,µg/m³
Valenzuela,5975180,14258421,2026-04-08T12:00:00Z,2026-04-08T20:00:00+08:00,43.1,PM2.5,µg/m³
Valenzuela,5975180,14258421,2026-04-08T13:00:00Z,2026-04-08T21:00:00+08:00,33.6,PM2.5,µg/m³
Valenzuela,5975180,14258421,2026-04-08T14:00:00Z,2026-04-08T22:00:00+08:00,42.4,PM2.5,µg/m³
Valenzuela,5975180,14258421,2026-04-08T15:00:00Z,2026-04-08T23:00:00+08:00,39.5,PM2.5,µg/m³
Valenzuela,5975180,14258421,2026-04-08T16:00:00Z,2026-04-09T00:00:00+08:00,42.0,PM2.5,µg/m³
Valenzuela,5975180,14258421,2026-04-08T17:00:00Z,2026-04-09T01:00:00+08:00,46.6,PM2.5,µg/m³
Valenzuela,5975180,14258421,2026-04-08T18:00:00Z,2026-04-09T02:00:00+08:00,45.3,PM2.5,µg/m³
Valenzuela,5975180,14258421,2026-04-08T19:00:00Z,2026-04-09T03:00:00+08:00,39.8,PM2.5,µg/m³
Valenzuela,5975180,14258421,2026-04-08T20:00:00Z,2026-04-09T04:00:00+08:00,32.7,PM2.5,µg/m³
Valenzuela,5975180,14258421,2026-04-08T21:00:00Z,2026-04-09T05:00:00+08:00,46.5,PM2.5,µg/m³
Valenzuela,5975180,14258421,2026-04-08T22:00:00Z,2026-04-09T06:00:00+08:00,39.5,PM2.5,µg/m³
Valenzuela,5975180,14258421,2026-04-08T23:00:00Z,2026-04-09T07:00:00+08:00,42.3,PM2.5,µg/m³
Valenzuela,5975180,14258421,2026-04-09T00:00:00Z,2026-04-09T08:00:00+08:00,47.5,PM2.5,µg/m³
Valenzuela,5975180,14258421,2026-04-09T01:00:00Z,2026-04-09T09:00:00+08:00,50.7,PM2.5,µg/m³
Valenzuela,5975180,14258421,2026-04-09T02:00:00Z,2026-04-09T10:00:00+08:00,41.6,PM2.5,µg/m³
Valenzuela,5975180,14258421,2026-04-09T03:00:00Z,2026-04-09T11:00:00+08:00,38.6,PM2.5,µg/m³
Valenzuela,5975180,14258421,2026-04-09T04:00:00Z,2026-04-09T12:00:00+08:00,44.9,PM2.5,µg/m³
Valenzuela,5975180,14258421,2026-04-09T05:00:00Z,2026-04-09T13:00:00+08:00,33.1,PM2.5,µg/m³
Valenzuela,5975180,14258421,2026-04-09T06:00:00Z,2026-04-09T14:00:00+08:00,30.4,PM2.5,µg/m³
Valenzuela,5975180,14258421,2026-04-09T07:00:00Z,2026-04-09T15:00:00+08:00,25.7,PM2.5,µg/m³
Valenzuela,5975180,14258421,2026-04-09T08:00:00Z,2026-04-09T16:00:00+08:00,20.4,PM2.5,µg/m³
Valenzuela,5975180,14258421,2026-04-09T09:00:00Z,2026-04-09T17:00:00+08:00,14.8,PM2.5,µg/m³
Valenzuela,5975180,14258421,2026-04-09T10:00:00Z,2026-04-09T18:00:00+08:00,24.8,PM2.5,µg/m³
Valenzuela,5975180,14258421,2026-04-09T11:00:00Z,2026-04-09T19:00:00+08:00,35.7,PM2.5,µg/m³
Valenzuela,5975180,14258421,2026-04-09T12:00:00Z,2026-04-09T20:00:00+08:00,38.6,PM2.5,µg/m³
Valenzuela,5975180,14258421,2026-04-09T13:00:00Z,2026-04-09T21:00:00+08:00,23.0,PM2.5,µg/m³
Valenzuela,5975180,14258421,2026-04-09T14:00:00Z,2026-04-09T22:00:00+08:00,20.6,PM2.5,µg/m³
Valenzuela,5975180,14258421,2026-04-09T15:00:00Z,2026-04-09T23:00:00+08:00,14.5,PM2.5,µg/m³
Valenzuela,5975180,14258421,2026-04-09T16:00:00Z,2026-04-10T00:00:00+08:00,16.3,PM2.5,µg/m³
Valenzuela,5975180,14258421,2026-04-09T17:00:00Z,2026-04-10T01:00:00+08:00,11.6,PM2.5,µg/m³
Valenzuela,5975180,14258421,2026-04-09T18:00:00Z,2026-04-10T02:00:00+08:00,4.8,PM2.5,µg/m³
Valenzuela,5975180,14258421,2026-04-09T19:00:00Z,2026-04-10T03:00:00+08:00,25.1,PM2.5,µg/m³
Valenzuela,5975180,14258421,2026-04-09T20:00:00Z,2026-04-10T04:00:00+08:00,12.9,PM2.5,µg/m³
Valenzuela,5975180,14258421,2026-04-09T21:00:00Z,2026-04-10T05:00:00+08:00,6.0,PM2.5,µg/m³
Valenzuela,5975180,14258421,2026-04-09T22:00:00Z,2026-04-10T06:00:00+08:00,17.4,PM2.5,µg/m³
Valenzuela,5975180,14258421,2026-04-09T23:00:00Z,2026-04-10T07:00:00+08:00,16.5,PM2.5,µg/m³
Valenzuela,5975180,14258421,2026-04-10T00:00:00Z,2026-04-10T08:00:00+08:00,33.7,PM2.5,µg/m³
Valenzuela,5975180,14258421,2026-04-10T01:00:00Z,2026-04-10T09:00:00+08:00,36.8,PM2.5,µg/m³
Valenzuela,5975180,14258421,2026-04-10T02:00:00Z,2026-04-10T10:00:00+08:00,48.7,PM2.5,µg/m³
Valenzuela,5975180,14258421,2026-04-10T03:00:00Z,2026-04-10T11:00:00+08:00,39.4,PM2.5,µg/m³
Valenzuela,5975180,14258421,2026-04-10T04:00:00Z,2026-04-10T12:00:00+08:00,41.8,PM2.5,µg/m³
Valenzuela,5975180,14258421,2026-04-10T05:00:00Z,2026-04-10T13:00:00+08:00,41.2,PM2.5,µg/m³
Valenzuela,5975180,14258421,2026-04-10T06:00:00Z,2026-04-10T14:00:00+08:00,43.3,PM2.5,µg/m³
Valenzuela,5975180,14258421,2026-04-10T07:00:00Z,2026-04-10T15:00:00+08:00,47.5,PM2.5,µg/m³
Valenzuela,5975180,14258421,2026-04-10T08:00:00Z,2026-04-10T16:00:00+08:00,50.1,PM2.5,µg/m³
Valenzuela,5975180,14258421,2026-04-10T09:00:00Z,2026-04-10T17:00:00+08:00,38.0,PM2.5,µg/m³
Valenzuela,5975180,14258421,2026-04-10T10:00:00Z,2026-04-10T18:00:00+08:00,35.7,PM2.5,µg/m³
Valenzuela,5975180,14258421,2026-04-10T11:00:00Z,2026-04-10T19:00:00+08:00,46.1,PM2.5,µg/m³
Valenzuela,5975180,14258421,2026-04-10T12:00:00Z,2026-04-10T20:00:00+08:00,45.0,PM2.5,µg/m³
Valenzuela,5975180,14258421,2026-04-10T13:00:00Z,2026-04-10T21:00:00+08:00,42.6,PM2.5,µg/m³
Valenzuela,5975180,14258421,2026-04-10T14:00:00Z,2026-04-10T22:00:00+08:00,61.1,PM2.5,µg/m³
Valenzuela,5975180,14258421,2026-04-10T15:00:00Z,2026-04-10T23:00:00+08:00,60.4,PM2.5,µg/m³
Valenzuela,5975180,14258421,2026-04-10T16:00:00Z,2026-04-11T00:00:00+08:00,23.6,PM2.5,µg/m³
Valenzuela,5975180,14258421,2026-04-10T17:00:00Z,2026-04-11T01:00:00+08:00,19.1,PM2.5,µg/m³
Valenzuela,5975180,14258421,2026-04-10T18:00:00Z,2026-04-11T02:00:00+08:00,11.0,PM2.5,µg/m³
Valenzuela,5975180,14258421,2026-04-10T19:00:00Z,2026-04-11T03:00:00+08:00,7.0,PM2.5,µg/m³
Valenzuela,5975180,14258421,2026-04-10T20:00:00Z,2026-04-11T04:00:00+08:00,7.0,PM2.5,µg/m³
Valenzuela,5975180,14258421,2026-04-10T21:00:00Z,2026-04-11T05:00:00+08:00,11.2,PM2.5,µg/m³
Valenzuela,5975180,14258421,2026-04-10T22:00:00Z,2026-04-11T06:00:00+08:00,24.3,PM2.5,µg/m³
Valenzuela,5975180,14258421,2026-04-10T23:00:00Z,2026-04-11T07:00:00+08:00,47.8,PM2.5,µg/m³
Valenzuela,5975180,14258421,2026-04-11T00:00:00Z,2026-04-11T08:00:00+08:00,52.7,PM2.5,µg/m³
Valenzuela,5975180,14258421,2026-04-11T01:00:00Z,2026-04-11T09:00:00+08:00,47.0,PM2.5,µg/m³
Valenzuela,5975180,14258421,2026-04-11T02:00:00Z,2026-04-11T10:00:00+08:00,54.0,PM2.5,µg/m³
Valenzuela,5975180,14258421,2026-04-11T03:00:00Z,2026-04-11T11:00:00+08:00,66.7,PM2.5,µg/m³
Valenzuela,5975180,14258421,2026-04-11T04:00:00Z,2026-04-11T12:00:00+08:00,79.3,PM2.5,µg/m³
Valenzuela,5975180,14258421,2026-04-11T05:00:00Z,2026-04-11T13:00:00+08:00,101.0,PM2.5,µg/m³
Valenzuela,5975180,14258421,2026-04-11T06:00:00Z,2026-04-11T14:00:00+08:00,66.7,PM2.5,µg/m³
Valenzuela,5975180,14258421,2026-04-11T07:00:00Z,2026-04-11T15:00:00+08:00,68.5,PM2.5,µg/m³
Valenzuela,5975180,14258421,2026-04-11T08:00:00Z,2026-04-11T16:00:00+08:00,71.9,PM2.5,µg/m³
Valenzuela,5975180,14258421,2026-04-11T09:00:00Z,2026-04-11T17:00:00+08:00,86.3,PM2.5,µg/m³
Valenzuela,5975180,14258421,2026-04-11T10:00:00Z,2026-04-11T18:00:00+08:00,72.7,PM2.5,µg/m³
Valenzuela,5975180,14258421,2026-04-11T11:00:00Z,2026-04-11T19:00:00+08:00,70.5,PM2.5,µg/m³
Valenzuela,5975180,14258421,2026-04-11T12:00:00Z,2026-04-11T20:00:00+08:00,69.8,PM2.5,µg/m³
Valenzuela,5975180,14258421,2026-04-11T13:00:00Z,2026-04-11T21:00:00+08:00,27.4,PM2.5,µg/m³
Valenzuela,5975180,14258421,2026-04-11T14:00:00Z,2026-04-11T22:00:00+08:00,22.1,PM2.5,µg/m³
Valenzuela,5975180,14258421,2026-04-11T15:00:00Z,2026-04-11T23:00:00+08:00,26.5,PM2.5,µg/m³
Valenzuela,5975180,14258421,2026-04-11T16:00:00Z,2026-04-12T00:00:00+08:00,39.4,PM2.5,µg/m³
Valenzuela,5975180,14258421,2026-04-11T17:00:00Z,2026-04-12T01:00:00+08:00,34.2,PM2.5,µg/m³
Valenzuela,5975180,14258421,2026-04-11T18:00:00Z,2026-04-12T02:00:00+08:00,31.3,PM2.5,µg/m³
Valenzuela,5975180,14258421,2026-04-11T19:00:00Z,2026-04-12T03:00:00+08:00,25.6,PM2.5,µg/m³
Valenzuela,5975180,14258421,2026-04-11T20:00:00Z,2026-04-12T04:00:00+08:00,21.8,PM2.5,µg/m³
Valenzuela,5975180,14258421,2026-04-11T21:00:00Z,2026-04-12T05:00:00+08:00,23.1,PM2.5,µg/m³
Valenzuela,5975180,14258421,2026-04-11T22:00:00Z,2026-04-12T06:00:00+08:00,25.9,PM2.5,µg/m³
Valenzuela,5975180,14258421,2026-04-11T23:00:00Z,2026-04-12T07:00:00+08:00,42.4,PM2.5,µg/m³
Valenzuela,5975180,14258421,2026-04-12T00:00:00Z,2026-04-12T08:00:00+08:00,41.4,PM2.5,µg/m³
Valenzuela,5975180,14258421,2026-04-12T01:00:00Z,2026-04-12T09:00:00+08:00,45.6,PM2.5,µg/m³
Valenzuela,5975180,14258421,2026-04-12T02:00:00Z,2026-04-12T10:00:00+08:00,86.6,PM2.5,µg/m³
Valenzuela,5975180,14258421,2026-04-12T03:00:00Z,2026-04-12T11:00:00+08:00,161.0,PM2.5,µg/m³
Valenzuela,5975180,14258421,2026-04-12T04:00:00Z,2026-04-12T12:00:00+08:00,111.0,PM2.5,µg/m³
Valenzuela,5975180,14258421,2026-04-12T05:00:00Z,2026-04-12T13:00:00+08:00,85.6,PM2.5,µg/m³
Valenzuela,5975180,14258421,2026-04-12T06:00:00Z,2026-04-12T14:00:00+08:00,53.2,PM2.5,µg/m³
Valenzuela,5975180,14258421,2026-04-12T07:00:00Z,2026-04-12T15:00:00+08:00,60.5,PM2.5,µg/m³
Valenzuela,5975180,14258421,2026-04-12T08:00:00Z,2026-04-12T16:00:00+08:00,50.1,PM2.5,µg/m³
Valenzuela,5975180,14258421,2026-04-12T09:00:00Z,2026-04-12T17:00:00+08:00,36.7,PM2.5,µg/m³
Valenzuela,5975180,14258421,2026-04-12T10:00:00Z,2026-04-12T18:00:00+08:00,32.1,PM2.5,µg/m³
Valenzuela,5975180,14258421,2026-04-12T11:00:00Z,2026-04-12T19:00:00+08:00,32.4,PM2.5,µg/m³
Valenzuela,5975180,14258421,2026-04-12T12:00:00Z,2026-04-12T20:00:00+08:00,35.4,PM2.5,µg/m³
Valenzuela,5975180,14258421,2026-04-12T13:00:00Z,2026-04-12T21:00:00+08:00,40.3,PM2.5,µg/m³
Valenzuela,5975180,14258421,2026-04-12T14:00:00Z,2026-04-12T22:00:00+08:00,37.7,PM2.5,µg/m³
Valenzuela,5975180,14258421,2026-04-12T15:00:00Z,2026-04-12T23:00:00+08:00,38.7,PM2.5,µg/m³
Valenzuela,5975180,14258421,2026-04-12T16:00:00Z,2026-04-13T00:00:00+08:00,40.7,PM2.5,µg/m³
Valenzuela,5975180,14258421,2026-04-12T17:00:00Z,2026-04-13T01:00:00+08:00,40.8,PM2.5,µg/m³
Valenzuela,5975180,14258421,2026-04-12T18:00:00Z,2026-04-13T02:00:00+08:00,34.0,PM2.5,µg/m³
Valenzuela,5975180,14258421,2026-04-12T19:00:00Z,2026-04-13T03:00:00+08:00,38.0,PM2.5,µg/m³
Valenzuela,5975180,14258421,2026-04-12T20:00:00Z,2026-04-13T04:00:00+08:00,33.7,PM2.5,µg/m³
Valenzuela,5975180,14258421,2026-04-12T21:00:00Z,2026-04-13T05:00:00+08:00,26.9,PM2.5,µg/m³
Valenzuela,5975180,14258421,2026-04-12T22:00:00Z,2026-04-13T06:00:00+08:00,35.7,PM2.5,µg/m³
Valenzuela,5975180,14258421,2026-04-12T23:00:00Z,2026-04-13T07:00:00+08:00,35.1,PM2.5,µg/m³
Valenzuela,5975180,14258421,2026-04-13T00:00:00Z,2026-04-13T08:00:00+08:00,34.0,PM2.5,µg/m³
Valenzuela,5975180,14258421,2026-04-13T01:00:00Z,2026-04-13T09:00:00+08:00,33.1,PM2.5,µg/m³
Valenzuela,5975180,14258421,2026-04-13T02:00:00Z,2026-04-13T10:00:00+08:00,47.4,PM2.5,µg/m³
Valenzuela,5975180,14258421,2026-04-13T03:00:00Z,2026-04-13T11:00:00+08:00,168.0,PM2.5,µg/m³
Valenzuela,5975180,14258421,2026-04-13T04:00:00Z,2026-04-13T12:00:00+08:00,51.0,PM2.5,µg/m³
Valenzuela,5975180,14258421,2026-04-13T05:00:00Z,2026-04-13T13:00:00+08:00,60.5,PM2.5,µg/m³
Valenzuela,5975180,14258421,2026-04-13T06:00:00Z,2026-04-13T14:00:00+08:00,44.0,PM2.5,µg/m³
Valenzuela,5975180,14258421,2026-04-13T07:00:00Z,2026-04-13T15:00:00+08:00,41.9,PM2.5,µg/m³
Valenzuela,5975180,14258421,2026-04-13T08:00:00Z,2026-04-13T16:00:00+08:00,40.5,PM2.5,µg/m³
Valenzuela,5975180,14258421,2026-04-13T09:00:00Z,2026-04-13T17:00:00+08:00,42.0,PM2.5,µg/m³
Valenzuela,5975180,14258421,2026-04-13T10:00:00Z,2026-04-13T18:00:00+08:00,36.6,PM2.5,µg/m³
Valenzuela,5975180,14258421,2026-04-13T11:00:00Z,2026-04-13T19:00:00+08:00,41.3,PM2.5,µg/m³
Valenzuela,5975180,14258421,2026-04-13T12:00:00Z,2026-04-13T20:00:00+08:00,31.7,PM2.5,µg/m³
Valenzuela,5975180,14258421,2026-04-13T13:00:00Z,2026-04-13T21:00:00+08:00,32.5,PM2.5,µg/m³
Valenzuela,5975180,14258421,2026-04-13T14:00:00Z,2026-04-13T22:00:00+08:00,23.2,PM2.5,µg/m³
Valenzuela,5975180,14258421,2026-04-13T15:00:00Z,2026-04-13T23:00:00+08:00,28.0,PM2.5,µg/m³
Valenzuela,5975180,14258421,2026-04-13T16:00:00Z,2026-04-14T00:00:00+08:00,22.7,PM2.5,µg/m³
Valenzuela,5975180,14258421,2026-04-13T17:00:00Z,2026-04-14T01:00:00+08:00,34.7,PM2.5,µg/m³
Valenzuela,5975180,14258421,2026-04-13T18:00:00Z,2026-04-14T02:00:00+08:00,36.0,PM2.5,µg/m³
Valenzuela,5975180,14258421,2026-04-13T19:00:00Z,2026-04-14T03:00:00+08:00,34.3,PM2.5,µg/m³
Valenzuela,5975180,14258421,2026-04-13T20:00:00Z,2026-04-14T04:00:00+08:00,35.5,PM2.5,µg/m³
Valenzuela,5975180,14258421,2026-04-13T21:00:00Z,2026-04-14T05:00:00+08:00,28.6,PM2.5,µg/m³
Valenzuela,5975180,14258421,2026-04-13T22:00:00Z,2026-04-14T06:00:00+08:00,33.1,PM2.5,µg/m³
Valenzuela,5975180,14258421,2026-04-13T23:00:00Z,2026-04-14T07:00:00+08:00,40.3,PM2.5,µg/m³
Valenzuela,5975180,14258421,2026-04-14T00:00:00Z,2026-04-14T08:00:00+08:00,38.9,PM2.5,µg/m³
Valenzuela,5975180,14258421,2026-04-14T01:00:00Z,2026-04-14T09:00:00+08:00,30.6,PM2.5,µg/m³
Valenzuela,5975180,14258421,2026-04-14T02:00:00Z,2026-04-14T10:00:00+08:00,43.5,PM2.5,µg/m³
Valenzuela,5975180,14258421,2026-04-14T03:00:00Z,2026-04-14T11:00:00+08:00,58.3,PM2.5,µg/m³
Valenzuela,5975180,14258421,2026-04-14T04:00:00Z,2026-04-14T12:00:00+08:00,66.3,PM2.5,µg/m³
Valenzuela,5975180,14258421,2026-04-14T05:00:00Z,2026-04-14T13:00:00+08:00,41.6,PM2.5,µg/m³
Valenzuela,5975180,14258421,2026-04-14T06:00:00Z,2026-04-14T14:00:00+08:00,38.1,PM2.5,µg/m³
Valenzuela,5975180,14258421,2026-04-14T07:00:00Z,2026-04-14T15:00:00+08:00,32.5,PM2.5,µg/m³
Valenzuela,5975180,14258421,2026-04-14T08:00:00Z,2026-04-14T16:00:00+08:00,29.3,PM2.5,µg/m³
Valenzuela,5975180,14258421,2026-04-14T09:00:00Z,2026-04-14T17:00:00+08:00,20.6,PM2.5,µg/m³
Valenzuela,5975180,14258421,2026-04-14T10:00:00Z,2026-04-14T18:00:00+08:00,18.9,PM2.5,µg/m³
Valenzuela,5975180,14258421,2026-04-14T11:00:00Z,2026-04-14T19:00:00+08:00,29.3,PM2.5,µg/m³
Valenzuela,5975180,14258421,2026-04-14T12:00:00Z,2026-04-14T20:00:00+08:00,30.4,PM2.5,µg/m³
Valenzuela,5975180,14258421,2026-04-14T13:00:00Z,2026-04-14T21:00:00+08:00,29.1,PM2.5,µg/m³
Valenzuela,5975180,14258421,2026-04-14T14:00:00Z,2026-04-14T22:00:00+08:00,30.3,PM2.5,µg/m³
Valenzuela,5975180,14258421,2026-04-14T15:00:00Z,2026-04-14T23:00:00+08:00,39.4,PM2.5,µg/m³
Valenzuela,5975180,14258421,2026-04-14T16:00:00Z,2026-04-15T00:00:00+08:00,40.1,PM2.5,µg/m³
Valenzuela,5975180,14258421,2026-04-14T17:00:00Z,2026-04-15T01:00:00+08:00,30.9,PM2.5,µg/m³
Valenzuela,5975180,14258421,2026-04-14T18:00:00Z,2026-04-15T02:00:00+08:00,28.8,PM2.5,µg/m³
Valenzuela,5975180,14258421,2026-04-14T19:00:00Z,2026-04-15T03:00:00+08:00,33.7,PM2.5,µg/m³
Valenzuela,5975180,14258421,2026-04-14T20:00:00Z,2026-04-15T04:00:00+08:00,34.7,PM2.5,µg/m³
Valenzuela,5975180,14258421,2026-04-14T21:00:00Z,2026-04-15T05:00:00+08:00,35.5,PM2.5,µg/m³
Valenzuela,5975180,14258421,2026-04-14T22:00:00Z,2026-04-15T06:00:00+08:00,34.0,PM2.5,µg/m³
Valenzuela,5975180,14258421,2026-04-14T23:00:00Z,2026-04-15T07:00:00+08:00,35.0,PM2.5,µg/m³
Valenzuela,5975180,14258421,2026-04-15T00:00:00Z,2026-04-15T08:00:00+08:00,32.4,PM2.5,µg/m³
Valenzuela,5975180,14258421,2026-04-15T01:00:00Z,2026-04-15T09:00:00+08:00,28.5,PM2.5,µg/m³
Valenzuela,5975180,14258421,2026-04-15T02:00:00Z,2026-04-15T10:00:00+08:00,29.5,PM2.5,µg/m³
Valenzuela,5975180,14258421,2026-04-15T03:00:00Z,2026-04-15T11:00:00+08:00,29.5,PM2.5,µg/m³
Valenzuela,5975180,14258421,2026-04-15T04:00:00Z,2026-04-15T12:00:00+08:00,25.2,PM2.5,µg/m³
Valenzuela,5975180,14258421,2026-04-15T05:00:00Z,2026-04-15T13:00:00+08:00,19.4,PM2.5,µg/m³
Valenzuela,5975180,14258421,2026-04-15T06:00:00Z,2026-04-15T14:00:00+08:00,16.4,PM2.5,µg/m³
Valenzuela,5975180,14258421,2026-04-15T07:00:00Z,2026-04-15T15:00:00+08:00,16.7,PM2.5,µg/m³
Valenzuela,5975180,14258421,2026-04-15T08:00:00Z,2026-04-15T16:00:00+08:00,23.5,PM2.5,µg/m³
Valenzuela,5975180,14258421,2026-04-15T09:00:00Z,2026-04-15T17:00:00+08:00,22.3,PM2.5,µg/m³
Valenzuela,5975180,14258421,2026-04-15T10:00:00Z,2026-04-15T18:00:00+08:00,25.5,PM2.5,µg/m³
Valenzuela,5975180,14258421,2026-04-15T11:00:00Z,2026-04-15T19:00:00+08:00,38.1,PM2.5,µg/m³
Valenzuela,5975180,14258421,2026-04-15T12:00:00Z,2026-04-15T20:00:00+08:00,35.5,PM2.5,µg/m³
Valenzuela,5975180,14258421,2026-04-15T13:00:00Z,2026-04-15T21:00:00+08:00,39.1,PM2.5,µg/m³
Valenzuela,5975180,14258421,2026-04-15T14:00:00Z,2026-04-15T22:00:00+08:00,25.3,PM2.5,µg/m³
Valenzuela,5975180,14258421,2026-04-15T15:00:00Z,2026-04-15T23:00:00+08:00,18.7,PM2.5,µg/m³
Valenzuela,5975180,14258421,2026-04-15T16:00:00Z,2026-04-16T00:00:00+08:00,37.7,PM2.5,µg/m³
Valenzuela,5975180,14258421,2026-04-15T17:00:00Z,2026-04-16T01:00:00+08:00,50.0,PM2.5,µg/m³
Valenzuela,5975180,14258421,2026-04-15T18:00:00Z,2026-04-16T02:00:00+08:00,34.2,PM2.5,µg/m³
Valenzuela,5975180,14258421,2026-04-15T19:00:00Z,2026-04-16T03:00:00+08:00,35.7,PM2.5,µg/m³
Valenzuela,5975180,14258421,2026-04-15T20:00:00Z,2026-04-16T04:00:00+08:00,42.0,PM2.5,µg/m³
Valenzuela,5975180,14258421,2026-04-15T21:00:00Z,2026-04-16T05:00:00+08:00,40.2,PM2.5,µg/m³
Valenzuela,5975180,14258421,2026-04-15T22:00:00Z,2026-04-16T06:00:00+08:00,41.4,PM2.5,µg/m³
Valenzuela,5975180,14258421,2026-04-15T23:00:00Z,2026-04-16T07:00:00+08:00,45.1,PM2.5,µg/m³
Valenzuela,5975180,14258421,2026-04-16T00:00:00Z,2026-04-16T08:00:00+08:00,46.9,PM2.5,µg/m³
Valenzuela,5975180,14258421,2026-04-16T01:00:00Z,2026-04-16T09:00:00+08:00,47.2,PM2.5,µg/m³
Valenzuela,5975180,14258421,2026-04-16T02:00:00Z,2026-04-16T10:00:00+08:00,49.8,PM2.5,µg/m³
Valenzuela,5975180,14258421,2026-04-16T03:00:00Z,2026-04-16T11:00:00+08:00,52.5,PM2.5,µg/m³
Valenzuela,5975180,14258421,2026-04-16T04:00:00Z,2026-04-16T12:00:00+08:00,40.7,PM2.5,µg/m³
Valenzuela,5975180,14258421,2026-04-16T05:00:00Z,2026-04-16T13:00:00+08:00,35.9,PM2.5,µg/m³
Valenzuela,5975180,14258421,2026-04-16T06:00:00Z,2026-04-16T14:00:00+08:00,35.0,PM2.5,µg/m³
Valenzuela,5975180,14258421,2026-04-16T09:00:00Z,2026-04-16T17:00:00+08:00,42.3,PM2.5,µg/m³
Valenzuela,5975180,14258421,2026-04-16T10:00:00Z,2026-04-16T18:00:00+08:00,38.9,PM2.5,µg/m³
Valenzuela,5975180,14258421,2026-04-16T11:00:00Z,2026-04-16T19:00:00+08:00,39.2,PM2.5,µg/m³
Valenzuela,5975180,14258421,2026-04-16T12:00:00Z,2026-04-16T20:00:00+08:00,35.9,PM2.5,µg/m³
Valenzuela,5975180,14258421,2026-04-16T13:00:00Z,2026-04-16T21:00:00+08:00,34.2,PM2.5,µg/m³
Valenzuela,5975180,14258421,2026-04-16T14:00:00Z,2026-04-16T22:00:00+08:00,46.1,PM2.5,µg/m³
Valenzuela,5975180,14258421,2026-04-16T15:00:00Z,2026-04-16T23:00:00+08:00,45.8,PM2.5,µg/m³
Valenzuela,5975180,14258421,2026-04-16T16:00:00Z,2026-04-17T00:00:00+08:00,40.9,PM2.5,µg/m³
Valenzuela,5975180,14258421,2026-04-16T17:00:00Z,2026-04-17T01:00:00+08:00,43.8,PM2.5,µg/m³
Valenzuela,5975180,14258421,2026-04-16T18:00:00Z,2026-04-17T02:00:00+08:00,48.0,PM2.5,µg/m³
Valenzuela,5975180,14258421,2026-04-16T19:00:00Z,2026-04-17T03:00:00+08:00,51.3,PM2.5,µg/m³
Valenzuela,5975180,14258421,2026-04-16T20:00:00Z,2026-04-17T04:00:00+08:00,50.6,PM2.5,µg/m³
Valenzuela,5975180,14258421,2026-04-16T21:00:00Z,2026-04-17T05:00:00+08:00,53.9,PM2.5,µg/m³
Valenzuela,5975180,14258421,2026-04-16T22:00:00Z,2026-04-17T06:00:00+08:00,67.3,PM2.5,µg/m³
Valenzuela,5975180,14258421,2026-04-16T23:00:00Z,2026-04-17T07:00:00+08:00,58.9,PM2.5,µg/m³
Valenzuela,5975180,14258421,2026-04-17T00:00:00Z,2026-04-17T08:00:00+08:00,50.5,PM2.5,µg/m³
Valenzuela,5975180,14258421,2026-04-17T01:00:00Z,2026-04-17T09:00:00+08:00,48.2,PM2.5,µg/m³
Valenzuela,5975180,14258421,2026-04-17T02:00:00Z,2026-04-17T10:00:00+08:00,59.6,PM2.5,µg/m³
Valenzuela,5975180,14258421,2026-04-17T03:00:00Z,2026-04-17T11:00:00+08:00,89.2,PM2.5,µg/m³
Valenzuela,5975180,14258421,2026-04-17T04:00:00Z,2026-04-17T12:00:00+08:00,68.7,PM2.5,µg/m³
Valenzuela,5975180,14258421,2026-04-17T05:00:00Z,2026-04-17T13:00:00+08:00,64.3,PM2.5,µg/m³
Valenzuela,5975180,14258421,2026-04-17T06:00:00Z,2026-04-17T14:00:00+08:00,61.0,PM2.5,µg/m³
Valenzuela,5975180,14258421,2026-04-17T07:00:00Z,2026-04-17T15:00:00+08:00,59.4,PM2.5,µg/m³
Valenzuela,5975180,14258421,2026-04-17T08:00:00Z,2026-04-17T16:00:00+08:00,61.9,PM2.5,µg/m³
Valenzuela,5975180,14258421,2026-04-17T09:00:00Z,2026-04-17T17:00:00+08:00,47.8,PM2.5,µg/m³
Valenzuela,5975180,14258421,2026-04-17T10:00:00Z,2026-04-17T18:00:00+08:00,54.7,PM2.5,µg/m³
Valenzuela,5975180,14258421,2026-04-17T11:00:00Z,2026-04-17T19:00:00+08:00,66.8,PM2.5,µg/m³
Valenzuela,5975180,14258421,2026-04-17T12:00:00Z,2026-04-17T20:00:00+08:00,76.6,PM2.5,µg/m³
Valenzuela,5975180,14258421,2026-04-17T13:00:00Z,2026-04-17T21:00:00+08:00,74.2,PM2.5,µg/m³
Valenzuela,5975180,14258421,2026-04-17T14:00:00Z,2026-04-17T22:00:00+08:00,78.2,PM2.5,µg/m³
Valenzuela,5975180,14258421,2026-04-17T15:00:00Z,2026-04-17T23:00:00+08:00,87.1,PM2.5,µg/m³
Valenzuela,5975180,14258421,2026-04-17T16:00:00Z,2026-04-18T00:00:00+08:00,84.7,PM2.5,µg/m³
Valenzuela,5975180,14258421,2026-04-17T17:00:00Z,2026-04-18T01:00:00+08:00,82.2,PM2.5,µg/m³
Valenzuela,5975180,14258421,2026-04-17T18:00:00Z,2026-04-18T02:00:00+08:00,70.7,PM2.5,µg/m³
Valenzuela,5975180,14258421,2026-04-17T19:00:00Z,2026-04-18T03:00:00+08:00,94.0,PM2.5,µg/m³
Valenzuela,5975180,14258421,2026-04-17T20:00:00Z,2026-04-18T04:00:00+08:00,58.7,PM2.5,µg/m³
Valenzuela,5975180,14258421,2026-04-17T21:00:00Z,2026-04-18T05:00:00+08:00,43.8,PM2.5,µg/m³
Valenzuela,5975180,14258421,2026-04-17T22:00:00Z,2026-04-18T06:00:00+08:00,43.1,PM2.5,µg/m³
Valenzuela,5975180,14258421,2026-04-17T23:00:00Z,2026-04-18T07:00:00+08:00,53.4,PM2.5,µg/m³
Valenzuela,5975180,14258421,2026-04-18T00:00:00Z,2026-04-18T08:00:00+08:00,52.2,PM2.5,µg/m³
Valenzuela,5975180,14258421,2026-04-18T01:00:00Z,2026-04-18T09:00:00+08:00,44.4,PM2.5,µg/m³
Valenzuela,5975180,14258421,2026-04-18T02:00:00Z,2026-04-18T10:00:00+08:00,48.0,PM2.5,µg/m³
Valenzuela,5975180,14258421,2026-04-18T03:00:00Z,2026-04-18T11:00:00+08:00,48.8,PM2.5,µg/m³
Valenzuela,5975180,14258421,2026-04-18T04:00:00Z,2026-04-18T12:00:00+08:00,71.1,PM2.5,µg/m³
Valenzuela,5975180,14258421,2026-04-18T05:00:00Z,2026-04-18T13:00:00+08:00,49.6,PM2.5,µg/m³
Valenzuela,5975180,14258421,2026-04-18T06:00:00Z,2026-04-18T14:00:00+08:00,50.3,PM2.5,µg/m³
Valenzuela,5975180,14258421,2026-04-18T08:00:00Z,2026-04-18T16:00:00+08:00,51.5,PM2.5,µg/m³
Valenzuela,5975180,14258421,2026-04-18T09:00:00Z,2026-04-18T17:00:00+08:00,55.3,PM2.5,µg/m³
Valenzuela,5975180,14258421,2026-04-18T10:00:00Z,2026-04-18T18:00:00+08:00,62.5,PM2.5,µg/m³
Valenzuela,5975180,14258421,2026-04-18T11:00:00Z,2026-04-18T19:00:00+08:00,103.0,PM2.5,µg/m³
Valenzuela,5975180,14258421,2026-04-18T12:00:00Z,2026-04-18T20:00:00+08:00,118.0,PM2.5,µg/m³
Valenzuela,5975180,14258421,2026-04-18T13:00:00Z,2026-04-18T21:00:00+08:00,106.0,PM2.5,µg/m³
Valenzuela,5975180,14258421,2026-04-18T14:00:00Z,2026-04-18T22:00:00+08:00,105.0,PM2.5,µg/m³
Valenzuela,5975180,14258421,2026-04-18T15:00:00Z,2026-04-18T23:00:00+08:00,84.3,PM2.5,µg/m³
Valenzuela,5975180,14258421,2026-04-18T16:00:00Z,2026-04-19T00:00:00+08:00,42.8,PM2.5,µg/m³
Valenzuela,5975180,14258421,2026-04-18T17:00:00Z,2026-04-19T01:00:00+08:00,37.5,PM2.5,µg/m³
Valenzuela,5975180,14258421,2026-04-18T18:00:00Z,2026-04-19T02:00:00+08:00,35.2,PM2.5,µg/m³
Valenzuela,5975180,14258421,2026-04-18T19:00:00Z,2026-04-19T03:00:00+08:00,50.2,PM2.5,µg/m³
Valenzuela,5975180,14258421,2026-04-18T20:00:00Z,2026-04-19T04:00:00+08:00,48.2,PM2.5,µg/m³
Valenzuela,5975180,14258421,2026-04-18T21:00:00Z,2026-04-19T05:00:00+08:00,48.5,PM2.5,µg/m³
Valenzuela,5975180,14258421,2026-04-18T22:00:00Z,2026-04-19T06:00:00+08:00,50.0,PM2.5,µg/m³
Valenzuela,5975180,14258421,2026-04-18T23:00:00Z,2026-04-19T07:00:00+08:00,65.9,PM2.5,µg/m³
Valenzuela,5975180,14258421,2026-04-19T00:00:00Z,2026-04-19T08:00:00+08:00,64.8,PM2.5,µg/m³
Valenzuela,5975180,14258421,2026-04-19T01:00:00Z,2026-04-19T09:00:00+08:00,46.5,PM2.5,µg/m³
Valenzuela,5975180,14258421,2026-04-19T02:00:00Z,2026-04-19T10:00:00+08:00,54.6,PM2.5,µg/m³
Valenzuela,5975180,14258421,2026-04-19T03:00:00Z,2026-04-19T11:00:00+08:00,51.9,PM2.5,µg/m³
Valenzuela,5975180,14258421,2026-04-19T04:00:00Z,2026-04-19T12:00:00+08:00,44.8,PM2.5,µg/m³
Valenzuela,5975180,14258421,2026-04-19T05:00:00Z,2026-04-19T13:00:00+08:00,43.4,PM2.5,µg/m³
Valenzuela,5975180,14258421,2026-04-19T06:00:00Z,2026-04-19T14:00:00+08:00,42.9,PM2.5,µg/m³
Valenzuela,5975180,14258421,2026-04-19T07:00:00Z,2026-04-19T15:00:00+08:00,41.7,PM2.5,µg/m³
Valenzuela,5975180,14258421,2026-04-19T08:00:00Z,2026-04-19T16:00:00+08:00,44.6,PM2.5,µg/m³
Valenzuela,5975180,14258421,2026-04-19T09:00:00Z,2026-04-19T17:00:00+08:00,39.8,PM2.5,µg/m³
Valenzuela,5975180,14258421,2026-04-19T10:00:00Z,2026-04-19T18:00:00+08:00,50.0,PM2.5,µg/m³
Valenzuela,5975180,14258421,2026-04-19T11:00:00Z,2026-04-19T19:00:00+08:00,56.6,PM2.5,µg/m³
Valenzuela,5975180,14258421,2026-04-19T12:00:00Z,2026-04-19T20:00:00+08:00,61.7,PM2.5,µg/m³
Valenzuela,5975180,14258421,2026-04-19T13:00:00Z,2026-04-19T21:00:00+08:00,55.5,PM2.5,µg/m³
Valenzuela,5975180,14258421,2026-04-19T14:00:00Z,2026-04-19T22:00:00+08:00,69.9,PM2.5,µg/m³
Valenzuela,5975180,14258421,2026-04-19T15:00:00Z,2026-04-19T23:00:00+08:00,72.0,PM2.5,µg/m³
Valenzuela,5975180,14258421,2026-04-19T16:00:00Z,2026-04-20T00:00:00+08:00,69.0,PM2.5,µg/m³
Valenzuela,5975180,14258421,2026-04-19T17:00:00Z,2026-04-20T01:00:00+08:00,39.3,PM2.5,µg/m³
Valenzuela,5975180,14258421,2026-04-19T18:00:00Z,2026-04-20T02:00:00+08:00,40.5,PM2.5,µg/m³
Valenzuela,5975180,14258421,2026-04-19T19:00:00Z,2026-04-20T03:00:00+08:00,49.8,PM2.5,µg/m³
Valenzuela,5975180,14258421,2026-04-19T20:00:00Z,2026-04-20T04:00:00+08:00,60.3,PM2.5,µg/m³
Valenzuela,5975180,14258421,2026-04-19T21:00:00Z,2026-04-20T05:00:00+08:00,51.0,PM2.5,µg/m³
Valenzuela,5975180,14258421,2026-04-19T22:00:00Z,2026-04-20T06:00:00+08:00,57.2,PM2.5,µg/m³
Valenzuela,5975180,14258421,2026-04-19T23:00:00Z,2026-04-20T07:00:00+08:00,58.7,PM2.5,µg/m³
Valenzuela,5975180,14258421,2026-04-20T00:00:00Z,2026-04-20T08:00:00+08:00,64.8,PM2.5,µg/m³
Valenzuela,5975180,14258421,2026-04-20T01:00:00Z,2026-04-20T09:00:00+08:00,80.4,PM2.5,µg/m³
Valenzuela,5975180,14258421,2026-04-20T02:00:00Z,2026-04-20T10:00:00+08:00,100.0,PM2.5,µg/m³
Valenzuela,5975180,14258421,2026-04-20T03:00:00Z,2026-04-20T11:00:00+08:00,60.1,PM2.5,µg/m³
Valenzuela,5975180,14258421,2026-04-20T04:00:00Z,2026-04-20T12:00:00+08:00,47.7,PM2.5,µg/m³
Valenzuela,5975180,14258421,2026-04-20T05:00:00Z,2026-04-20T13:00:00+08:00,57.1,PM2.5,µg/m³
Valenzuela,5975180,14258421,2026-04-20T06:00:00Z,2026-04-20T14:00:00+08:00,61.2,PM2.5,µg/m³
Valenzuela,5975180,14258421,2026-04-20T07:00:00Z,2026-04-20T15:00:00+08:00,46.3,PM2.5,µg/m³
Valenzuela,5975180,14258421,2026-04-20T08:00:00Z,2026-04-20T16:00:00+08:00,45.9,PM2.5,µg/m³
Valenzuela,5975180,14258421,2026-04-20T09:00:00Z,2026-04-20T17:00:00+08:00,45.3,PM2.5,µg/m³
Valenzuela,5975180,14258421,2026-04-20T10:00:00Z,2026-04-20T18:00:00+08:00,48.1,PM2.5,µg/m³
Valenzuela,5975180,14258421,2026-04-20T11:00:00Z,2026-04-20T19:00:00+08:00,51.3,PM2.5,µg/m³
Valenzuela,5975180,14258421,2026-04-20T12:00:00Z,2026-04-20T20:00:00+08:00,62.9,PM2.5,µg/m³
Valenzuela,5975180,14258421,2026-04-20T13:00:00Z,2026-04-20T21:00:00+08:00,50.2,PM2.5,µg/m³
Valenzuela,5975180,14258421,2026-04-20T14:00:00Z,2026-04-20T22:00:00+08:00,48.2,PM2.5,µg/m³
Valenzuela,5975180,14258421,2026-04-20T15:00:00Z,2026-04-20T23:00:00+08:00,41.8,PM2.5,µg/m³
Valenzuela,5975180,14258421,2026-04-20T16:00:00Z,2026-04-21T00:00:00+08:00,40.3,PM2.5,µg/m³
Valenzuela,5975180,14258421,2026-04-20T17:00:00Z,2026-04-21T01:00:00+08:00,42.5,PM2.5,µg/m³
Valenzuela,5975180,14258421,2026-04-20T18:00:00Z,2026-04-21T02:00:00+08:00,50.4,PM2.5,µg/m³
Valenzuela,5975180,14258421,2026-04-20T19:00:00Z,2026-04-21T03:00:00+08:00,52.6,PM2.5,µg/m³
Valenzuela,5975180,14258421,2026-04-20T20:00:00Z,2026-04-21T04:00:00+08:00,44.7,PM2.5,µg/m³
Valenzuela,5975180,14258421,2026-04-20T21:00:00Z,2026-04-21T05:00:00+08:00,44.3,PM2.5,µg/m³
Valenzuela,5975180,14258421,2026-04-20T22:00:00Z,2026-04-21T06:00:00+08:00,73.2,PM2.5,µg/m³
Valenzuela,5975180,14258421,2026-04-20T23:00:00Z,2026-04-21T07:00:00+08:00,58.7,PM2.5,µg/m³
Valenzuela,5975180,14258421,2026-04-21T00:00:00Z,2026-04-21T08:00:00+08:00,55.9,PM2.5,µg/m³
Valenzuela,5975180,14258421,2026-04-21T01:00:00Z,2026-04-21T09:00:00+08:00,43.4,PM2.5,µg/m³
Valenzuela,5975180,14258421,2026-04-21T02:00:00Z,2026-04-21T10:00:00+08:00,43.3,PM2.5,µg/m³
Valenzuela,5975180,14258421,2026-04-21T03:00:00Z,2026-04-21T11:00:00+08:00,71.2,PM2.5,µg/m³
Valenzuela,5975180,14258421,2026-04-21T04:00:00Z,2026-04-21T12:00:00+08:00,88.6,PM2.5,µg/m³
Valenzuela,5975180,14258421,2026-04-21T05:00:00Z,2026-04-21T13:00:00+08:00,50.0,PM2.5,µg/m³
Valenzuela,5975180,14258421,2026-04-21T06:00:00Z,2026-04-21T14:00:00+08:00,41.0,PM2.5,µg/m³
Valenzuela,5975180,14258421,2026-04-21T07:00:00Z,2026-04-21T15:00:00+08:00,46.8,PM2.5,µg/m³
Valenzuela,5975180,14258421,2026-04-21T08:00:00Z,2026-04-21T16:00:00+08:00,41.3,PM2.5,µg/m³
Valenzuela,5975180,14258421,2026-04-21T09:00:00Z,2026-04-21T17:00:00+08:00,41.6,PM2.5,µg/m³
Valenzuela,5975180,14258421,2026-04-21T10:00:00Z,2026-04-21T18:00:00+08:00,39.0,PM2.5,µg/m³
Valenzuela,5975180,14258421,2026-04-21T11:00:00Z,2026-04-21T19:00:00+08:00,39.1,PM2.5,µg/m³
Valenzuela,5975180,14258421,2026-04-21T12:00:00Z,2026-04-21T20:00:00+08:00,40.1,PM2.5,µg/m³
Valenzuela,5975180,14258421,2026-04-21T13:00:00Z,2026-04-21T21:00:00+08:00,37.9,PM2.5,µg/m³
Valenzuela,5975180,14258421,2026-04-21T14:00:00Z,2026-04-21T22:00:00+08:00,34.7,PM2.5,µg/m³
Valenzuela,5975180,14258421,2026-04-21T15:00:00Z,2026-04-21T23:00:00+08:00,39.8,PM2.5,µg/m³
Valenzuela,5975180,14258421,2026-04-21T16:00:00Z,2026-04-22T00:00:00+08:00,38.6,PM2.5,µg/m³
Valenzuela,5975180,14258421,2026-04-21T17:00:00Z,2026-04-22T01:00:00+08:00,36.0,PM2.5,µg/m³
Valenzuela,5975180,14258421,2026-04-21T18:00:00Z,2026-04-22T02:00:00+08:00,48.4,PM2.5,µg/m³
Valenzuela,5975180,14258421,2026-04-21T19:00:00Z,2026-04-22T03:00:00+08:00,58.3,PM2.5,µg/m³
Valenzuela,5975180,14258421,2026-04-21T20:00:00Z,2026-04-22T04:00:00+08:00,49.0,PM2.5,µg/m³
Valenzuela,5975180,14258421,2026-04-21T21:00:00Z,2026-04-22T05:00:00+08:00,53.7,PM2.5,µg/m³
Valenzuela,5975180,14258421,2026-04-21T22:00:00Z,2026-04-22T06:00:00+08:00,74.2,PM2.5,µg/m³
Valenzuela,5975180,14258421,2026-04-21T23:00:00Z,2026-04-22T07:00:00+08:00,113.0,PM2.5,µg/m³
Valenzuela,5975180,14258421,2026-04-22T00:00:00Z,2026-04-22T08:00:00+08:00,63.0,PM2.5,µg/m³
Valenzuela,5975180,14258421,2026-04-22T01:00:00Z,2026-04-22T09:00:00+08:00,41.2,PM2.5,µg/m³
Valenzuela,5975180,14258421,2026-04-22T02:00:00Z,2026-04-22T10:00:00+08:00,33.4,PM2.5,µg/m³
Valenzuela,5975180,14258421,2026-04-22T03:00:00Z,2026-04-22T11:00:00+08:00,71.9,PM2.5,µg/m³
Valenzuela,5975180,14258421,2026-04-22T04:00:00Z,2026-04-22T12:00:00+08:00,107.0,PM2.5,µg/m³
Valenzuela,5975180,14258421,2026-04-22T05:00:00Z,2026-04-22T13:00:00+08:00,43.2,PM2.5,µg/m³
Valenzuela,5975180,14258421,2026-04-22T06:00:00Z,2026-04-22T14:00:00+08:00,35.7,PM2.5,µg/m³
Valenzuela,5975180,14258421,2026-04-22T07:00:00Z,2026-04-22T15:00:00+08:00,32.9,PM2.5,µg/m³
Valenzuela,5975180,14258421,2026-04-22T08:00:00Z,2026-04-22T16:00:00+08:00,33.3,PM2.5,µg/m³
Valenzuela,5975180,14258421,2026-04-22T09:00:00Z,2026-04-22T17:00:00+08:00,34.2,PM2.5,µg/m³
Valenzuela,5975180,14258421,2026-04-22T10:00:00Z,2026-04-22T18:00:00+08:00,34.6,PM2.5,µg/m³
Valenzuela,5975180,14258421,2026-04-22T11:00:00Z,2026-04-22T19:00:00+08:00,38.8,PM2.5,µg/m³
Valenzuela,5975180,14258421,2026-04-22T12:00:00Z,2026-04-22T20:00:00+08:00,40.6,PM2.5,µg/m³
Valenzuela,5975180,14258421,2026-04-22T13:00:00Z,2026-04-22T21:00:00+08:00,44.0,PM2.5,µg/m³
Valenzuela,5975180,14258421,2026-04-22T14:00:00Z,2026-04-22T22:00:00+08:00,39.4,PM2.5,µg/m³
Valenzuela,5975180,14258421,2026-04-22T15:00:00Z,2026-04-22T23:00:00+08:00,39.8,PM2.5,µg/m³
Valenzuela,5975180,14258421,2026-04-22T16:00:00Z,2026-04-23T00:00:00+08:00,44.9,PM2.5,µg/m³
Valenzuela,5975180,14258421,2026-04-22T17:00:00Z,2026-04-23T01:00:00+08:00,42.5,PM2.5,µg/m³
Valenzuela,5975180,14258421,2026-04-22T18:00:00Z,2026-04-23T02:00:00+08:00,44.8,PM2.5,µg/m³
Valenzuela,5975180,14258421,2026-04-22T19:00:00Z,2026-04-23T03:00:00+08:00,42.4,PM2.5,µg/m³
Valenzuela,5975180,14258421,2026-04-22T20:00:00Z,2026-04-23T04:00:00+08:00,36.2,PM2.5,µg/m³
Valenzuela,5975180,14258421,2026-04-22T21:00:00Z,2026-04-23T05:00:00+08:00,38.8,PM2.5,µg/m³
Valenzuela,5975180,14258421,2026-04-22T22:00:00Z,2026-04-23T06:00:00+08:00,45.7,PM2.5,µg/m³
Valenzuela,5975180,14258421,2026-04-22T23:00:00Z,2026-04-23T07:00:00+08:00,46.9,PM2.5,µg/m³
Valenzuela,5975180,14258421,2026-04-23T00:00:00Z,2026-04-23T08:00:00+08:00,48.0,PM2.5,µg/m³
Valenzuela,5975180,14258421,2026-04-23T01:00:00Z,2026-04-23T09:00:00+08:00,42.1,PM2.5,µg/m³
Valenzuela,5975180,14258421,2026-04-23T02:00:00Z,2026-04-23T10:00:00+08:00,48.6,PM2.5,µg/m³
Valenzuela,5975180,14258421,2026-04-23T03:00:00Z,2026-04-23T11:00:00+08:00,55.2,PM2.5,µg/m³
Valenzuela,5975180,14258421,2026-04-23T04:00:00Z,2026-04-23T12:00:00+08:00,45.4,PM2.5,µg/m³
Valenzuela,5975180,14258421,2026-04-23T05:00:00Z,2026-04-23T13:00:00+08:00,34.5,PM2.5,µg/m³
Valenzuela,5975180,14258421,2026-04-23T06:00:00Z,2026-04-23T14:00:00+08:00,32.7,PM2.5,µg/m³
Valenzuela,5975180,14258421,2026-04-23T07:00:00Z,2026-04-23T15:00:00+08:00,32.9,PM2.5,µg/m³
Valenzuela,5975180,14258421,2026-04-23T08:00:00Z,2026-04-23T16:00:00+08:00,30.7,PM2.5,µg/m³
Valenzuela,5975180,14258421,2026-04-23T09:00:00Z,2026-04-23T17:00:00+08:00,31.9,PM2.5,µg/m³
Valenzuela,5975180,14258421,2026-04-23T10:00:00Z,2026-04-23T18:00:00+08:00,35.3,PM2.5,µg/m³
Valenzuela,5975180,14258421,2026-04-23T11:00:00Z,2026-04-23T19:00:00+08:00,44.8,PM2.5,µg/m³
Valenzuela,5975180,14258421,2026-04-23T12:00:00Z,2026-04-23T20:00:00+08:00,49.4,PM2.5,µg/m³
Valenzuela,5975180,14258421,2026-04-23T13:00:00Z,2026-04-23T21:00:00+08:00,38.4,PM2.5,µg/m³
Valenzuela,5975180,14258421,2026-04-23T14:00:00Z,2026-04-23T22:00:00+08:00,34.7,PM2.5,µg/m³
Valenzuela,5975180,14258421,2026-04-23T15:00:00Z,2026-04-23T23:00:00+08:00,32.9,PM2.5,µg/m³
Valenzuela,5975180,14258421,2026-04-23T16:00:00Z,2026-04-24T00:00:00+08:00,32.6,PM2.5,µg/m³
Valenzuela,5975180,14258421,2026-04-23T17:00:00Z,2026-04-24T01:00:00+08:00,43.7,PM2.5,µg/m³
Valenzuela,5975180,14258421,2026-04-23T18:00:00Z,2026-04-24T02:00:00+08:00,44.8,PM2.5,µg/m³
Valenzuela,5975180,14258421,2026-04-23T19:00:00Z,2026-04-24T03:00:00+08:00,39.8,PM2.5,µg/m³
Valenzuela,5975180,14258421,2026-04-23T20:00:00Z,2026-04-24T04:00:00+08:00,42.2,PM2.5,µg/m³
Valenzuela,5975180,14258421,2026-04-23T21:00:00Z,2026-04-24T05:00:00+08:00,59.3,PM2.5,µg/m³
Valenzuela,5975180,14258421,2026-04-23T22:00:00Z,2026-04-24T06:00:00+08:00,46.9,PM2.5,µg/m³
Valenzuela,5975180,14258421,2026-04-23T23:00:00Z,2026-04-24T07:00:00+08:00,48.7,PM2.5,µg/m³
Valenzuela,5975180,14258421,2026-04-24T00:00:00Z,2026-04-24T08:00:00+08:00,51.5,PM2.5,µg/m³
Valenzuela,5975180,14258421,2026-04-24T01:00:00Z,2026-04-24T09:00:00+08:00,47.3,PM2.5,µg/m³
Valenzuela,5975180,14258421,2026-04-24T02:00:00Z,2026-04-24T10:00:00+08:00,47.2,PM2.5,µg/m³
Valenzuela,5975180,14258421,2026-04-24T03:00:00Z,2026-04-24T11:00:00+08:00,70.1,PM2.5,µg/m³
Valenzuela,5975180,14258421,2026-04-24T04:00:00Z,2026-04-24T12:00:00+08:00,58.3,PM2.5,µg/m³
Valenzuela,5975180,14258421,2026-04-24T06:00:00Z,2026-04-24T14:00:00+08:00,37.1,PM2.5,µg/m³
Valenzuela,5975180,14258421,2026-04-24T07:00:00Z,2026-04-24T15:00:00+08:00,36.8,PM2.5,µg/m³
Valenzuela,5975180,14258421,2026-04-24T08:00:00Z,2026-04-24T16:00:00+08:00,38.8,PM2.5,µg/m³
Valenzuela,5975180,14258421,2026-04-24T09:00:00Z,2026-04-24T17:00:00+08:00,26.0,PM2.5,µg/m³
Valenzuela,5975180,14258421,2026-04-24T10:00:00Z,2026-04-24T18:00:00+08:00,27.1,PM2.5,µg/m³
Valenzuela,5975180,14258421,2026-04-24T11:00:00Z,2026-04-24T19:00:00+08:00,30.7,PM2.5,µg/m³
Valenzuela,5975180,14258421,2026-04-24T12:00:00Z,2026-04-24T20:00:00+08:00,38.2,PM2.5,µg/m³
Valenzuela,5975180,14258421,2026-04-24T13:00:00Z,2026-04-24T21:00:00+08:00,40.8,PM2.5,µg/m³
Valenzuela,5975180,14258421,2026-04-24T14:00:00Z,2026-04-24T22:00:00+08:00,38.6,PM2.5,µg/m³
Valenzuela,5975180,14258421,2026-04-24T15:00:00Z,2026-04-24T23:00:00+08:00,42.1,PM2.5,µg/m³
Valenzuela,5975180,14258421,2026-04-24T16:00:00Z,2026-04-25T00:00:00+08:00,39.4,PM2.5,µg/m³
Valenzuela,5975180,14258421,2026-04-24T17:00:00Z,2026-04-25T01:00:00+08:00,36.2,PM2.5,µg/m³
Valenzuela,5975180,14258421,2026-04-24T18:00:00Z,2026-04-25T02:00:00+08:00,41.4,PM2.5,µg/m³
Valenzuela,5975180,14258421,2026-04-24T19:00:00Z,2026-04-25T03:00:00+08:00,43.6,PM2.5,µg/m³
Valenzuela,5975180,14258421,2026-04-24T20:00:00Z,2026-04-25T04:00:00+08:00,39.4,PM2.5,µg/m³
Valenzuela,5975180,14258421,2026-04-24T21:00:00Z,2026-04-25T05:00:00+08:00,36.8,PM2.5,µg/m³
Valenzuela,5975180,14258421,2026-04-24T22:00:00Z,2026-04-25T06:00:00+08:00,39.9,PM2.5,µg/m³
Valenzuela,5975180,14258421,2026-04-24T23:00:00Z,2026-04-25T07:00:00+08:00,46.7,PM2.5,µg/m³
Valenzuela,5975180,14258421,2026-04-25T00:00:00Z,2026-04-25T08:00:00+08:00,44.4,PM2.5,µg/m³
Valenzuela,5975180,14258421,2026-04-25T01:00:00Z,2026-04-25T09:00:00+08:00,40.3,PM2.5,µg/m³
Valenzuela,5975180,14258421,2026-04-25T02:00:00Z,2026-04-25T10:00:00+08:00,63.7,PM2.5,µg/m³
Valenzuela,5975180,14258421,2026-04-25T03:00:00Z,2026-04-25T11:00:00+08:00,82.8,PM2.5,µg/m³
Valenzuela,5975180,14258421,2026-04-25T04:00:00Z,2026-04-25T12:00:00+08:00,46.5,PM2.5,µg/m³
Valenzuela,5975180,14258421,2026-04-25T05:00:00Z,2026-04-25T13:00:00+08:00,44.6,PM2.5,µg/m³
Valenzuela,5975180,14258421,2026-04-25T06:00:00Z,2026-04-25T14:00:00+08:00,33.8,PM2.5,µg/m³
Valenzuela,5975180,14258421,2026-04-25T07:00:00Z,2026-04-25T15:00:00+08:00,29.5,PM2.5,µg/m³
Valenzuela,5975180,14258421,2026-04-25T08:00:00Z,2026-04-25T16:00:00+08:00,23.3,PM2.5,µg/m³
Valenzuela,5975180,14258421,2026-04-25T09:00:00Z,2026-04-25T17:00:00+08:00,14.3,PM2.5,µg/m³
Valenzuela,5975180,14258421,2026-04-25T10:00:00Z,2026-04-25T18:00:00+08:00,16.8,PM2.5,µg/m³
Valenzuela,5975180,14258421,2026-04-25T11:00:00Z,2026-04-25T19:00:00+08:00,25.7,PM2.5,µg/m³
Valenzuela,5975180,14258421,2026-04-25T12:00:00Z,2026-04-25T20:00:00+08:00,27.1,PM2.5,µg/m³
Valenzuela,5975180,14258421,2026-04-25T13:00:00Z,2026-04-25T21:00:00+08:00,30.4,PM2.5,µg/m³
Valenzuela,5975180,14258421,2026-04-25T14:00:00Z,2026-04-25T22:00:00+08:00,26.8,PM2.5,µg/m³
Valenzuela,5975180,14258421,2026-04-25T15:00:00Z,2026-04-25T23:00:00+08:00,23.9,PM2.5,µg/m³
Valenzuela,5975180,14258421,2026-04-25T16:00:00Z,2026-04-26T00:00:00+08:00,27.3,PM2.5,µg/m³
Valenzuela,5975180,14258421,2026-04-25T17:00:00Z,2026-04-26T01:00:00+08:00,31.1,PM2.5,µg/m³
Valenzuela,5975180,14258421,2026-04-25T18:00:00Z,2026-04-26T02:00:00+08:00,29.1,PM2.5,µg/m³
Valenzuela,5975180,14258421,2026-04-25T19:00:00Z,2026-04-26T03:00:00+08:00,30.4,PM2.5,µg/m³
Valenzuela,5975180,14258421,2026-04-25T20:00:00Z,2026-04-26T04:00:00+08:00,23.3,PM2.5,µg/m³
Valenzuela,5975180,14258421,2026-04-25T21:00:00Z,2026-04-26T05:00:00+08:00,29.2,PM2.5,µg/m³
Valenzuela,5975180,14258421,2026-04-25T22:00:00Z,2026-04-26T06:00:00+08:00,32.6,PM2.5,µg/m³
Valenzuela,5975180,14258421,2026-04-25T23:00:00Z,2026-04-26T07:00:00+08:00,34.9,PM2.5,µg/m³
Valenzuela,5975180,14258421,2026-04-26T00:00:00Z,2026-04-26T08:00:00+08:00,41.1,PM2.5,µg/m³
Valenzuela,5975180,14258421,2026-04-26T01:00:00Z,2026-04-26T09:00:00+08:00,40.7,PM2.5,µg/m³
Valenzuela,5975180,14258421,2026-04-26T02:00:00Z,2026-04-26T10:00:00+08:00,43.3,PM2.5,µg/m³
Valenzuela,5975180,14258421,2026-04-26T03:00:00Z,2026-04-26T11:00:00+08:00,38.6,PM2.5,µg/m³
Valenzuela,5975180,14258421,2026-04-26T04:00:00Z,2026-04-26T12:00:00+08:00,184.0,PM2.5,µg/m³
Valenzuela,5975180,14258421,2026-04-26T05:00:00Z,2026-04-26T13:00:00+08:00,170.0,PM2.5,µg/m³
Valenzuela,5975180,14258421,2026-04-26T06:00:00Z,2026-04-26T14:00:00+08:00,191.0,PM2.5,µg/m³
Valenzuela,5975180,14258421,2026-04-26T07:00:00Z,2026-04-26T15:00:00+08:00,27.7,PM2.5,µg/m³
Valenzuela,5975180,14258421,2026-04-26T08:00:00Z,2026-04-26T16:00:00+08:00,10.1,PM2.5,µg/m³
Valenzuela,5975180,14258421,2026-04-26T09:00:00Z,2026-04-26T17:00:00+08:00,10.7,PM2.5,µg/m³
Valenzuela,5975180,14258421,2026-04-26T10:00:00Z,2026-04-26T18:00:00+08:00,11.3,PM2.5,µg/m³
Valenzuela,5975180,14258421,2026-04-26T11:00:00Z,2026-04-26T19:00:00+08:00,18.9,PM2.5,µg/m³
Valenzuela,5975180,14258421,2026-04-26T12:00:00Z,2026-04-26T20:00:00+08:00,18.2,PM2.5,µg/m³
Valenzuela,5975180,14258421,2026-04-26T13:00:00Z,2026-04-26T21:00:00+08:00,28.2,PM2.5,µg/m³
Valenzuela,5975180,14258421,2026-04-26T14:00:00Z,2026-04-26T22:00:00+08:00,24.0,PM2.5,µg/m³
Valenzuela,5975180,14258421,2026-04-26T15:00:00Z,2026-04-26T23:00:00+08:00,29.7,PM2.5,µg/m³
Valenzuela,5975180,14258421,2026-04-26T16:00:00Z,2026-04-27T00:00:00+08:00,21.1,PM2.5,µg/m³
Valenzuela,5975180,14258421,2026-04-26T17:00:00Z,2026-04-27T01:00:00+08:00,9.2,PM2.5,µg/m³
Valenzuela,5975180,14258421,2026-04-26T18:00:00Z,2026-04-27T02:00:00+08:00,37.8,PM2.5,µg/m³
Valenzuela,5975180,14258421,2026-04-26T19:00:00Z,2026-04-27T03:00:00+08:00,41.6,PM2.5,µg/m³
Valenzuela,5975180,14258421,2026-04-26T20:00:00Z,2026-04-27T04:00:00+08:00,43.4,PM2.5,µg/m³
Valenzuela,5975180,14258421,2026-04-26T21:00:00Z,2026-04-27T05:00:00+08:00,42.1,PM2.5,µg/m³
Valenzuela,5975180,14258421,2026-04-26T22:00:00Z,2026-04-27T06:00:00+08:00,64.0,PM2.5,µg/m³
Valenzuela,5975180,14258421,2026-04-26T23:00:00Z,2026-04-27T07:00:00+08:00,52.5,PM2.5,µg/m³
Valenzuela,5975180,14258421,2026-04-27T00:00:00Z,2026-04-27T08:00:00+08:00,42.3,PM2.5,µg/m³
Valenzuela,5975180,14258421,2026-04-27T01:00:00Z,2026-04-27T09:00:00+08:00,35.4,PM2.5,µg/m³
Valenzuela,5975180,14258421,2026-04-27T02:00:00Z,2026-04-27T10:00:00+08:00,34.1,PM2.5,µg/m³
Valenzuela,5975180,14258421,2026-04-27T03:00:00Z,2026-04-27T11:00:00+08:00,60.0,PM2.5,µg/m³
Valenzuela,5975180,14258421,2026-04-27T04:00:00Z,2026-04-27T12:00:00+08:00,49.9,PM2.5,µg/m³
Valenzuela,5975180,14258421,2026-04-27T05:00:00Z,2026-04-27T13:00:00+08:00,31.9,PM2.5,µg/m³
Valenzuela,5975180,14258421,2026-04-27T06:00:00Z,2026-04-27T14:00:00+08:00,27.2,PM2.5,µg/m³
Valenzuela,5975180,14258421,2026-04-27T07:00:00Z,2026-04-27T15:00:00+08:00,17.4,PM2.5,µg/m³
Valenzuela,5975180,14258421,2026-04-27T08:00:00Z,2026-04-27T16:00:00+08:00,37.2,PM2.5,µg/m³
Valenzuela,5975180,14258421,2026-04-27T09:00:00Z,2026-04-27T17:00:00+08:00,3.8,PM2.5,µg/m³
Valenzuela,5975180,14258421,2026-04-27T10:00:00Z,2026-04-27T18:00:00+08:00,5.3,PM2.5,µg/m³
Valenzuela,5975180,14258421,2026-04-27T11:00:00Z,2026-04-27T19:00:00+08:00,7.5,PM2.5,µg/m³
Valenzuela,5975180,14258421,2026-04-27T12:00:00Z,2026-04-27T20:00:00+08:00,9.4,PM2.5,µg/m³
Valenzuela,5975180,14258421,2026-04-27T13:00:00Z,2026-04-27T21:00:00+08:00,4.5,PM2.5,µg/m³
Valenzuela,5975180,14258421,2026-04-27T14:00:00Z,2026-04-27T22:00:00+08:00,1.4,PM2.5,µg/m³
Valenzuela,5975180,14258421,2026-04-27T15:00:00Z,2026-04-27T23:00:00+08:00,1.3,PM2.5,µg/m³
Valenzuela,5975180,14258421,2026-04-27T16:00:00Z,2026-04-28T00:00:00+08:00,4.1,PM2.5,µg/m³
Valenzuela,5975180,14258421,2026-04-27T17:00:00Z,2026-04-28T01:00:00+08:00,2.0,PM2.5,µg/m³
Valenzuela,5975180,14258421,2026-04-27T18:00:00Z,2026-04-28T02:00:00+08:00,1.1,PM2.5,µg/m³
Valenzuela,5975180,14258421,2026-04-27T19:00:00Z,2026-04-28T03:00:00+08:00,18.7,PM2.5,µg/m³
Valenzuela,5975180,14258421,2026-04-27T20:00:00Z,2026-04-28T04:00:00+08:00,14.0,PM2.5,µg/m³
Valenzuela,5975180,14258421,2026-04-27T21:00:00Z,2026-04-28T05:00:00+08:00,43.0,PM2.5,µg/m³
Valenzuela,5975180,14258421,2026-04-27T22:00:00Z,2026-04-28T06:00:00+08:00,44.7,PM2.5,µg/m³
Valenzuela,5975180,14258421,2026-04-27T23:00:00Z,2026-04-28T07:00:00+08:00,37.7,PM2.5,µg/m³
Valenzuela,5975180,14258421,2026-04-28T00:00:00Z,2026-04-28T08:00:00+08:00,21.3,PM2.5,µg/m³
Valenzuela,5975180,14258421,2026-04-28T01:00:00Z,2026-04-28T09:00:00+08:00,4.6,PM2.5,µg/m³
Valenzuela,5975180,14258421,2026-04-28T02:00:00Z,2026-04-28T10:00:00+08:00,3.0,PM2.5,µg/m³
Valenzuela,5975180,14258421,2026-04-28T03:00:00Z,2026-04-28T11:00:00+08:00,2.0,PM2.5,µg/m³
Valenzuela,5975180,14258421,2026-04-28T04:00:00Z,2026-04-28T12:00:00+08:00,1.1,PM2.5,µg/m³
Valenzuela,5975180,14258421,2026-04-28T05:00:00Z,2026-04-28T13:00:00+08:00,13.3,PM2.5,µg/m³
Valenzuela,5975180,14258421,2026-04-28T06:00:00Z,2026-04-28T14:00:00+08:00,55.9,PM2.5,µg/m³
Valenzuela,5975180,14258421,2026-04-28T07:00:00Z,2026-04-28T15:00:00+08:00,26.7,PM2.5,µg/m³
Valenzuela,5975180,14258421,2026-04-28T08:00:00Z,2026-04-28T16:00:00+08:00,12.6,PM2.5,µg/m³
Valenzuela,5975180,14258421,2026-04-28T09:00:00Z,2026-04-28T17:00:00+08:00,12.2,PM2.5,µg/m³
Valenzuela,5975180,14258421,2026-04-28T10:00:00Z,2026-04-28T18:00:00+08:00,18.2,PM2.5,µg/m³
Valenzuela,5975180,14258421,2026-04-28T11:00:00Z,2026-04-28T19:00:00+08:00,81.9,PM2.5,µg/m³
Valenzuela,5975180,14258421,2026-04-28T12:00:00Z,2026-04-28T20:00:00+08:00,19.1,PM2.5,µg/m³
Valenzuela,5975180,14258421,2026-04-28T13:00:00Z,2026-04-28T21:00:00+08:00,12.7,PM2.5,µg/m³
Valenzuela,5975180,14258421,2026-04-28T14:00:00Z,2026-04-28T22:00:00+08:00,7.3,PM2.5,µg/m³
Valenzuela,5975180,14258421,2026-04-28T15:00:00Z,2026-04-28T23:00:00+08:00,5.8,PM2.5,µg/m³
Valenzuela,5975180,14258421,2026-04-28T16:00:00Z,2026-04-29T00:00:00+08:00,26.4,PM2.5,µg/m³
Valenzuela,5975180,14258421,2026-04-28T17:00:00Z,2026-04-29T01:00:00+08:00,22.8,PM2.5,µg/m³
Valenzuela,5975180,14258421,2026-04-28T18:00:00Z,2026-04-29T02:00:00+08:00,9.3,PM2.5,µg/m³
Valenzuela,5975180,14258421,2026-04-28T19:00:00Z,2026-04-29T03:00:00+08:00,15.6,PM2.5,µg/m³
Valenzuela,5975180,14258421,2026-04-28T20:00:00Z,2026-04-29T04:00:00+08:00,24.3,PM2.5,µg/m³
Valenzuela,5975180,14258421,2026-04-28T21:00:00Z,2026-04-29T05:00:00+08:00,23.0,PM2.5,µg/m³
Valenzuela,5975180,14258421,2026-04-28T22:00:00Z,2026-04-29T06:00:00+08:00,34.9,PM2.5,µg/m³
Valenzuela,5975180,14258421,2026-04-28T23:00:00Z,2026-04-29T07:00:00+08:00,39.3,PM2.5,µg/m³
Valenzuela,5975180,14258421,2026-04-29T00:00:00Z,2026-04-29T08:00:00+08:00,34.5,PM2.5,µg/m³
Valenzuela,5975180,14258421,2026-04-29T01:00:00Z,2026-04-29T09:00:00+08:00,11.8,PM2.5,µg/m³
Valenzuela,5975180,14258421,2026-04-29T02:00:00Z,2026-04-29T10:00:00+08:00,47.2,PM2.5,µg/m³
Valenzuela,5975180,14258421,2026-04-29T03:00:00Z,2026-04-29T11:00:00+08:00,46.7,PM2.5,µg/m³
Valenzuela,5975180,14258421,2026-04-29T04:00:00Z,2026-04-29T12:00:00+08:00,36.8,PM2.5,µg/m³
Valenzuela,5975180,14258421,2026-04-29T05:00:00Z,2026-04-29T13:00:00+08:00,33.2,PM2.5,µg/m³
Valenzuela,5975180,14258421,2026-04-29T06:00:00Z,2026-04-29T14:00:00+08:00,22.5,PM2.5,µg/m³
Valenzuela,5975180,14258421,2026-04-29T07:00:00Z,2026-04-29T15:00:00+08:00,11.9,PM2.5,µg/m³
Valenzuela,5975180,14258421,2026-04-29T08:00:00Z,2026-04-29T16:00:00+08:00,16.2,PM2.5,µg/m³
Valenzuela,5975180,14258421,2026-04-29T09:00:00Z,2026-04-29T17:00:00+08:00,26.2,PM2.5,µg/m³
Valenzuela,5975180,14258421,2026-04-29T10:00:00Z,2026-04-29T18:00:00+08:00,23.6,PM2.5,µg/m³
Valenzuela,5975180,14258421,2026-04-29T11:00:00Z,2026-04-29T19:00:00+08:00,17.1,PM2.5,µg/m³
Valenzuela,5975180,14258421,2026-04-29T12:00:00Z,2026-04-29T20:00:00+08:00,21.9,PM2.5,µg/m³
Valenzuela,5975180,14258421,2026-04-29T13:00:00Z,2026-04-29T21:00:00+08:00,25.7,PM2.5,µg/m³
Valenzuela,5975180,14258421,2026-04-29T14:00:00Z,2026-04-29T22:00:00+08:00,24.3,PM2.5,µg/m³
Valenzuela,5975180,14258421,2026-04-29T15:00:00Z,2026-04-29T23:00:00+08:00,32.3,PM2.5,µg/m³
Valenzuela,5975180,14258421,2026-04-29T16:00:00Z,2026-04-30T00:00:00+08:00,36.6,PM2.5,µg/m³
Valenzuela,5975180,14258421,2026-04-29T17:00:00Z,2026-04-30T01:00:00+08:00,33.4,PM2.5,µg/m³
Valenzuela,5975180,14258421,2026-04-29T18:00:00Z,2026-04-30T02:00:00+08:00,33.5,PM2.5,µg/m³
Valenzuela,5975180,14258421,2026-04-29T19:00:00Z,2026-04-30T03:00:00+08:00,37.2,PM2.5,µg/m³
Valenzuela,5975180,14258421,2026-04-29T20:00:00Z,2026-04-30T04:00:00+08:00,30.0,PM2.5,µg/m³
Valenzuela,5975180,14258421,2026-04-29T21:00:00Z,2026-04-30T05:00:00+08:00,29.3,PM2.5,µg/m³
Valenzuela,5975180,14258421,2026-04-29T22:00:00Z,2026-04-30T06:00:00+08:00,40.0,PM2.5,µg/m³
Valenzuela,5975180,14258421,2026-04-29T23:00:00Z,2026-04-30T07:00:00+08:00,52.8,PM2.5,µg/m³
Valenzuela,5975180,14258421,2026-04-30T00:00:00Z,2026-04-30T08:00:00+08:00,36.9,PM2.5,µg/m³
Valenzuela,5975180,14258421,2026-04-30T01:00:00Z,2026-04-30T09:00:00+08:00,47.2,PM2.5,µg/m³
Valenzuela,5975180,14258421,2026-04-30T02:00:00Z,2026-04-30T10:00:00+08:00,37.2,PM2.5,µg/m³
Valenzuela,5975180,14258421,2026-04-30T03:00:00Z,2026-04-30T11:00:00+08:00,41.5,PM2.5,µg/m³
Valenzuela,5975180,14258421,2026-04-30T04:00:00Z,2026-04-30T12:00:00+08:00,32.7,PM2.5,µg/m³
Valenzuela,5975180,14258421,2026-04-30T05:00:00Z,2026-04-30T13:00:00+08:00,29.1,PM2.5,µg/m³
Valenzuela,5975180,14258421,2026-04-30T06:00:00Z,2026-04-30T14:00:00+08:00,31.0,PM2.5,µg/m³
Valenzuela,5975180,14258421,2026-04-30T07:00:00Z,2026-04-30T15:00:00+08:00,39.4,PM2.5,µg/m³
Valenzuela,5975180,14258421,2026-04-30T08:00:00Z,2026-04-30T16:00:00+08:00,16.0,PM2.5,µg/m³
Valenzuela,5975180,14258421,2026-04-30T09:00:00Z,2026-04-30T17:00:00+08:00,12.4,PM2.5,µg/m³
Valenzuela,5975180,14258421,2026-04-30T10:00:00Z,2026-04-30T18:00:00+08:00,24.9,PM2.5,µg/m³
Valenzuela,5975180,14258421,2026-04-30T11:00:00Z,2026-04-30T19:00:00+08:00,26.9,PM2.5,µg/m³
Valenzuela,5975180,14258421,2026-04-30T12:00:00Z,2026-04-30T20:00:00+08:00,29.3,PM2.5,µg/m³
Valenzuela,5975180,14258421,2026-04-30T13:00:00Z,2026-04-30T21:00:00+08:00,31.0,PM2.5,µg/m³
Valenzuela,5975180,14258421,2026-04-30T14:00:00Z,2026-04-30T22:00:00+08:00,12.5,PM2.5,µg/m³
Valenzuela,5975180,14258421,2026-04-30T15:00:00Z,2026-04-30T23:00:00+08:00,6.7,PM2.5,µg/m³
Valenzuela,5975180,14258421,2026-04-30T16:00:00Z,2026-05-01T00:00:00+08:00,10.3,PM2.5,µg/m³
Valenzuela,5975180,14258421,2026-04-30T17:00:00Z,2026-05-01T01:00:00+08:00,13.2,PM2.5,µg/m³
Valenzuela,5975180,14258421,2026-04-30T18:00:00Z,2026-05-01T02:00:00+08:00,21.5,PM2.5,µg/m³
Valenzuela,5975180,14258421,2026-04-30T19:00:00Z,2026-05-01T03:00:00+08:00,20.3,PM2.5,µg/m³
Valenzuela,5975180,14258421,2026-04-30T20:00:00Z,2026-05-01T04:00:00+08:00,31.4,PM2.5,µg/m³
Valenzuela,5975180,14258421,2026-04-30T21:00:00Z,2026-05-01T05:00:00+08:00,44.9,PM2.5,µg/m³
Valenzuela,5975180,14258421,2026-04-30T22:00:00Z,2026-05-01T06:00:00+08:00,34.1,PM2.5,µg/m³
Valenzuela,5975180,14258421,2026-04-30T23:00:00Z,2026-05-01T07:00:00+08:00,37.1,PM2.5,µg/m³
Valenzuela,5975180,14258421,2026-05-01T00:00:00Z,2026-05-01T08:00:00+08:00,30.6,PM2.5,µg/m³
Valenzuela,5975180,14258421,2026-05-01T01:00:00Z,2026-05-01T09:00:00+08:00,23.1,PM2.5,µg/m³
Valenzuela,5975180,14258421,2026-05-01T02:00:00Z,2026-05-01T10:00:00+08:00,40.7,PM2.5,µg/m³
Valenzuela,5975180,14258421,2026-05-01T03:00:00Z,2026-05-01T11:00:00+08:00,49.9,PM2.5,µg/m³
Valenzuela,5975180,14258421,2026-05-01T04:00:00Z,2026-05-01T12:00:00+08:00,66.3,PM2.5,µg/m³
Valenzuela,5975180,14258421,2026-05-01T05:00:00Z,2026-05-01T13:00:00+08:00,40.1,PM2.5,µg/m³
Valenzuela,5975180,14258421,2026-05-01T06:00:00Z,2026-05-01T14:00:00+08:00,18.8,PM2.5,µg/m³
Valenzuela,5975180,14258421,2026-05-01T07:00:00Z,2026-05-01T15:00:00+08:00,14.7,PM2.5,µg/m³
Valenzuela,5975180,14258421,2026-05-01T08:00:00Z,2026-05-01T16:00:00+08:00,4.4,PM2.5,µg/m³
Valenzuela,5975180,14258421,2026-05-01T09:00:00Z,2026-05-01T17:00:00+08:00,5.3,PM2.5,µg/m³
Valenzuela,5975180,14258421,2026-05-01T10:00:00Z,2026-05-01T18:00:00+08:00,7.7,PM2.5,µg/m³
Valenzuela,5975180,14258421,2026-05-01T11:00:00Z,2026-05-01T19:00:00+08:00,5.5,PM2.5,µg/m³
Valenzuela,5975180,14258421,2026-05-01T12:00:00Z,2026-05-01T20:00:00+08:00,4.9,PM2.5,µg/m³
Valenzuela,5975180,14258421,2026-05-01T13:00:00Z,2026-05-01T21:00:00+08:00,4.6,PM2.5,µg/m³
Valenzuela,5975180,14258421,2026-05-01T14:00:00Z,2026-05-01T22:00:00+08:00,7.4,PM2.5,µg/m³
Valenzuela,5975180,14258421,2026-05-01T15:00:00Z,2026-05-01T23:00:00+08:00,10.8,PM2.5,µg/m³
Valenzuela,5975180,14258421,2026-05-01T16:00:00Z,2026-05-02T00:00:00+08:00,5.6,PM2.5,µg/m³
Valenzuela,5975180,14258421,2026-05-01T17:00:00Z,2026-05-02T01:00:00+08:00,7.0,PM2.5,µg/m³
Valenzuela,5975180,14258421,2026-05-01T18:00:00Z,2026-05-02T02:00:00+08:00,19.4,PM2.5,µg/m³
Valenzuela,5975180,14258421,2026-05-01T19:00:00Z,2026-05-02T03:00:00+08:00,30.6,PM2.5,µg/m³
Valenzuela,5975180,14258421,2026-05-01T20:00:00Z,2026-05-02T04:00:00+08:00,14.2,PM2.5,µg/m³
Valenzuela,5975180,14258421,2026-05-01T21:00:00Z,2026-05-02T05:00:00+08:00,15.1,PM2.5,µg/m³
Valenzuela,5975180,14258421,2026-05-01T22:00:00Z,2026-05-02T06:00:00+08:00,29.5,PM2.5,µg/m³
Valenzuela,5975180,14258421,2026-05-01T23:00:00Z,2026-05-02T07:00:00+08:00,39.4,PM2.5,µg/m³
Valenzuela,5975180,14258421,2026-05-02T00:00:00Z,2026-05-02T08:00:00+08:00,34.5,PM2.5,µg/m³
Valenzuela,5975180,14258421,2026-05-02T01:00:00Z,2026-05-02T09:00:00+08:00,19.0,PM2.5,µg/m³
Valenzuela,5975180,14258421,2026-05-02T02:00:00Z,2026-05-02T10:00:00+08:00,20.0,PM2.5,µg/m³
Valenzuela,5975180,14258421,2026-05-02T03:00:00Z,2026-05-02T11:00:00+08:00,27.5,PM2.5,µg/m³
Valenzuela,5975180,14258421,2026-05-02T04:00:00Z,2026-05-02T12:00:00+08:00,27.1,PM2.5,µg/m³
Valenzuela,5975180,14258421,2026-05-02T05:00:00Z,2026-05-02T13:00:00+08:00,17.0,PM2.5,µg/m³
Valenzuela,5975180,14258421,2026-05-02T06:00:00Z,2026-05-02T14:00:00+08:00,10.8,PM2.5,µg/m³
Valenzuela,5975180,14258421,2026-05-02T07:00:00Z,2026-05-02T15:00:00+08:00,6.1,PM2.5,µg/m³
Valenzuela,5975180,14258421,2026-05-02T08:00:00Z,2026-05-02T16:00:00+08:00,6.6,PM2.5,µg/m³
Valenzuela,5975180,14258421,2026-05-02T09:00:00Z,2026-05-02T17:00:00+08:00,20.3,PM2.5,µg/m³
Valenzuela,5975180,14258421,2026-05-02T10:00:00Z,2026-05-02T18:00:00+08:00,5.5,PM2.5,µg/m³
Valenzuela,5975180,14258421,2026-05-02T11:00:00Z,2026-05-02T19:00:00+08:00,7.9,PM2.5,µg/m³
Valenzuela,5975180,14258421,2026-05-02T12:00:00Z,2026-05-02T20:00:00+08:00,4.7,PM2.5,µg/m³
Valenzuela,5975180,14258421,2026-05-02T13:00:00Z,2026-05-02T21:00:00+08:00,3.1,PM2.5,µg/m³
Valenzuela,5975180,14258421,2026-05-02T14:00:00Z,2026-05-02T22:00:00+08:00,5.3,PM2.5,µg/m³
Valenzuela,5975180,14258421,2026-05-02T15:00:00Z,2026-05-02T23:00:00+08:00,6.5,PM2.5,µg/m³
Valenzuela,5975180,14258421,2026-05-02T16:00:00Z,2026-05-03T00:00:00+08:00,13.4,PM2.5,µg/m³
Valenzuela,5975180,14258421,2026-05-02T17:00:00Z,2026-05-03T01:00:00+08:00,20.5,PM2.5,µg/m³
Valenzuela,5975180,14258421,2026-05-02T18:00:00Z,2026-05-03T02:00:00+08:00,27.8,PM2.5,µg/m³
Valenzuela,5975180,14258421,2026-05-02T19:00:00Z,2026-05-03T03:00:00+08:00,29.2,PM2.5,µg/m³
Valenzuela,5975180,14258421,2026-05-02T20:00:00Z,2026-05-03T04:00:00+08:00,25.2,PM2.5,µg/m³
Valenzuela,5975180,14258421,2026-05-02T21:00:00Z,2026-05-03T05:00:00+08:00,23.3,PM2.5,µg/m³
Valenzuela,5975180,14258421,2026-05-02T22:00:00Z,2026-05-03T06:00:00+08:00,41.8,PM2.5,µg/m³
Valenzuela,5975180,14258421,2026-05-02T23:00:00Z,2026-05-03T07:00:00+08:00,25.8,PM2.5,µg/m³
Valenzuela,5975180,14258421,2026-05-03T00:00:00Z,2026-05-03T08:00:00+08:00,10.9,PM2.5,µg/m³
Valenzuela,5975180,14258421,2026-05-03T01:00:00Z,2026-05-03T09:00:00+08:00,15.1,PM2.5,µg/m³
Valenzuela,5975180,14258421,2026-05-03T02:00:00Z,2026-05-03T10:00:00+08:00,19.4,PM2.5,µg/m³
Valenzuela,5975180,14258421,2026-05-03T03:00:00Z,2026-05-03T11:00:00+08:00,36.8,PM2.5,µg/m³
Valenzuela,5975180,14258421,2026-05-03T04:00:00Z,2026-05-03T12:00:00+08:00,31.6,PM2.5,µg/m³
Valenzuela,5975180,14258421,2026-05-03T05:00:00Z,2026-05-03T13:00:00+08:00,22.4,PM2.5,µg/m³
Valenzuela,5975180,14258421,2026-05-03T06:00:00Z,2026-05-03T14:00:00+08:00,6.3,PM2.5,µg/m³
Valenzuela,5975180,14258421,2026-05-03T07:00:00Z,2026-05-03T15:00:00+08:00,3.8,PM2.5,µg/m³
Valenzuela,5975180,14258421,2026-05-03T08:00:00Z,2026-05-03T16:00:00+08:00,8.1,PM2.5,µg/m³
Valenzuela,5975180,14258421,2026-05-03T09:00:00Z,2026-05-03T17:00:00+08:00,6.8,PM2.5,µg/m³
Valenzuela,5975180,14258421,2026-05-03T10:00:00Z,2026-05-03T18:00:00+08:00,4.9,PM2.5,µg/m³
Valenzuela,5975180,14258421,2026-05-03T11:00:00Z,2026-05-03T19:00:00+08:00,5.0,PM2.5,µg/m³
Valenzuela,5975180,14258421,2026-05-03T12:00:00Z,2026-05-03T20:00:00+08:00,12.8,PM2.5,µg/m³
Valenzuela,5975180,14258421,2026-05-03T13:00:00Z,2026-05-03T21:00:00+08:00,17.1,PM2.5,µg/m³
Valenzuela,5975180,14258421,2026-05-03T14:00:00Z,2026-05-03T22:00:00+08:00,5.8,PM2.5,µg/m³
Valenzuela,5975180,14258421,2026-05-03T15:00:00Z,2026-05-03T23:00:00+08:00,5.9,PM2.5,µg/m³
Valenzuela,5975180,14258421,2026-05-03T16:00:00Z,2026-05-04T00:00:00+08:00,6.5,PM2.5,µg/m³
Valenzuela,5975180,14258421,2026-05-03T17:00:00Z,2026-05-04T01:00:00+08:00,7.7,PM2.5,µg/m³
Valenzuela,5975180,14258421,2026-05-03T18:00:00Z,2026-05-04T02:00:00+08:00,7.4,PM2.5,µg/m³
Valenzuela,5975180,14258421,2026-05-03T19:00:00Z,2026-05-04T03:00:00+08:00,4.8,PM2.5,µg/m³
Valenzuela,5975180,14258421,2026-05-03T20:00:00Z,2026-05-04T04:00:00+08:00,14.1,PM2.5,µg/m³
Valenzuela,5975180,14258421,2026-05-03T21:00:00Z,2026-05-04T05:00:00+08:00,32.5,PM2.5,µg/m³
Valenzuela,5975180,14258421,2026-05-03T22:00:00Z,2026-05-04T06:00:00+08:00,42.4,PM2.5,µg/m³
Valenzuela,5975180,14258421,2026-05-03T23:00:00Z,2026-05-04T07:00:00+08:00,31.8,PM2.5,µg/m³
Valenzuela,5975180,14258421,2026-05-04T00:00:00Z,2026-05-04T08:00:00+08:00,8.9,PM2.5,µg/m³
Valenzuela,5975180,14258421,2026-05-04T01:00:00Z,2026-05-04T09:00:00+08:00,1.0,PM2.5,µg/m³
Valenzuela,5975180,14258421,2026-05-04T02:00:00Z,2026-05-04T10:00:00+08:00,2.8,PM2.5,µg/m³
Valenzuela,5975180,14258421,2026-05-04T03:00:00Z,2026-05-04T11:00:00+08:00,21.8,PM2.5,µg/m³
Valenzuela,5975180,14258421,2026-05-04T04:00:00Z,2026-05-04T12:00:00+08:00,28.8,PM2.5,µg/m³
Valenzuela,5975180,14258421,2026-05-04T05:00:00Z,2026-05-04T13:00:00+08:00,13.8,PM2.5,µg/m³
Valenzuela,5975180,14258421,2026-05-04T06:00:00Z,2026-05-04T14:00:00+08:00,0.5,PM2.5,µg/m³
Valenzuela,5975180,14258421,2026-05-04T07:00:00Z,2026-05-04T15:00:00+08:00,0.6,PM2.5,µg/m³
Valenzuela,5975180,14258421,2026-05-04T08:00:00Z,2026-05-04T16:00:00+08:00,1.0,PM2.5,µg/m³
Valenzuela,5975180,14258421,2026-05-04T09:00:00Z,2026-05-04T17:00:00+08:00,1.3,PM2.5,µg/m³
Valenzuela,5975180,14258421,2026-05-04T10:00:00Z,2026-05-04T18:00:00+08:00,1.9,PM2.5,µg/m³
Valenzuela,5975180,14258421,2026-05-04T11:00:00Z,2026-05-04T19:00:00+08:00,8.1,PM2.5,µg/m³
Valenzuela,5975180,14258421,2026-05-04T12:00:00Z,2026-05-04T20:00:00+08:00,7.7,PM2.5,µg/m³
Valenzuela,5975180,14258421,2026-05-04T13:00:00Z,2026-05-04T21:00:00+08:00,6.5,PM2.5,µg/m³
Valenzuela,5975180,14258421,2026-05-04T14:00:00Z,2026-05-04T22:00:00+08:00,19.0,PM2.5,µg/m³
Valenzuela,5975180,14258421,2026-05-04T15:00:00Z,2026-05-04T23:00:00+08:00,21.2,PM2.5,µg/m³
Valenzuela,5975180,14258421,2026-05-04T16:00:00Z,2026-05-05T00:00:00+08:00,21.7,PM2.5,µg/m³
Valenzuela,5975180,14258421,2026-05-04T17:00:00Z,2026-05-05T01:00:00+08:00,10.3,PM2.5,µg/m³
Valenzuela,5975180,14258421,2026-05-04T18:00:00Z,2026-05-05T02:00:00+08:00,7.4,PM2.5,µg/m³
Valenzuela,5975180,14258421,2026-05-04T19:00:00Z,2026-05-05T03:00:00+08:00,7.1,PM2.5,µg/m³
Valenzuela,5975180,14258421,2026-05-04T20:00:00Z,2026-05-05T04:00:00+08:00,24.1,PM2.5,µg/m³
Valenzuela,5975180,14258421,2026-05-04T21:00:00Z,2026-05-05T05:00:00+08:00,40.2,PM2.5,µg/m³
Valenzuela,5975180,14258421,2026-05-04T22:00:00Z,2026-05-05T06:00:00+08:00,49.8,PM2.5,µg/m³
Valenzuela,5975180,14258421,2026-05-04T23:00:00Z,2026-05-05T07:00:00+08:00,44.4,PM2.5,µg/m³
Valenzuela,5975180,14258421,2026-05-05T00:00:00Z,2026-05-05T08:00:00+08:00,38.4,PM2.5,µg/m³
Valenzuela,5975180,14258421,2026-05-05T01:00:00Z,2026-05-05T09:00:00+08:00,35.9,PM2.5,µg/m³
Valenzuela,5975180,14258421,2026-05-05T02:00:00Z,2026-05-05T10:00:00+08:00,58.3,PM2.5,µg/m³
Valenzuela,5975180,14258421,2026-05-05T03:00:00Z,2026-05-05T11:00:00+08:00,45.5,PM2.5,µg/m³
Valenzuela,5975180,14258421,2026-05-05T04:00:00Z,2026-05-05T12:00:00+08:00,33.9,PM2.5,µg/m³
Valenzuela,5975180,14258421,2026-05-05T05:00:00Z,2026-05-05T13:00:00+08:00,23.6,PM2.5,µg/m³
Valenzuela,5975180,14258421,2026-05-05T06:00:00Z,2026-05-05T14:00:00+08:00,18.1,PM2.5,µg/m³
Valenzuela,5975180,14258421,2026-05-05T07:00:00Z,2026-05-05T15:00:00+08:00,22.0,PM2.5,µg/m³
Valenzuela,5975180,14258421,2026-05-05T08:00:00Z,2026-05-05T16:00:00+08:00,27.2,PM2.5,µg/m³
Valenzuela,5975180,14258421,2026-05-05T09:00:00Z,2026-05-05T17:00:00+08:00,8.8,PM2.5,µg/m³
Valenzuela,5975180,14258421,2026-05-05T10:00:00Z,2026-05-05T18:00:00+08:00,6.6,PM2.5,µg/m³
Valenzuela,5975180,14258421,2026-05-05T11:00:00Z,2026-05-05T19:00:00+08:00,6.9,PM2.5,µg/m³
Valenzuela,5975180,14258421,2026-05-05T12:00:00Z,2026-05-05T20:00:00+08:00,19.4,PM2.5,µg/m³
Valenzuela,5975180,14258421,2026-05-05T13:00:00Z,2026-05-05T21:00:00+08:00,21.9,PM2.5,µg/m³
Valenzuela,5975180,14258421,2026-05-05T14:00:00Z,2026-05-05T22:00:00+08:00,18.4,PM2.5,µg/m³
Valenzuela,5975180,14258421,2026-05-05T15:00:00Z,2026-05-05T23:00:00+08:00,2.7,PM2.5,µg/m³
Valenzuela,5975180,14258421,2026-05-05T16:00:00Z,2026-05-06T00:00:00+08:00,2.9,PM2.5,µg/m³
Valenzuela,5975180,14258421,2026-05-05T17:00:00Z,2026-05-06T01:00:00+08:00,1.5,PM2.5,µg/m³
Valenzuela,5975180,14258421,2026-05-05T18:00:00Z,2026-05-06T02:00:00+08:00,1.7,PM2.5,µg/m³
Valenzuela,5975180,14258421,2026-05-05T19:00:00Z,2026-05-06T03:00:00+08:00,6.4,PM2.5,µg/m³
Valenzuela,5975180,14258421,2026-05-05T20:00:00Z,2026-05-06T04:00:00+08:00,39.2,PM2.5,µg/m³
Valenzuela,5975180,14258421,2026-05-05T21:00:00Z,2026-05-06T05:00:00+08:00,26.0,PM2.5,µg/m³
Valenzuela,5975180,14258421,2026-05-05T22:00:00Z,2026-05-06T06:00:00+08:00,24.3,PM2.5,µg/m³
Valenzuela,5975180,14258421,2026-05-05T23:00:00Z,2026-05-06T07:00:00+08:00,23.2,PM2.5,µg/m³
Valenzuela,5975180,14258421,2026-05-06T00:00:00Z,2026-05-06T08:00:00+08:00,17.6,PM2.5,µg/m³
Valenzuela,5975180,14258421,2026-05-06T01:00:00Z,2026-05-06T09:00:00+08:00,19.6,PM2.5,µg/m³
Valenzuela,5975180,14258421,2026-05-06T02:00:00Z,2026-05-06T10:00:00+08:00,26.7,PM2.5,µg/m³
Valenzuela,5975180,14258421,2026-05-06T03:00:00Z,2026-05-06T11:00:00+08:00,30.7,PM2.5,µg/m³
Valenzuela,5975180,14258421,2026-05-06T04:00:00Z,2026-05-06T12:00:00+08:00,33.7,PM2.5,µg/m³
Valenzuela,5975180,14258421,2026-05-06T05:00:00Z,2026-05-06T13:00:00+08:00,17.7,PM2.5,µg/m³
Valenzuela,5975180,14258421,2026-05-06T06:00:00Z,2026-05-06T14:00:00+08:00,6.1,PM2.5,µg/m³
Valenzuela,5975180,14258421,2026-05-06T07:00:00Z,2026-05-06T15:00:00+08:00,4.8,PM2.5,µg/m³
Valenzuela,5975180,14258421,2026-05-06T08:00:00Z,2026-05-06T16:00:00+08:00,13.6,PM2.5,µg/m³
Valenzuela,5975180,14258421,2026-05-06T09:00:00Z,2026-05-06T17:00:00+08:00,9.6,PM2.5,µg/m³
Valenzuela,5975180,14258421,2026-05-06T10:00:00Z,2026-05-06T18:00:00+08:00,7.7,PM2.5,µg/m³
Valenzuela,5975180,14258421,2026-05-06T11:00:00Z,2026-05-06T19:00:00+08:00,13.5,PM2.5,µg/m³
Valenzuela,5975180,14258421,2026-05-06T12:00:00Z,2026-05-06T20:00:00+08:00,14.3,PM2.5,µg/m³
Valenzuela,5975180,14258421,2026-05-06T13:00:00Z,2026-05-06T21:00:00+08:00,13.2,PM2.5,µg/m³
Valenzuela,5975180,14258421,2026-05-06T14:00:00Z,2026-05-06T22:00:00+08:00,10.4,PM2.5,µg/m³
Valenzuela,5975180,14258421,2026-05-06T15:00:00Z,2026-05-06T23:00:00+08:00,21.6,PM2.5,µg/m³
Valenzuela,5975180,14258421,2026-05-06T16:00:00Z,2026-05-07T00:00:00+08:00,40.2,PM2.5,µg/m³
Valenzuela,5975180,14258421,2026-05-06T17:00:00Z,2026-05-07T01:00:00+08:00,30.4,PM2.5,µg/m³
Valenzuela,5975180,14258421,2026-05-06T18:00:00Z,2026-05-07T02:00:00+08:00,28.6,PM2.5,µg/m³
Valenzuela,5975180,14258421,2026-05-06T19:00:00Z,2026-05-07T03:00:00+08:00,30.3,PM2.5,µg/m³
Valenzuela,5975180,14258421,2026-05-06T20:00:00Z,2026-05-07T04:00:00+08:00,43.6,PM2.5,µg/m³
Valenzuela,5975180,14258421,2026-05-06T21:00:00Z,2026-05-07T05:00:00+08:00,32.3,PM2.5,µg/m³
Valenzuela,5975180,14258421,2026-05-06T22:00:00Z,2026-05-07T06:00:00+08:00,33.6,PM2.5,µg/m³
Valenzuela,5975180,14258421,2026-05-06T23:00:00Z,2026-05-07T07:00:00+08:00,33.1,PM2.5,µg/m³
Valenzuela,5975180,14258421,2026-05-07T00:00:00Z,2026-05-07T08:00:00+08:00,22.8,PM2.5,µg/m³
Valenzuela,5975180,14258421,2026-05-07T01:00:00Z,2026-05-07T09:00:00+08:00,35.6,PM2.5,µg/m³
Valenzuela,5975180,14258421,2026-05-07T02:00:00Z,2026-05-07T10:00:00+08:00,46.0,PM2.5,µg/m³
Valenzuela,5975180,14258421,2026-05-07T03:00:00Z,2026-05-07T11:00:00+08:00,40.1,PM2.5,µg/m³
Valenzuela,5975180,14258421,2026-05-07T04:00:00Z,2026-05-07T12:00:00+08:00,28.0,PM2.5,µg/m³
Valenzuela,5975180,14258421,2026-05-07T05:00:00Z,2026-05-07T13:00:00+08:00,29.7,PM2.5,µg/m³
Valenzuela,5975180,14258421,2026-05-07T06:00:00Z,2026-05-07T14:00:00+08:00,28.4,PM2.5,µg/m³
Valenzuela,5975180,14258421,2026-05-07T07:00:00Z,2026-05-07T15:00:00+08:00,25.0,PM2.5,µg/m³
Valenzuela,5975180,14258421,2026-05-07T08:00:00Z,2026-05-07T16:00:00+08:00,26.4,PM2.5,µg/m³
Valenzuela,5975180,14258421,2026-05-07T09:00:00Z,2026-05-07T17:00:00+08:00,16.3,PM2.5,µg/m³
Valenzuela,5975180,14258421,2026-05-07T10:00:00Z,2026-05-07T18:00:00+08:00,5.7,PM2.5,µg/m³
Valenzuela,5975180,14258421,2026-05-07T11:00:00Z,2026-05-07T19:00:00+08:00,13.9,PM2.5,µg/m³
Valenzuela,5975180,14258421,2026-05-07T12:00:00Z,2026-05-07T20:00:00+08:00,6.3,PM2.5,µg/m³
Valenzuela,5975180,14258421,2026-05-07T13:00:00Z,2026-05-07T21:00:00+08:00,8.6,PM2.5,µg/m³
Valenzuela,5975180,14258421,2026-05-07T14:00:00Z,2026-05-07T22:00:00+08:00,4.1,PM2.5,µg/m³
Valenzuela,5975180,14258421,2026-05-07T15:00:00Z,2026-05-07T23:00:00+08:00,9.3,PM2.5,µg/m³
Valenzuela,5975180,14258421,2026-05-07T16:00:00Z,2026-05-08T00:00:00+08:00,16.6,PM2.5,µg/m³
Valenzuela,5975180,14258421,2026-05-07T17:00:00Z,2026-05-08T01:00:00+08:00,12.3,PM2.5,µg/m³
Valenzuela,5975180,14258421,2026-05-07T18:00:00Z,2026-05-08T02:00:00+08:00,6.2,PM2.5,µg/m³
Valenzuela,5975180,14258421,2026-05-07T19:00:00Z,2026-05-08T03:00:00+08:00,11.5,PM2.5,µg/m³
Valenzuela,5975180,14258421,2026-05-07T20:00:00Z,2026-05-08T04:00:00+08:00,18.7,PM2.5,µg/m³
Valenzuela,5975180,14258421,2026-05-07T21:00:00Z,2026-05-08T05:00:00+08:00,41.8,PM2.5,µg/m³
Valenzuela,5975180,14258421,2026-05-07T22:00:00Z,2026-05-08T06:00:00+08:00,47.3,PM2.5,µg/m³
Valenzuela,5975180,14258421,2026-05-07T23:00:00Z,2026-05-08T07:00:00+08:00,52.0,PM2.5,µg/m³
Valenzuela,5975180,14258421,2026-05-08T00:00:00Z,2026-05-08T08:00:00+08:00,32.7,PM2.5,µg/m³
Valenzuela,5975180,14258421,2026-05-08T01:00:00Z,2026-05-08T09:00:00+08:00,40.7,PM2.5,µg/m³
Valenzuela,5975180,14258421,2026-05-08T02:00:00Z,2026-05-08T10:00:00+08:00,27.5,PM2.5,µg/m³
Valenzuela,5975180,14258421,2026-05-08T03:00:00Z,2026-05-08T11:00:00+08:00,26.8,PM2.5,µg/m³
Valenzuela,5975180,14258421,2026-05-08T04:00:00Z,2026-05-08T12:00:00+08:00,31.0,PM2.5,µg/m³
Valenzuela,5975180,14258421,2026-05-08T05:00:00Z,2026-05-08T13:00:00+08:00,35.3,PM2.5,µg/m³
Valenzuela,5975180,14258421,2026-05-08T06:00:00Z,2026-05-08T14:00:00+08:00,26.0,PM2.5,µg/m³
Valenzuela,5975180,14258421,2026-05-08T07:00:00Z,2026-05-08T15:00:00+08:00,8.1,PM2.5,µg/m³
Valenzuela,5975180,14258421,2026-05-08T08:00:00Z,2026-05-08T16:00:00+08:00,15.4,PM2.5,µg/m³
Valenzuela,5975180,14258421,2026-05-08T10:00:00Z,2026-05-08T18:00:00+08:00,16.2,PM2.5,µg/m³
Valenzuela,5975180,14258421,2026-05-08T11:00:00Z,2026-05-08T19:00:00+08:00,15.9,PM2.5,µg/m³
Valenzuela,5975180,14258421,2026-05-08T12:00:00Z,2026-05-08T20:00:00+08:00,15.3,PM2.5,µg/m³
Valenzuela,5975180,14258421,2026-05-08T13:00:00Z,2026-05-08T21:00:00+08:00,8.4,PM2.5,µg/m³
Valenzuela,5975180,14258421,2026-05-08T14:00:00Z,2026-05-08T22:00:00+08:00,18.8,PM2.5,µg/m³
Valenzuela,5975180,14258421,2026-05-08T15:00:00Z,2026-05-08T23:00:00+08:00,28.2,PM2.5,µg/m³
Valenzuela,5975180,14258421,2026-05-08T16:00:00Z,2026-05-09T00:00:00+08:00,14.5,PM2.5,µg/m³
Valenzuela,5975180,14258421,2026-05-08T17:00:00Z,2026-05-09T01:00:00+08:00,3.3,PM2.5,µg/m³
Valenzuela,5975180,14258421,2026-05-08T18:00:00Z,2026-05-09T02:00:00+08:00,26.2,PM2.5,µg/m³
Valenzuela,5975180,14258421,2026-05-08T19:00:00Z,2026-05-09T03:00:00+08:00,5.5,PM2.5,µg/m³
Valenzuela,5975180,14258421,2026-05-08T20:00:00Z,2026-05-09T04:00:00+08:00,7.1,PM2.5,µg/m³
Valenzuela,5975180,14258421,2026-05-08T21:00:00Z,2026-05-09T05:00:00+08:00,50.6,PM2.5,µg/m³
Valenzuela,5975180,14258421,2026-05-08T22:00:00Z,2026-05-09T06:00:00+08:00,47.8,PM2.5,µg/m³
Valenzuela,5975180,14258421,2026-05-08T23:00:00Z,2026-05-09T07:00:00+08:00,35.5,PM2.5,µg/m³
Valenzuela,5975180,14258421,2026-05-09T00:00:00Z,2026-05-09T08:00:00+08:00,11.3,PM2.5,µg/m³
Valenzuela,5975180,14258421,2026-05-09T01:00:00Z,2026-05-09T09:00:00+08:00,5.0,PM2.5,µg/m³
Valenzuela,5975180,14258421,2026-05-09T02:00:00Z,2026-05-09T10:00:00+08:00,6.5,PM2.5,µg/m³
Valenzuela,5975180,14258421,2026-05-09T03:00:00Z,2026-05-09T11:00:00+08:00,16.3,PM2.5,µg/m³
Valenzuela,5975180,14258421,2026-05-09T04:00:00Z,2026-05-09T12:00:00+08:00,23.7,PM2.5,µg/m³
Valenzuela,5975180,14258421,2026-05-09T05:00:00Z,2026-05-09T13:00:00+08:00,15.3,PM2.5,µg/m³
Valenzuela,5975180,14258421,2026-05-09T06:00:00Z,2026-05-09T14:00:00+08:00,8.0,PM2.5,µg/m³
Valenzuela,5975180,14258421,2026-05-09T07:00:00Z,2026-05-09T15:00:00+08:00,4.2,PM2.5,µg/m³
Valenzuela,5975180,14258421,2026-05-09T08:00:00Z,2026-05-09T16:00:00+08:00,3.7,PM2.5,µg/m³
Valenzuela,5975180,14258421,2026-05-09T09:00:00Z,2026-05-09T17:00:00+08:00,7.9,PM2.5,µg/m³
Valenzuela,5975180,14258421,2026-05-09T10:00:00Z,2026-05-09T18:00:00+08:00,5.5,PM2.5,µg/m³
Valenzuela,5975180,14258421,2026-05-09T11:00:00Z,2026-05-09T19:00:00+08:00,8.3,PM2.5,µg/m³
Valenzuela,5975180,14258421,2026-05-09T12:00:00Z,2026-05-09T20:00:00+08:00,11.4,PM2.5,µg/m³
Valenzuela,5975180,14258421,2026-05-09T13:00:00Z,2026-05-09T21:00:00+08:00,7.6,PM2.5,µg/m³
Valenzuela,5975180,14258421,2026-05-09T14:00:00Z,2026-05-09T22:00:00+08:00,3.8,PM2.5,µg/m³
Valenzuela,5975180,14258421,2026-05-09T15:00:00Z,2026-05-09T23:00:00+08:00,4.6,PM2.5,µg/m³
Valenzuela,5975180,14258421,2026-05-09T16:00:00Z,2026-05-10T00:00:00+08:00,1.7,PM2.5,µg/m³
Valenzuela,5975180,14258421,2026-05-09T17:00:00Z,2026-05-10T01:00:00+08:00,1.2,PM2.5,µg/m³
Valenzuela,5975180,14258421,2026-05-09T18:00:00Z,2026-05-10T02:00:00+08:00,2.2,PM2.5,µg/m³
Valenzuela,5975180,14258421,2026-05-09T19:00:00Z,2026-05-10T03:00:00+08:00,5.5,PM2.5,µg/m³
Valenzuela,5975180,14258421,2026-05-09T20:00:00Z,2026-05-10T04:00:00+08:00,6.2,PM2.5,µg/m³
Valenzuela,5975180,14258421,2026-05-09T21:00:00Z,2026-05-10T05:00:00+08:00,41.4,PM2.5,µg/m³
Valenzuela,5975180,14258421,2026-05-09T22:00:00Z,2026-05-10T06:00:00+08:00,35.8,PM2.5,µg/m³
Valenzuela,5975180,14258421,2026-05-09T23:00:00Z,2026-05-10T07:00:00+08:00,15.4,PM2.5,µg/m³
Valenzuela,5975180,14258421,2026-05-10T00:00:00Z,2026-05-10T08:00:00+08:00,5.2,PM2.5,µg/m³
Valenzuela,5975180,14258421,2026-05-10T01:00:00Z,2026-05-10T09:00:00+08:00,2.6,PM2.5,µg/m³
Valenzuela,5975180,14258421,2026-05-10T02:00:00Z,2026-05-10T10:00:00+08:00,4.1,PM2.5,µg/m³
Valenzuela,5975180,14258421,2026-05-10T03:00:00Z,2026-05-10T11:00:00+08:00,8.8,PM2.5,µg/m³
Valenzuela,5975180,14258421,2026-05-10T04:00:00Z,2026-05-10T12:00:00+08:00,3.6,PM2.5,µg/m³
Valenzuela,5975180,14258421,2026-05-10T05:00:00Z,2026-05-10T13:00:00+08:00,3.4,PM2.5,µg/m³
Valenzuela,5975180,14258421,2026-05-10T06:00:00Z,2026-05-10T14:00:00+08:00,3.3,PM2.5,µg/m³
Valenzuela,5975180,14258421,2026-05-10T07:00:00Z,2026-05-10T15:00:00+08:00,1.9,PM2.5,µg/m³
Valenzuela,5975180,14258421,2026-05-10T08:00:00Z,2026-05-10T16:00:00+08:00,3.7,PM2.5,µg/m³
Valenzuela,5975180,14258421,2026-05-10T09:00:00Z,2026-05-10T17:00:00+08:00,2.6,PM2.5,µg/m³
Valenzuela,5975180,14258421,2026-05-10T10:00:00Z,2026-05-10T18:00:00+08:00,3.3,PM2.5,µg/m³
Valenzuela,5975180,14258421,2026-05-10T11:00:00Z,2026-05-10T19:00:00+08:00,5.5,PM2.5,µg/m³
Valenzuela,5975180,14258421,2026-05-10T12:00:00Z,2026-05-10T20:00:00+08:00,10.6,PM2.5,µg/m³
Valenzuela,5975180,14258421,2026-05-10T13:00:00Z,2026-05-10T21:00:00+08:00,24.9,PM2.5,µg/m³
Valenzuela,5975180,14258421,2026-05-10T14:00:00Z,2026-05-10T22:00:00+08:00,31.5,PM2.5,µg/m³
Valenzuela,5975180,14258421,2026-05-10T15:00:00Z,2026-05-10T23:00:00+08:00,5.8,PM2.5,µg/m³
Valenzuela,5975180,14258421,2026-05-10T16:00:00Z,2026-05-11T00:00:00+08:00,23.4,PM2.5,µg/m³
Valenzuela,5975180,14258421,2026-05-10T17:00:00Z,2026-05-11T01:00:00+08:00,19.4,PM2.5,µg/m³
Valenzuela,5975180,14258421,2026-05-10T18:00:00Z,2026-05-11T02:00:00+08:00,17.1,PM2.5,µg/m³
Valenzuela,5975180,14258421,2026-05-10T19:00:00Z,2026-05-11T03:00:00+08:00,13.6,PM2.5,µg/m³
Valenzuela,5975180,14258421,2026-05-10T20:00:00Z,2026-05-11T04:00:00+08:00,21.9,PM2.5,µg/m³
Valenzuela,5975180,14258421,2026-05-10T21:00:00Z,2026-05-11T05:00:00+08:00,22.4,PM2.5,µg/m³
Valenzuela,5975180,14258421,2026-05-10T22:00:00Z,2026-05-11T06:00:00+08:00,24.9,PM2.5,µg/m³
Valenzuela,5975180,14258421,2026-05-10T23:00:00Z,2026-05-11T07:00:00+08:00,27.5,PM2.5,µg/m³
Valenzuela,5975180,14258421,2026-05-11T00:00:00Z,2026-05-11T08:00:00+08:00,23.0,PM2.5,µg/m³
Valenzuela,5975180,14258421,2026-05-11T01:00:00Z,2026-05-11T09:00:00+08:00,11.6,PM2.5,µg/m³
Valenzuela,5975180,14258421,2026-05-11T02:00:00Z,2026-05-11T10:00:00+08:00,11.8,PM2.5,µg/m³
Valenzuela,5975180,14258421,2026-05-11T03:00:00Z,2026-05-11T11:00:00+08:00,21.9,PM2.5,µg/m³
Valenzuela,5975180,14258421,2026-05-11T04:00:00Z,2026-05-11T12:00:00+08:00,25.0,PM2.5,µg/m³
Valenzuela,5975180,14258421,2026-05-11T05:00:00Z,2026-05-11T13:00:00+08:00,20.6,PM2.5,µg/m³
Valenzuela,5975180,14258421,2026-05-11T06:00:00Z,2026-05-11T14:00:00+08:00,9.2,PM2.5,µg/m³
Valenzuela,5975180,14258421,2026-05-11T07:00:00Z,2026-05-11T15:00:00+08:00,8.0,PM2.5,µg/m³
Valenzuela,5975180,14258421,2026-05-11T08:00:00Z,2026-05-11T16:00:00+08:00,9.0,PM2.5,µg/m³
Valenzuela,5975180,14258421,2026-05-11T09:00:00Z,2026-05-11T17:00:00+08:00,3.3,PM2.5,µg/m³
Valenzuela,5975180,14258421,2026-05-11T13:00:00Z,2026-05-11T21:00:00+08:00,5.1,PM2.5,µg/m³
Valenzuela,5975180,14258421,2026-05-11T14:00:00Z,2026-05-11T22:00:00+08:00,6.2,PM2.5,µg/m³
Valenzuela,5975180,14258421,2026-05-11T15:00:00Z,2026-05-11T23:00:00+08:00,18.3,PM2.5,µg/m³
Valenzuela,5975180,14258421,2026-05-11T16:00:00Z,2026-05-12T00:00:00+08:00,4.6,PM2.5,µg/m³
Valenzuela,5975180,14258421,2026-05-11T17:00:00Z,2026-05-12T01:00:00+08:00,13.3,PM2.5,µg/m³
Valenzuela,5975180,14258421,2026-05-11T18:00:00Z,2026-05-12T02:00:00+08:00,15.8,PM2.5,µg/m³
Valenzuela,5975180,14258421,2026-05-11T19:00:00Z,2026-05-12T03:00:00+08:00,21.9,PM2.5,µg/m³
Valenzuela,5975180,14258421,2026-05-11T20:00:00Z,2026-05-12T04:00:00+08:00,32.9,PM2.5,µg/m³
Valenzuela,5975180,14258421,2026-05-11T21:00:00Z,2026-05-12T05:00:00+08:00,34.6,PM2.5,µg/m³
Valenzuela,5975180,14258421,2026-05-12T00:00:00Z,2026-05-12T08:00:00+08:00,29.6,PM2.5,µg/m³
Valenzuela,5975180,14258421,2026-05-12T01:00:00Z,2026-05-12T09:00:00+08:00,36.3,PM2.5,µg/m³
Valenzuela,5975180,14258421,2026-05-12T02:00:00Z,2026-05-12T10:00:00+08:00,34.3,PM2.5,µg/m³
Valenzuela,5975180,14258421,2026-05-12T03:00:00Z,2026-05-12T11:00:00+08:00,23.6,PM2.5,µg/m³
Valenzuela,5975180,14258421,2026-05-12T04:00:00Z,2026-05-12T12:00:00+08:00,29.1,PM2.5,µg/m³
Valenzuela,5975180,14258421,2026-05-12T05:00:00Z,2026-05-12T13:00:00+08:00,31.3,PM2.5,µg/m³
Valenzuela,5975180,14258421,2026-05-12T06:00:00Z,2026-05-12T14:00:00+08:00,29.6,PM2.5,µg/m³
Valenzuela,5975180,14258421,2026-05-12T07:00:00Z,2026-05-12T15:00:00+08:00,33.2,PM2.5,µg/m³
Valenzuela,5975180,14258421,2026-05-12T08:00:00Z,2026-05-12T16:00:00+08:00,36.9,PM2.5,µg/m³
Valenzuela,5975180,14258421,2026-05-12T09:00:00Z,2026-05-12T17:00:00+08:00,46.6,PM2.5,µg/m³
Valenzuela,5975180,14258421,2026-05-12T10:00:00Z,2026-05-12T18:00:00+08:00,50.4,PM2.5,µg/m³
Valenzuela,5975180,14258421,2026-05-12T11:00:00Z,2026-05-12T19:00:00+08:00,49.7,PM2.5,µg/m³
Valenzuela,5975180,14258421,2026-05-12T12:00:00Z,2026-05-12T20:00:00+08:00,49.8,PM2.5,µg/m³
Valenzuela,5975180,14258421,2026-05-12T13:00:00Z,2026-05-12T21:00:00+08:00,43.8,PM2.5,µg/m³
Valenzuela,5975180,14258421,2026-05-12T14:00:00Z,2026-05-12T22:00:00+08:00,37.4,PM2.5,µg/m³
Valenzuela,5975180,14258421,2026-05-12T15:00:00Z,2026-05-12T23:00:00+08:00,37.1,PM2.5,µg/m³
Valenzuela,5975180,14258421,2026-05-12T16:00:00Z,2026-05-13T00:00:00+08:00,36.7,PM2.5,µg/m³
Valenzuela,5975180,14258421,2026-05-12T17:00:00Z,2026-05-13T01:00:00+08:00,42.6,PM2.5,µg/m³
Valenzuela,5975180,14258421,2026-05-12T18:00:00Z,2026-05-13T02:00:00+08:00,54.1,PM2.5,µg/m³
Valenzuela,5975180,14258421,2026-05-12T19:00:00Z,2026-05-13T03:00:00+08:00,51.7,PM2.5,µg/m³
Valenzuela,5975180,14258421,2026-05-12T20:00:00Z,2026-05-13T04:00:00+08:00,46.9,PM2.5,µg/m³
Valenzuela,5975180,14258421,2026-05-12T21:00:00Z,2026-05-13T05:00:00+08:00,62.6,PM2.5,µg/m³
Valenzuela,5975180,14258421,2026-05-12T22:00:00Z,2026-05-13T06:00:00+08:00,48.5,PM2.5,µg/m³
Valenzuela,5975180,14258421,2026-05-12T23:00:00Z,2026-05-13T07:00:00+08:00,42.3,PM2.5,µg/m³
Valenzuela,5975180,14258421,2026-05-13T00:00:00Z,2026-05-13T08:00:00+08:00,37.7,PM2.5,µg/m³
Valenzuela,5975180,14258421,2026-05-13T01:00:00Z,2026-05-13T09:00:00+08:00,35.9,PM2.5,µg/m³
Valenzuela,5975180,14258421,2026-05-13T02:00:00Z,2026-05-13T10:00:00+08:00,36.4,PM2.5,µg/m³
Valenzuela,5975180,14258421,2026-05-13T03:00:00Z,2026-05-13T11:00:00+08:00,38.3,PM2.5,µg/m³
Valenzuela,5975180,14258421,2026-05-13T04:00:00Z,2026-05-13T12:00:00+08:00,34.1,PM2.5,µg/m³
Valenzuela,5975180,14258421,2026-05-13T05:00:00Z,2026-05-13T13:00:00+08:00,38.0,PM2.5,µg/m³
Valenzuela,5975180,14258421,2026-05-13T06:00:00Z,2026-05-13T14:00:00+08:00,44.5,PM2.5,µg/m³
Valenzuela,5975180,14258421,2026-05-13T07:00:00Z,2026-05-13T15:00:00+08:00,55.9,PM2.5,µg/m³
Valenzuela,5975180,14258421,2026-05-13T08:00:00Z,2026-05-13T16:00:00+08:00,43.2,PM2.5,µg/m³
Valenzuela,5975180,14258421,2026-05-13T09:00:00Z,2026-05-13T17:00:00+08:00,25.4,PM2.5,µg/m³
Valenzuela,5975180,14258421,2026-05-13T10:00:00Z,2026-05-13T18:00:00+08:00,25.5,PM2.5,µg/m³
Valenzuela,5975180,14258421,2026-05-13T11:00:00Z,2026-05-13T19:00:00+08:00,31.6,PM2.5,µg/m³
Valenzuela,5975180,14258421,2026-05-13T12:00:00Z,2026-05-13T20:00:00+08:00,33.6,PM2.5,µg/m³
Valenzuela,5975180,14258421,2026-05-13T13:00:00Z,2026-05-13T21:00:00+08:00,25.9,PM2.5,µg/m³
Valenzuela,5975180,14258421,2026-05-13T14:00:00Z,2026-05-13T22:00:00+08:00,15.7,PM2.5,µg/m³
Valenzuela,5975180,14258421,2026-05-13T15:00:00Z,2026-05-13T23:00:00+08:00,14.3,PM2.5,µg/m³
Valenzuela,5975180,14258421,2026-05-13T16:00:00Z,2026-05-14T00:00:00+08:00,13.2,PM2.5,µg/m³
Valenzuela,5975180,14258421,2026-05-13T17:00:00Z,2026-05-14T01:00:00+08:00,11.6,PM2.5,µg/m³
Valenzuela,5975180,14258421,2026-05-13T18:00:00Z,2026-05-14T02:00:00+08:00,11.4,PM2.5,µg/m³
Valenzuela,5975180,14258421,2026-05-13T19:00:00Z,2026-05-14T03:00:00+08:00,13.6,PM2.5,µg/m³
Valenzuela,5975180,14258421,2026-05-13T20:00:00Z,2026-05-14T04:00:00+08:00,25.5,PM2.5,µg/m³
Valenzuela,5975180,14258421,2026-05-13T21:00:00Z,2026-05-14T05:00:00+08:00,29.2,PM2.5,µg/m³
Valenzuela,5975180,14258421,2026-05-13T22:00:00Z,2026-05-14T06:00:00+08:00,31.3,PM2.5,µg/m³
Valenzuela,5975180,14258421,2026-05-13T23:00:00Z,2026-05-14T07:00:00+08:00,38.7,PM2.5,µg/m³
Valenzuela,5975180,14258421,2026-05-14T00:00:00Z,2026-05-14T08:00:00+08:00,41.4,PM2.5,µg/m³
Valenzuela,5975180,14258421,2026-05-14T01:00:00Z,2026-05-14T09:00:00+08:00,46.4,PM2.5,µg/m³
Valenzuela,5975180,14258421,2026-05-14T02:00:00Z,2026-05-14T10:00:00+08:00,53.4,PM2.5,µg/m³
Valenzuela,5975180,14258421,2026-05-14T03:00:00Z,2026-05-14T11:00:00+08:00,40.8,PM2.5,µg/m³
Valenzuela,5975180,14258421,2026-05-14T04:00:00Z,2026-05-14T12:00:00+08:00,44.1,PM2.5,µg/m³
Valenzuela,5975180,14258421,2026-05-14T05:00:00Z,2026-05-14T13:00:00+08:00,44.5,PM2.5,µg/m³
Valenzuela,5975180,14258421,2026-05-14T06:00:00Z,2026-05-14T14:00:00+08:00,39.4,PM2.5,µg/m³
Valenzuela,5975180,14258421,2026-05-14T07:00:00Z,2026-05-14T15:00:00+08:00,45.0,PM2.5,µg/m³
Valenzuela,5975180,14258421,2026-05-14T08:00:00Z,2026-05-14T16:00:00+08:00,39.9,PM2.5,µg/m³
Valenzuela,5975180,14258421,2026-05-14T09:00:00Z,2026-05-14T17:00:00+08:00,39.2,PM2.5,µg/m³
Valenzuela,5975180,14258421,2026-05-14T10:00:00Z,2026-05-14T18:00:00+08:00,32.3,PM2.5,µg/m³
Valenzuela,5975180,14258421,2026-05-14T11:00:00Z,2026-05-14T19:00:00+08:00,34.8,PM2.5,µg/m³
Valenzuela,5975180,14258421,2026-05-14T12:00:00Z,2026-05-14T20:00:00+08:00,36.1,PM2.5,µg/m³
Valenzuela,5975180,14258421,2026-05-14T13:00:00Z,2026-05-14T21:00:00+08:00,32.7,PM2.5,µg/m³
Valenzuela,5975180,14258421,2026-05-14T14:00:00Z,2026-05-14T22:00:00+08:00,25.3,PM2.5,µg/m³
Valenzuela,5975180,14258421,2026-05-14T15:00:00Z,2026-05-14T23:00:00+08:00,28.8,PM2.5,µg/m³
Valenzuela,5975180,14258421,2026-05-14T16:00:00Z,2026-05-15T00:00:00+08:00,28.8,PM2.5,µg/m³
Valenzuela,5975180,14258421,2026-05-14T17:00:00Z,2026-05-15T01:00:00+08:00,27.4,PM2.5,µg/m³
Valenzuela,5975180,14258421,2026-05-14T18:00:00Z,2026-05-15T02:00:00+08:00,26.1,PM2.5,µg/m³
Valenzuela,5975180,14258421,2026-05-14T19:00:00Z,2026-05-15T03:00:00+08:00,37.3,PM2.5,µg/m³
Valenzuela,5975180,14258421,2026-05-14T20:00:00Z,2026-05-15T04:00:00+08:00,43.9,PM2.5,µg/m³
Valenzuela,5975180,14258421,2026-05-14T21:00:00Z,2026-05-15T05:00:00+08:00,47.7,PM2.5,µg/m³
Valenzuela,5975180,14258421,2026-05-14T22:00:00Z,2026-05-15T06:00:00+08:00,49.1,PM2.5,µg/m³
Valenzuela,5975180,14258421,2026-05-14T23:00:00Z,2026-05-15T07:00:00+08:00,45.0,PM2.5,µg/m³
Valenzuela,5975180,14258421,2026-05-15T00:00:00Z,2026-05-15T08:00:00+08:00,37.9,PM2.5,µg/m³
Valenzuela,5975180,14258421,2026-05-15T01:00:00Z,2026-05-15T09:00:00+08:00,42.3,PM2.5,µg/m³
Valenzuela,5975180,14258421,2026-05-15T02:00:00Z,2026-05-15T10:00:00+08:00,43.1,PM2.5,µg/m³
Valenzuela,5975180,14258421,2026-05-15T03:00:00Z,2026-05-15T11:00:00+08:00,42.0,PM2.5,µg/m³
Valenzuela,5975180,14258421,2026-05-15T04:00:00Z,2026-05-15T12:00:00+08:00,48.2,PM2.5,µg/m³
Valenzuela,5975180,14258421,2026-05-15T05:00:00Z,2026-05-15T13:00:00+08:00,43.6,PM2.5,µg/m³
Valenzuela,5975180,14258421,2026-05-15T06:00:00Z,2026-05-15T14:00:00+08:00,40.9,PM2.5,µg/m³
Valenzuela,5975180,14258421,2026-05-15T07:00:00Z,2026-05-15T15:00:00+08:00,33.2,PM2.5,µg/m³
Valenzuela,5975180,14258421,2026-05-15T08:00:00Z,2026-05-15T16:00:00+08:00,45.0,PM2.5,µg/m³
Valenzuela,5975180,14258421,2026-05-15T09:00:00Z,2026-05-15T17:00:00+08:00,47.8,PM2.5,µg/m³
Valenzuela,5975180,14258421,2026-05-15T10:00:00Z,2026-05-15T18:00:00+08:00,46.1,PM2.5,µg/m³
Valenzuela,5975180,14258421,2026-05-15T11:00:00Z,2026-05-15T19:00:00+08:00,49.6,PM2.5,µg/m³
Valenzuela,5975180,14258421,2026-05-15T12:00:00Z,2026-05-15T20:00:00+08:00,57.6,PM2.5,µg/m³
Valenzuela,5975180,14258421,2026-05-15T13:00:00Z,2026-05-15T21:00:00+08:00,64.9,PM2.5,µg/m³
Valenzuela,5975180,14258421,2026-05-15T14:00:00Z,2026-05-15T22:00:00+08:00,56.5,PM2.5,µg/m³
Valenzuela,5975180,14258421,2026-05-15T15:00:00Z,2026-05-15T23:00:00+08:00,56.2,PM2.5,µg/m³
Valenzuela,5975180,14258421,2026-05-15T16:00:00Z,2026-05-16T00:00:00+08:00,56.5,PM2.5,µg/m³
Valenzuela,5975180,14258421,2026-05-15T17:00:00Z,2026-05-16T01:00:00+08:00,33.3,PM2.5,µg/m³
Valenzuela,5975180,14258421,2026-05-15T18:00:00Z,2026-05-16T02:00:00+08:00,34.7,PM2.5,µg/m³
Valenzuela,5975180,14258421,2026-05-15T19:00:00Z,2026-05-16T03:00:00+08:00,43.3,PM2.5,µg/m³
Valenzuela,5975180,14258421,2026-05-15T20:00:00Z,2026-05-16T04:00:00+08:00,43.1,PM2.5,µg/m³
Valenzuela,5975180,14258421,2026-05-15T21:00:00Z,2026-05-16T05:00:00+08:00,33.6,PM2.5,µg/m³
Valenzuela,5975180,14258421,2026-05-15T22:00:00Z,2026-05-16T06:00:00+08:00,36.2,PM2.5,µg/m³
Valenzuela,5975180,14258421,2026-05-15T23:00:00Z,2026-05-16T07:00:00+08:00,26.1,PM2.5,µg/m³
Valenzuela,5975180,14258421,2026-05-16T00:00:00Z,2026-05-16T08:00:00+08:00,24.6,PM2.5,µg/m³
Valenzuela,5975180,14258421,2026-05-16T01:00:00Z,2026-05-16T09:00:00+08:00,25.8,PM2.5,µg/m³
Valenzuela,5975180,14258421,2026-05-16T02:00:00Z,2026-05-16T10:00:00+08:00,30.9,PM2.5,µg/m³
Valenzuela,5975180,14258421,2026-05-16T03:00:00Z,2026-05-16T11:00:00+08:00,40.6,PM2.5,µg/m³
Valenzuela,5975180,14258421,2026-05-16T04:00:00Z,2026-05-16T12:00:00+08:00,46.1,PM2.5,µg/m³
Valenzuela,5975180,14258421,2026-05-16T05:00:00Z,2026-05-16T13:00:00+08:00,44.3,PM2.5,µg/m³
Valenzuela,5975180,14258421,2026-05-16T06:00:00Z,2026-05-16T14:00:00+08:00,43.9,PM2.5,µg/m³
Valenzuela,5975180,14258421,2026-05-16T07:00:00Z,2026-05-16T15:00:00+08:00,45.6,PM2.5,µg/m³
Valenzuela,5975180,14258421,2026-05-16T08:00:00Z,2026-05-16T16:00:00+08:00,48.3,PM2.5,µg/m³
Valenzuela,5975180,14258421,2026-05-16T10:00:00Z,2026-05-16T18:00:00+08:00,43.0,PM2.5,µg/m³
Valenzuela,5975180,14258421,2026-05-16T11:00:00Z,2026-05-16T19:00:00+08:00,44.5,PM2.5,µg/m³
Valenzuela,5975180,14258421,2026-05-16T12:00:00Z,2026-05-16T20:00:00+08:00,51.5,PM2.5,µg/m³
Valenzuela,5975180,14258421,2026-05-16T13:00:00Z,2026-05-16T21:00:00+08:00,36.2,PM2.5,µg/m³
Valenzuela,5975180,14258421,2026-05-16T14:00:00Z,2026-05-16T22:00:00+08:00,48.0,PM2.5,µg/m³
Valenzuela,5975180,14258421,2026-05-16T15:00:00Z,2026-05-16T23:00:00+08:00,39.3,PM2.5,µg/m³
Valenzuela,5975180,14258421,2026-05-16T16:00:00Z,2026-05-17T00:00:00+08:00,38.9,PM2.5,µg/m³
Valenzuela,5975180,14258421,2026-05-16T17:00:00Z,2026-05-17T01:00:00+08:00,38.0,PM2.5,µg/m³
Valenzuela,5975180,14258421,2026-05-16T18:00:00Z,2026-05-17T02:00:00+08:00,39.3,PM2.5,µg/m³
Valenzuela,5975180,14258421,2026-05-16T19:00:00Z,2026-05-17T03:00:00+08:00,39.8,PM2.5,µg/m³
Valenzuela,5975180,14258421,2026-05-16T20:00:00Z,2026-05-17T04:00:00+08:00,43.7,PM2.5,µg/m³
Valenzuela,5975180,14258421,2026-05-16T21:00:00Z,2026-05-17T05:00:00+08:00,39.1,PM2.5,µg/m³
Valenzuela,5975180,14258421,2026-05-16T22:00:00Z,2026-05-17T06:00:00+08:00,51.6,PM2.5,µg/m³
Valenzuela,5975180,14258421,2026-05-16T23:00:00Z,2026-05-17T07:00:00+08:00,46.0,PM2.5,µg/m³
Valenzuela,5975180,14258421,2026-05-17T00:00:00Z,2026-05-17T08:00:00+08:00,36.3,PM2.5,µg/m³
Valenzuela,5975180,14258421,2026-05-17T01:00:00Z,2026-05-17T09:00:00+08:00,39.3,PM2.5,µg/m³
Valenzuela,5975180,14258421,2026-05-17T02:00:00Z,2026-05-17T10:00:00+08:00,42.9,PM2.5,µg/m³
Valenzuela,5975180,14258421,2026-05-17T03:00:00Z,2026-05-17T11:00:00+08:00,41.7,PM2.5,µg/m³
Valenzuela,5975180,14258421,2026-05-17T04:00:00Z,2026-05-17T12:00:00+08:00,44.8,PM2.5,µg/m³
Valenzuela,5975180,14258421,2026-05-17T05:00:00Z,2026-05-17T13:00:00+08:00,46.1,PM2.5,µg/m³
Valenzuela,5975180,14258421,2026-05-17T06:00:00Z,2026-05-17T14:00:00+08:00,33.8,PM2.5,µg/m³
Valenzuela,5975180,14258421,2026-05-17T07:00:00Z,2026-05-17T15:00:00+08:00,20.9,PM2.5,µg/m³
Valenzuela,5975180,14258421,2026-05-17T08:00:00Z,2026-05-17T16:00:00+08:00,15.8,PM2.5,µg/m³
Valenzuela,5975180,14258421,2026-05-17T09:00:00Z,2026-05-17T17:00:00+08:00,7.6,PM2.5,µg/m³
Valenzuela,5975180,14258421,2026-05-17T10:00:00Z,2026-05-17T18:00:00+08:00,17.7,PM2.5,µg/m³
Valenzuela,5975180,14258421,2026-05-17T11:00:00Z,2026-05-17T19:00:00+08:00,28.6,PM2.5,µg/m³
Valenzuela,5975180,14258421,2026-05-17T12:00:00Z,2026-05-17T20:00:00+08:00,35.1,PM2.5,µg/m³
Valenzuela,5975180,14258421,2026-05-17T13:00:00Z,2026-05-17T21:00:00+08:00,25.6,PM2.5,µg/m³
Valenzuela,5975180,14258421,2026-05-17T14:00:00Z,2026-05-17T22:00:00+08:00,11.7,PM2.5,µg/m³
Valenzuela,5975180,14258421,2026-05-17T15:00:00Z,2026-05-17T23:00:00+08:00,13.7,PM2.5,µg/m³
Valenzuela,5975180,14258421,2026-05-17T16:00:00Z,2026-05-18T00:00:00+08:00,12.2,PM2.5,µg/m³
Valenzuela,5975180,14258421,2026-05-17T17:00:00Z,2026-05-18T01:00:00+08:00,14.5,PM2.5,µg/m³
Valenzuela,5975180,14258421,2026-05-17T18:00:00Z,2026-05-18T02:00:00+08:00,26.4,PM2.5,µg/m³
Valenzuela,5975180,14258421,2026-05-17T19:00:00Z,2026-05-18T03:00:00+08:00,31.6,PM2.5,µg/m³
Valenzuela,5975180,14258421,2026-05-17T20:00:00Z,2026-05-18T04:00:00+08:00,31.6,PM2.5,µg/m³
Valenzuela,5975180,14258421,2026-05-17T21:00:00Z,2026-05-18T05:00:00+08:00,32.8,PM2.5,µg/m³
Valenzuela,5975180,14258421,2026-05-17T22:00:00Z,2026-05-18T06:00:00+08:00,41.0,PM2.5,µg/m³
Valenzuela,5975180,14258421,2026-05-17T23:00:00Z,2026-05-18T07:00:00+08:00,39.4,PM2.5,µg/m³
Valenzuela,5975180,14258421,2026-05-18T00:00:00Z,2026-05-18T08:00:00+08:00,32.7,PM2.5,µg/m³
Valenzuela,5975180,14258421,2026-05-18T01:00:00Z,2026-05-18T09:00:00+08:00,36.3,PM2.5,µg/m³
Valenzuela,5975180,14258421,2026-05-18T02:00:00Z,2026-05-18T10:00:00+08:00,44.3,PM2.5,µg/m³
Valenzuela,5975180,14258421,2026-05-18T03:00:00Z,2026-05-18T11:00:00+08:00,41.7,PM2.5,µg/m³
Valenzuela,5975180,14258421,2026-05-18T04:00:00Z,2026-05-18T12:00:00+08:00,36.8,PM2.5,µg/m³
Valenzuela,5975180,14258421,2026-05-18T05:00:00Z,2026-05-18T13:00:00+08:00,30.9,PM2.5,µg/m³
Valenzuela,5975180,14258421,2026-05-18T06:00:00Z,2026-05-18T14:00:00+08:00,30.6,PM2.5,µg/m³
Valenzuela,5975180,14258421,2026-05-18T07:00:00Z,2026-05-18T15:00:00+08:00,14.8,PM2.5,µg/m³
Valenzuela,5975180,14258421,2026-05-18T08:00:00Z,2026-05-18T16:00:00+08:00,18.9,PM2.5,µg/m³
Valenzuela,5975180,14258421,2026-05-18T09:00:00Z,2026-05-18T17:00:00+08:00,36.2,PM2.5,µg/m³
Valenzuela,5975180,14258421,2026-05-18T10:00:00Z,2026-05-18T18:00:00+08:00,33.0,PM2.5,µg/m³
Valenzuela,5975180,14258421,2026-05-18T11:00:00Z,2026-05-18T19:00:00+08:00,31.6,PM2.5,µg/m³
Valenzuela,5975180,14258421,2026-05-18T12:00:00Z,2026-05-18T20:00:00+08:00,31.7,PM2.5,µg/m³
Valenzuela,5975180,14258421,2026-05-18T13:00:00Z,2026-05-18T21:00:00+08:00,42.5,PM2.5,µg/m³
Valenzuela,5975180,14258421,2026-05-18T14:00:00Z,2026-05-18T22:00:00+08:00,32.4,PM2.5,µg/m³
Valenzuela,5975180,14258421,2026-05-18T15:00:00Z,2026-05-18T23:00:00+08:00,37.9,PM2.5,µg/m³
Valenzuela,5975180,14258421,2026-05-18T16:00:00Z,2026-05-19T00:00:00+08:00,28.1,PM2.5,µg/m³
Valenzuela,5975180,14258421,2026-05-18T17:00:00Z,2026-05-19T01:00:00+08:00,15.6,PM2.5,µg/m³
Valenzuela,5975180,14258421,2026-05-18T18:00:00Z,2026-05-19T02:00:00+08:00,27.0,PM2.5,µg/m³
Valenzuela,5975180,14258421,2026-05-18T19:00:00Z,2026-05-19T03:00:00+08:00,36.3,PM2.5,µg/m³
Valenzuela,5975180,14258421,2026-05-18T20:00:00Z,2026-05-19T04:00:00+08:00,38.0,PM2.5,µg/m³
Valenzuela,5975180,14258421,2026-05-18T21:00:00Z,2026-05-19T05:00:00+08:00,36.4,PM2.5,µg/m³
Valenzuela,5975180,14258421,2026-05-18T22:00:00Z,2026-05-19T06:00:00+08:00,49.2,PM2.5,µg/m³
Valenzuela,5975180,14258421,2026-05-18T23:00:00Z,2026-05-19T07:00:00+08:00,55.0,PM2.5,µg/m³
Valenzuela,5975180,14258421,2026-05-19T00:00:00Z,2026-05-19T08:00:00+08:00,61.7,PM2.5,µg/m³
Valenzuela,5975180,14258421,2026-05-19T01:00:00Z,2026-05-19T09:00:00+08:00,48.9,PM2.5,µg/m³
Valenzuela,5975180,14258421,2026-05-19T02:00:00Z,2026-05-19T10:00:00+08:00,43.6,PM2.5,µg/m³
Valenzuela,5975180,14258421,2026-05-19T03:00:00Z,2026-05-19T11:00:00+08:00,55.7,PM2.5,µg/m³
Valenzuela,5975180,14258421,2026-05-19T04:00:00Z,2026-05-19T12:00:00+08:00,38.9,PM2.5,µg/m³
Valenzuela,5975180,14258421,2026-05-19T05:00:00Z,2026-05-19T13:00:00+08:00,29.0,PM2.5,µg/m³
Valenzuela,5975180,14258421,2026-05-19T06:00:00Z,2026-05-19T14:00:00+08:00,25.4,PM2.5,µg/m³
Valenzuela,5975180,14258421,2026-05-19T07:00:00Z,2026-05-19T15:00:00+08:00,27.4,PM2.5,µg/m³
Valenzuela,5975180,14258421,2026-05-19T08:00:00Z,2026-05-19T16:00:00+08:00,11.0,PM2.5,µg/m³
Valenzuela,5975180,14258421,2026-05-19T09:00:00Z,2026-05-19T17:00:00+08:00,20.7,PM2.5,µg/m³
Valenzuela,5975180,14258421,2026-05-19T10:00:00Z,2026-05-19T18:00:00+08:00,34.0,PM2.5,µg/m³
Valenzuela,5975180,14258421,2026-05-19T11:00:00Z,2026-05-19T19:00:00+08:00,37.2,PM2.5,µg/m³
Valenzuela,5975180,14258421,2026-05-19T12:00:00Z,2026-05-19T20:00:00+08:00,48.9,PM2.5,µg/m³
Valenzuela,5975180,14258421,2026-05-19T13:00:00Z,2026-05-19T21:00:00+08:00,56.6,PM2.5,µg/m³
Valenzuela,5975180,14258421,2026-05-19T14:00:00Z,2026-05-19T22:00:00+08:00,55.6,PM2.5,µg/m³
Valenzuela,5975180,14258421,2026-05-19T15:00:00Z,2026-05-19T23:00:00+08:00,60.7,PM2.5,µg/m³
Valenzuela,5975180,14258421,2026-05-19T16:00:00Z,2026-05-20T00:00:00+08:00,52.0,PM2.5,µg/m³
Valenzuela,5975180,14258421,2026-05-19T17:00:00Z,2026-05-20T01:00:00+08:00,55.1,PM2.5,µg/m³
Valenzuela,5975180,14258421,2026-05-19T18:00:00Z,2026-05-20T02:00:00+08:00,51.5,PM2.5,µg/m³
Valenzuela,5975180,14258421,2026-05-19T19:00:00Z,2026-05-20T03:00:00+08:00,52.3,PM2.5,µg/m³
Valenzuela,5975180,14258421,2026-05-19T20:00:00Z,2026-05-20T04:00:00+08:00,70.1,PM2.5,µg/m³
Valenzuela,5975180,14258421,2026-05-19T21:00:00Z,2026-05-20T05:00:00+08:00,38.2,PM2.5,µg/m³
Valenzuela,5975180,14258421,2026-05-19T22:00:00Z,2026-05-20T06:00:00+08:00,40.6,PM2.5,µg/m³
Valenzuela,5975180,14258421,2026-05-19T23:00:00Z,2026-05-20T07:00:00+08:00,65.1,PM2.5,µg/m³
Valenzuela,5975180,14258421,2026-05-20T00:00:00Z,2026-05-20T08:00:00+08:00,62.0,PM2.5,µg/m³
Valenzuela,5975180,14258421,2026-05-20T01:00:00Z,2026-05-20T09:00:00+08:00,58.2,PM2.5,µg/m³
Valenzuela,5975180,14258421,2026-05-20T02:00:00Z,2026-05-20T10:00:00+08:00,50.0,PM2.5,µg/m³
Valenzuela,5975180,14258421,2026-05-20T03:00:00Z,2026-05-20T11:00:00+08:00,54.8,PM2.5,µg/m³
Valenzuela,5975180,14258421,2026-05-20T04:00:00Z,2026-05-20T12:00:00+08:00,68.7,PM2.5,µg/m³
Valenzuela,5975180,14258421,2026-05-20T05:00:00Z,2026-05-20T13:00:00+08:00,58.0,PM2.5,µg/m³
Valenzuela,5975180,14258421,2026-05-20T06:00:00Z,2026-05-20T14:00:00+08:00,57.7,PM2.5,µg/m³
Valenzuela,5975180,14258421,2026-05-20T07:00:00Z,2026-05-20T15:00:00+08:00,31.9,PM2.5,µg/m³
Valenzuela,5975180,14258421,2026-05-20T08:00:00Z,2026-05-20T16:00:00+08:00,42.0,PM2.5,µg/m³
Valenzuela,5975180,14258421,2026-05-20T09:00:00Z,2026-05-20T17:00:00+08:00,76.7,PM2.5,µg/m³
Valenzuela,5975180,14258421,2026-05-20T10:00:00Z,2026-05-20T18:00:00+08:00,59.8,PM2.5,µg/m³
Valenzuela,5975180,14258421,2026-05-20T11:00:00Z,2026-05-20T19:00:00+08:00,64.9,PM2.5,µg/m³
Valenzuela,5975180,14258421,2026-05-20T12:00:00Z,2026-05-20T20:00:00+08:00,71.3,PM2.5,µg/m³
Valenzuela,5975180,14258421,2026-05-20T13:00:00Z,2026-05-20T21:00:00+08:00,64.6,PM2.5,µg/m³
Valenzuela,5975180,14258421,2026-05-20T14:00:00Z,2026-05-20T22:00:00+08:00,46.2,PM2.5,µg/m³
Valenzuela,5975180,14258421,2026-05-20T15:00:00Z,2026-05-20T23:00:00+08:00,61.6,PM2.5,µg/m³
Valenzuela,5975180,14258421,2026-05-20T16:00:00Z,2026-05-21T00:00:00+08:00,43.2,PM2.5,µg/m³
Valenzuela,5975180,14258421,2026-05-20T17:00:00Z,2026-05-21T01:00:00+08:00,30.7,PM2.5,µg/m³
Valenzuela,5975180,14258421,2026-05-20T18:00:00Z,2026-05-21T02:00:00+08:00,31.6,PM2.5,µg/m³
Valenzuela,5975180,14258421,2026-05-20T19:00:00Z,2026-05-21T03:00:00+08:00,41.6,PM2.5,µg/m³
Valenzuela,5975180,14258421,2026-05-20T20:00:00Z,2026-05-21T04:00:00+08:00,91.5,PM2.5,µg/m³
Valenzuela,5975180,14258421,2026-05-20T21:00:00Z,2026-05-21T05:00:00+08:00,50.9,PM2.5,µg/m³
Valenzuela,5975180,14258421,2026-05-20T22:00:00Z,2026-05-21T06:00:00+08:00,65.5,PM2.5,µg/m³
Valenzuela,5975180,14258421,2026-05-20T23:00:00Z,2026-05-21T07:00:00+08:00,57.0,PM2.5,µg/m³
Valenzuela,5975180,14258421,2026-05-21T00:00:00Z,2026-05-21T08:00:00+08:00,29.6,PM2.5,µg/m³
Valenzuela,5975180,14258421,2026-05-21T01:00:00Z,2026-05-21T09:00:00+08:00,24.3,PM2.5,µg/m³
Valenzuela,5975180,14258421,2026-05-21T02:00:00Z,2026-05-21T10:00:00+08:00,30.8,PM2.5,µg/m³
Valenzuela,5975180,14258421,2026-05-21T03:00:00Z,2026-05-21T11:00:00+08:00,33.6,PM2.5,µg/m³
Valenzuela,5975180,14258421,2026-05-21T04:00:00Z,2026-05-21T12:00:00+08:00,38.1,PM2.5,µg/m³
Valenzuela,5975180,14258421,2026-05-21T05:00:00Z,2026-05-21T13:00:00+08:00,32.0,PM2.5,µg/m³
Valenzuela,5975180,14258421,2026-05-21T06:00:00Z,2026-05-21T14:00:00+08:00,28.6,PM2.5,µg/m³
Valenzuela,5975180,14258421,2026-05-21T07:00:00Z,2026-05-21T15:00:00+08:00,25.2,PM2.5,µg/m³
Valenzuela,5975180,14258421,2026-05-21T08:00:00Z,2026-05-21T16:00:00+08:00,25.0,PM2.5,µg/m³
Valenzuela,5975180,14258421,2026-05-21T09:00:00Z,2026-05-21T17:00:00+08:00,30.4,PM2.5,µg/m³
Valenzuela,5975180,14258421,2026-05-21T10:00:00Z,2026-05-21T18:00:00+08:00,32.2,PM2.5,µg/m³
Valenzuela,5975180,14258421,2026-05-21T11:00:00Z,2026-05-21T19:00:00+08:00,22.2,PM2.5,µg/m³
Valenzuela,5975180,14258421,2026-05-21T12:00:00Z,2026-05-21T20:00:00+08:00,14.5,PM2.5,µg/m³
Valenzuela,5975180,14258421,2026-05-21T13:00:00Z,2026-05-21T21:00:00+08:00,18.6,PM2.5,µg/m³
Valenzuela,5975180,14258421,2026-05-21T14:00:00Z,2026-05-21T22:00:00+08:00,16.6,PM2.5,µg/m³
Valenzuela,5975180,14258421,2026-05-21T15:00:00Z,2026-05-21T23:00:00+08:00,5.4,PM2.5,µg/m³
Valenzuela,5975180,14258421,2026-05-21T16:00:00Z,2026-05-22T00:00:00+08:00,10.3,PM2.5,µg/m³
Valenzuela,5975180,14258421,2026-05-21T17:00:00Z,2026-05-22T01:00:00+08:00,25.8,PM2.5,µg/m³
Valenzuela,5975180,14258421,2026-05-21T18:00:00Z,2026-05-22T02:00:00+08:00,26.5,PM2.5,µg/m³
Valenzuela,5975180,14258421,2026-05-21T19:00:00Z,2026-05-22T03:00:00+08:00,30.1,PM2.5,µg/m³
Valenzuela,5975180,14258421,2026-05-21T20:00:00Z,2026-05-22T04:00:00+08:00,32.9,PM2.5,µg/m³
Valenzuela,5975180,14258421,2026-05-21T21:00:00Z,2026-05-22T05:00:00+08:00,25.5,PM2.5,µg/m³
Valenzuela,5975180,14258421,2026-05-21T22:00:00Z,2026-05-22T06:00:00+08:00,33.9,PM2.5,µg/m³
Valenzuela,5975180,14258421,2026-05-21T23:00:00Z,2026-05-22T07:00:00+08:00,37.1,PM2.5,µg/m³
Valenzuela,5975180,14258421,2026-05-22T00:00:00Z,2026-05-22T08:00:00+08:00,27.1,PM2.5,µg/m³
Valenzuela,5975180,14258421,2026-05-22T01:00:00Z,2026-05-22T09:00:00+08:00,24.6,PM2.5,µg/m³
Valenzuela,5975180,14258421,2026-05-22T02:00:00Z,2026-05-22T10:00:00+08:00,14.3,PM2.5,µg/m³
Valenzuela,5975180,14258421,2026-05-22T03:00:00Z,2026-05-22T11:00:00+08:00,18.1,PM2.5,µg/m³
Valenzuela,5975180,14258421,2026-05-22T04:00:00Z,2026-05-22T12:00:00+08:00,5.3,PM2.5,µg/m³
Valenzuela,5975180,14258421,2026-05-22T05:00:00Z,2026-05-22T13:00:00+08:00,3.2,PM2.5,µg/m³
Valenzuela,5975180,14258421,2026-05-22T06:00:00Z,2026-05-22T14:00:00+08:00,3.4,PM2.5,µg/m³
Valenzuela,5975180,14258421,2026-05-22T07:00:00Z,2026-05-22T15:00:00+08:00,2.4,PM2.5,µg/m³
Valenzuela,5975180,14258421,2026-05-22T08:00:00Z,2026-05-22T16:00:00+08:00,2.7,PM2.5,µg/m³
Valenzuela,5975180,14258421,2026-05-22T09:00:00Z,2026-05-22T17:00:00+08:00,5.5,PM2.5,µg/m³
Valenzuela,5975180,14258421,2026-05-22T10:00:00Z,2026-05-22T18:00:00+08:00,9.9,PM2.5,µg/m³
Valenzuela,5975180,14258421,2026-05-22T11:00:00Z,2026-05-22T19:00:00+08:00,12.1,PM2.5,µg/m³
Valenzuela,5975180,14258421,2026-05-22T12:00:00Z,2026-05-22T20:00:00+08:00,19.6,PM2.5,µg/m³
Valenzuela,5975180,14258421,2026-05-22T13:00:00Z,2026-05-22T21:00:00+08:00,20.4,PM2.5,µg/m³
Valenzuela,5975180,14258421,2026-05-22T14:00:00Z,2026-05-22T22:00:00+08:00,32.8,PM2.5,µg/m³
Valenzuela,5975180,14258421,2026-05-22T15:00:00Z,2026-05-22T23:00:00+08:00,34.9,PM2.5,µg/m³
Valenzuela,5975180,14258421,2026-05-22T16:00:00Z,2026-05-23T00:00:00+08:00,15.1,PM2.5,µg/m³
Valenzuela,5975180,14258421,2026-05-22T17:00:00Z,2026-05-23T01:00:00+08:00,10.5,PM2.5,µg/m³
Valenzuela,5975180,14258421,2026-05-22T18:00:00Z,2026-05-23T02:00:00+08:00,3.5,PM2.5,µg/m³
Valenzuela,5975180,14258421,2026-05-22T19:00:00Z,2026-05-23T03:00:00+08:00,8.8,PM2.5,µg/m³
Valenzuela,5975180,14258421,2026-05-22T20:00:00Z,2026-05-23T04:00:00+08:00,11.6,PM2.5,µg/m³
Valenzuela,5975180,14258421,2026-05-22T21:00:00Z,2026-05-23T05:00:00+08:00,33.1,PM2.5,µg/m³
Valenzuela,5975180,14258421,2026-05-22T22:00:00Z,2026-05-23T06:00:00+08:00,31.2,PM2.5,µg/m³
Valenzuela,5975180,14258421,2026-05-22T23:00:00Z,2026-05-23T07:00:00+08:00,24.5,PM2.5,µg/m³
Valenzuela,5975180,14258421,2026-05-23T00:00:00Z,2026-05-23T08:00:00+08:00,13.8,PM2.5,µg/m³
Valenzuela,5975180,14258421,2026-05-23T01:00:00Z,2026-05-23T09:00:00+08:00,16.7,PM2.5,µg/m³
Valenzuela,5975180,14258421,2026-05-23T02:00:00Z,2026-05-23T10:00:00+08:00,19.8,PM2.5,µg/m³
Valenzuela,5975180,14258421,2026-05-23T03:00:00Z,2026-05-23T11:00:00+08:00,18.4,PM2.5,µg/m³
Valenzuela,5975180,14258421,2026-05-23T04:00:00Z,2026-05-23T12:00:00+08:00,8.1,PM2.5,µg/m³
Valenzuela,5975180,14258421,2026-05-23T05:00:00Z,2026-05-23T13:00:00+08:00,8.4,PM2.5,µg/m³
Valenzuela,5975180,14258421,2026-05-23T06:00:00Z,2026-05-23T14:00:00+08:00,7.4,PM2.5,µg/m³
Valenzuela,5975180,14258421,2026-05-23T07:00:00Z,2026-05-23T15:00:00+08:00,4.9,PM2.5,µg/m³
Valenzuela,5975180,14258421,2026-05-23T08:00:00Z,2026-05-23T16:00:00+08:00,4.8,PM2.5,µg/m³
Valenzuela,5975180,14258421,2026-05-23T09:00:00Z,2026-05-23T17:00:00+08:00,6.1,PM2.5,µg/m³
Valenzuela,5975180,14258421,2026-05-23T10:00:00Z,2026-05-23T18:00:00+08:00,21.9,PM2.5,µg/m³
Valenzuela,5975180,14258421,2026-05-23T11:00:00Z,2026-05-23T19:00:00+08:00,38.1,PM2.5,µg/m³
Valenzuela,5975180,14258421,2026-05-23T12:00:00Z,2026-05-23T20:00:00+08:00,16.9,PM2.5,µg/m³
Valenzuela,5975180,14258421,2026-05-23T13:00:00Z,2026-05-23T21:00:00+08:00,20.2,PM2.5,µg/m³
Valenzuela,5975180,14258421,2026-05-23T14:00:00Z,2026-05-23T22:00:00+08:00,32.0,PM2.5,µg/m³
Valenzuela,5975180,14258421,2026-05-23T15:00:00Z,2026-05-23T23:00:00+08:00,34.3,PM2.5,µg/m³
Valenzuela,5975180,14258421,2026-05-23T16:00:00Z,2026-05-24T00:00:00+08:00,33.9,PM2.5,µg/m³
Valenzuela,5975180,14258421,2026-05-23T17:00:00Z,2026-05-24T01:00:00+08:00,29.5,PM2.5,µg/m³
Valenzuela,5975180,14258421,2026-05-23T18:00:00Z,2026-05-24T02:00:00+08:00,42.0,PM2.5,µg/m³
Valenzuela,5975180,14258421,2026-05-23T19:00:00Z,2026-05-24T03:00:00+08:00,45.6,PM2.5,µg/m³
Valenzuela,5975180,14258421,2026-05-23T20:00:00Z,2026-05-24T04:00:00+08:00,50.4,PM2.5,µg/m³
Valenzuela,5975180,14258421,2026-05-23T21:00:00Z,2026-05-24T05:00:00+08:00,65.8,PM2.5,µg/m³
Valenzuela,5975180,14258421,2026-05-23T22:00:00Z,2026-05-24T06:00:00+08:00,76.7,PM2.5,µg/m³
Valenzuela,5975180,14258421,2026-05-23T23:00:00Z,2026-05-24T07:00:00+08:00,76.2,PM2.5,µg/m³
Valenzuela,5975180,14258421,2026-05-24T00:00:00Z,2026-05-24T08:00:00+08:00,69.8,PM2.5,µg/m³
Valenzuela,5975180,14258421,2026-05-24T01:00:00Z,2026-05-24T09:00:00+08:00,29.4,PM2.5,µg/m³
Valenzuela,5975180,14258421,2026-05-24T02:00:00Z,2026-05-24T10:00:00+08:00,56.3,PM2.5,µg/m³
Valenzuela,5975180,14258421,2026-05-24T03:00:00Z,2026-05-24T11:00:00+08:00,58.0,PM2.5,µg/m³
Valenzuela,5975180,14258421,2026-05-24T04:00:00Z,2026-05-24T12:00:00+08:00,55.1,PM2.5,µg/m³
Valenzuela,5975180,14258421,2026-05-24T05:00:00Z,2026-05-24T13:00:00+08:00,35.4,PM2.5,µg/m³
Valenzuela,5975180,14258421,2026-05-24T06:00:00Z,2026-05-24T14:00:00+08:00,21.0,PM2.5,µg/m³
Valenzuela,5975180,14258421,2026-05-24T07:00:00Z,2026-05-24T15:00:00+08:00,7.1,PM2.5,µg/m³
Valenzuela,5975180,14258421,2026-05-24T08:00:00Z,2026-05-24T16:00:00+08:00,7.3,PM2.5,µg/m³
Valenzuela,5975180,14258421,2026-05-24T09:00:00Z,2026-05-24T17:00:00+08:00,5.8,PM2.5,µg/m³
Valenzuela,5975180,14258421,2026-05-24T10:00:00Z,2026-05-24T18:00:00+08:00,5.2,PM2.5,µg/m³
Valenzuela,5975180,14258421,2026-05-24T11:00:00Z,2026-05-24T19:00:00+08:00,10.7,PM2.5,µg/m³
Valenzuela,5975180,14258421,2026-05-24T12:00:00Z,2026-05-24T20:00:00+08:00,14.1,PM2.5,µg/m³
Valenzuela,5975180,14258421,2026-05-24T13:00:00Z,2026-05-24T21:00:00+08:00,19.2,PM2.5,µg/m³
Valenzuela,5975180,14258421,2026-05-24T14:00:00Z,2026-05-24T22:00:00+08:00,16.6,PM2.5,µg/m³
Valenzuela,5975180,14258421,2026-05-24T15:00:00Z,2026-05-24T23:00:00+08:00,7.6,PM2.5,µg/m³
Valenzuela,5975180,14258421,2026-05-24T16:00:00Z,2026-05-25T00:00:00+08:00,0.4,PM2.5,µg/m³
Valenzuela,5975180,14258421,2026-05-24T17:00:00Z,2026-05-25T01:00:00+08:00,0.3,PM2.5,µg/m³
Valenzuela,5975180,14258421,2026-05-24T18:00:00Z,2026-05-25T02:00:00+08:00,5.4,PM2.5,µg/m³
Valenzuela,5975180,14258421,2026-05-24T19:00:00Z,2026-05-25T03:00:00+08:00,7.9,PM2.5,µg/m³
Valenzuela,5975180,14258421,2026-05-24T20:00:00Z,2026-05-25T04:00:00+08:00,11.5,PM2.5,µg/m³
Valenzuela,5975180,14258421,2026-05-24T21:00:00Z,2026-05-25T05:00:00+08:00,24.9,PM2.5,µg/m³
Valenzuela,5975180,14258421,2026-05-24T22:00:00Z,2026-05-25T06:00:00+08:00,21.5,PM2.5,µg/m³
Valenzuela,5975180,14258421,2026-05-24T23:00:00Z,2026-05-25T07:00:00+08:00,26.3,PM2.5,µg/m³
Valenzuela,5975180,14258421,2026-05-25T00:00:00Z,2026-05-25T08:00:00+08:00,20.5,PM2.5,µg/m³
Valenzuela,5975180,14258421,2026-05-25T01:00:00Z,2026-05-25T09:00:00+08:00,18.3,PM2.5,µg/m³
Valenzuela,5975180,14258421,2026-05-25T02:00:00Z,2026-05-25T10:00:00+08:00,25.3,PM2.5,µg/m³
Valenzuela,5975180,14258421,2026-05-25T03:00:00Z,2026-05-25T11:00:00+08:00,27.1,PM2.5,µg/m³
Valenzuela,5975180,14258421,2026-05-25T04:00:00Z,2026-05-25T12:00:00+08:00,31.2,PM2.5,µg/m³
Valenzuela,5975180,14258421,2026-05-25T05:00:00Z,2026-05-25T13:00:00+08:00,14.0,PM2.5,µg/m³
Valenzuela,5975180,14258421,2026-05-25T06:00:00Z,2026-05-25T14:00:00+08:00,15.1,PM2.5,µg/m³
Valenzuela,5975180,14258421,2026-05-25T07:00:00Z,2026-05-25T15:00:00+08:00,15.8,PM2.5,µg/m³
Valenzuela,5975180,14258421,2026-05-25T08:00:00Z,2026-05-25T16:00:00+08:00,19.8,PM2.5,µg/m³
Valenzuela,5975180,14258421,2026-05-25T09:00:00Z,2026-05-25T17:00:00+08:00,14.2,PM2.5,µg/m³
Valenzuela,5975180,14258421,2026-05-25T10:00:00Z,2026-05-25T18:00:00+08:00,20.4,PM2.5,µg/m³
Valenzuela,5975180,14258421,2026-05-25T11:00:00Z,2026-05-25T19:00:00+08:00,29.5,PM2.5,µg/m³
Valenzuela,5975180,14258421,2026-05-25T12:00:00Z,2026-05-25T20:00:00+08:00,21.5,PM2.5,µg/m³
Valenzuela,5975180,14258421,2026-05-25T13:00:00Z,2026-05-25T21:00:00+08:00,20.9,PM2.5,µg/m³
Valenzuela,5975180,14258421,2026-05-25T14:00:00Z,2026-05-25T22:00:00+08:00,41.2,PM2.5,µg/m³
Valenzuela,5975180,14258421,2026-05-25T15:00:00Z,2026-05-25T23:00:00+08:00,41.2,PM2.5,µg/m³
Valenzuela,5975180,14258421,2026-05-25T16:00:00Z,2026-05-26T00:00:00+08:00,49.7,PM2.5,µg/m³
Valenzuela,5975180,14258421,2026-05-25T17:00:00Z,2026-05-26T01:00:00+08:00,48.2,PM2.5,µg/m³
Valenzuela,5975180,14258421,2026-05-25T18:00:00Z,2026-05-26T02:00:00+08:00,48.6,PM2.5,µg/m³
Valenzuela,5975180,14258421,2026-05-25T19:00:00Z,2026-05-26T03:00:00+08:00,12.9,PM2.5,µg/m³
Valenzuela,5975180,14258421,2026-05-25T20:00:00Z,2026-05-26T04:00:00+08:00,7.7,PM2.5,µg/m³
Valenzuela,5975180,14258421,2026-05-25T21:00:00Z,2026-05-26T05:00:00+08:00,17.1,PM2.5,µg/m³
Valenzuela,5975180,14258421,2026-05-25T22:00:00Z,2026-05-26T06:00:00+08:00,4.1,PM2.5,µg/m³
Valenzuela,5975180,14258421,2026-05-25T23:00:00Z,2026-05-26T07:00:00+08:00,4.1,PM2.5,µg/m³
Valenzuela,5975180,14258421,2026-05-26T00:00:00Z,2026-05-26T08:00:00+08:00,5.8,PM2.5,µg/m³
Valenzuela,5975180,14258421,2026-05-26T01:00:00Z,2026-05-26T09:00:00+08:00,12.6,PM2.5,µg/m³
Valenzuela,5975180,14258421,2026-05-26T02:00:00Z,2026-05-26T10:00:00+08:00,29.3,PM2.5,µg/m³
Valenzuela,5975180,14258421,2026-05-26T03:00:00Z,2026-05-26T11:00:00+08:00,36.6,PM2.5,µg/m³
Valenzuela,5975180,14258421,2026-05-26T04:00:00Z,2026-05-26T12:00:00+08:00,39.0,PM2.5,µg/m³
Valenzuela,5975180,14258421,2026-05-26T05:00:00Z,2026-05-26T13:00:00+08:00,38.8,PM2.5,µg/m³
Valenzuela,5975180,14258421,2026-05-26T06:00:00Z,2026-05-26T14:00:00+08:00,43.5,PM2.5,µg/m³
Valenzuela,5975180,14258421,2026-05-26T07:00:00Z,2026-05-26T15:00:00+08:00,40.9,PM2.5,µg/m³
Valenzuela,5975180,14258421,2026-05-26T08:00:00Z,2026-05-26T16:00:00+08:00,41.4,PM2.5,µg/m³
Valenzuela,5975180,14258421,2026-05-26T09:00:00Z,2026-05-26T17:00:00+08:00,39.0,PM2.5,µg/m³
Valenzuela,5975180,14258421,2026-05-26T10:00:00Z,2026-05-26T18:00:00+08:00,44.1,PM2.5,µg/m³
Valenzuela,5975180,14258421,2026-05-26T11:00:00Z,2026-05-26T19:00:00+08:00,44.1,PM2.5,µg/m³
Valenzuela,5975180,14258421,2026-05-26T12:00:00Z,2026-05-26T20:00:00+08:00,41.3,PM2.5,µg/m³
Valenzuela,5975180,14258421,2026-05-26T13:00:00Z,2026-05-26T21:00:00+08:00,41.0,PM2.5,µg/m³
Valenzuela,5975180,14258421,2026-05-26T14:00:00Z,2026-05-26T22:00:00+08:00,41.0,PM2.5,µg/m³
Valenzuela,5975180,14258421,2026-05-26T15:00:00Z,2026-05-26T23:00:00+08:00,43.7,PM2.5,µg/m³
Valenzuela,5975180,14258421,2026-05-26T16:00:00Z,2026-05-27T00:00:00+08:00,45.0,PM2.5,µg/m³
Valenzuela,5975180,14258421,2026-05-26T17:00:00Z,2026-05-27T01:00:00+08:00,47.3,PM2.5,µg/m³
Valenzuela,5975180,14258421,2026-05-26T18:00:00Z,2026-05-27T02:00:00+08:00,47.4,PM2.5,µg/m³
Valenzuela,5975180,14258421,2026-05-26T19:00:00Z,2026-05-27T03:00:00+08:00,44.9,PM2.5,µg/m³
Valenzuela,5975180,14258421,2026-05-26T20:00:00Z,2026-05-27T04:00:00+08:00,41.7,PM2.5,µg/m³
Valenzuela,5975180,14258421,2026-05-26T21:00:00Z,2026-05-27T05:00:00+08:00,41.7,PM2.5,µg/m³
Valenzuela,5975180,14258421,2026-05-26T22:00:00Z,2026-05-27T06:00:00+08:00,46.7,PM2.5,µg/m³
Valenzuela,5975180,14258421,2026-05-26T23:00:00Z,2026-05-27T07:00:00+08:00,43.5,PM2.5,µg/m³
Valenzuela,5975180,14258421,2026-05-27T00:00:00Z,2026-05-27T08:00:00+08:00,36.1,PM2.5,µg/m³
Valenzuela,5975180,14258421,2026-05-27T01:00:00Z,2026-05-27T09:00:00+08:00,43.4,PM2.5,µg/m³
Valenzuela,5975180,14258421,2026-05-27T02:00:00Z,2026-05-27T10:00:00+08:00,52.5,PM2.5,µg/m³
Valenzuela,5975180,14258421,2026-05-27T03:00:00Z,2026-05-27T11:00:00+08:00,58.8,PM2.5,µg/m³
Valenzuela,5975180,14258421,2026-05-27T04:00:00Z,2026-05-27T12:00:00+08:00,46.0,PM2.5,µg/m³
Valenzuela,5975180,14258421,2026-05-27T05:00:00Z,2026-05-27T13:00:00+08:00,45.1,PM2.5,µg/m³
Valenzuela,5975180,14258421,2026-05-27T06:00:00Z,2026-05-27T14:00:00+08:00,59.5,PM2.5,µg/m³
Valenzuela,5975180,14258421,2026-05-27T07:00:00Z,2026-05-27T15:00:00+08:00,93.6,PM2.5,µg/m³
Valenzuela,5975180,14258421,2026-05-27T08:00:00Z,2026-05-27T16:00:00+08:00,60.1,PM2.5,µg/m³
Valenzuela,5975180,14258421,2026-05-27T09:00:00Z,2026-05-27T17:00:00+08:00,50.1,PM2.5,µg/m³
Valenzuela,5975180,14258421,2026-05-27T10:00:00Z,2026-05-27T18:00:00+08:00,46.4,PM2.5,µg/m³
Valenzuela,5975180,14258421,2026-05-27T11:00:00Z,2026-05-27T19:00:00+08:00,35.8,PM2.5,µg/m³
Valenzuela,5975180,14258421,2026-05-27T12:00:00Z,2026-05-27T20:00:00+08:00,37.9,PM2.5,µg/m³
Valenzuela,5975180,14258421,2026-05-27T13:00:00Z,2026-05-27T21:00:00+08:00,36.8,PM2.5,µg/m³
Valenzuela,5975180,14258421,2026-05-27T14:00:00Z,2026-05-27T22:00:00+08:00,38.9,PM2.5,µg/m³
Valenzuela,5975180,14258421,2026-05-27T15:00:00Z,2026-05-27T23:00:00+08:00,46.2,PM2.5,µg/m³
Valenzuela,5975180,14258421,2026-05-27T16:00:00Z,2026-05-28T00:00:00+08:00,42.5,PM2.5,µg/m³
Valenzuela,5975180,14258421,2026-05-27T17:00:00Z,2026-05-28T01:00:00+08:00,46.7,PM2.5,µg/m³
Valenzuela,5975180,14258421,2026-05-27T18:00:00Z,2026-05-28T02:00:00+08:00,47.4,PM2.5,µg/m³
Valenzuela,5975180,14258421,2026-05-27T19:00:00Z,2026-05-28T03:00:00+08:00,48.8,PM2.5,µg/m³
Valenzuela,5975180,14258421,2026-05-27T20:00:00Z,2026-05-28T04:00:00+08:00,46.7,PM2.5,µg/m³
Valenzuela,5975180,14258421,2026-05-27T21:00:00Z,2026-05-28T05:00:00+08:00,50.1,PM2.5,µg/m³
Valenzuela,5975180,14258421,2026-05-27T22:00:00Z,2026-05-28T06:00:00+08:00,56.2,PM2.5,µg/m³
Valenzuela,5975180,14258421,2026-05-27T23:00:00Z,2026-05-28T07:00:00+08:00,51.9,PM2.5,µg/m³
Valenzuela,5975180,14258421,2026-05-28T00:00:00Z,2026-05-28T08:00:00+08:00,54.5,PM2.5,µg/m³
Valenzuela,5975180,14258421,2026-05-28T01:00:00Z,2026-05-28T09:00:00+08:00,46.3,PM2.5,µg/m³
Valenzuela,5975180,14258421,2026-05-28T02:00:00Z,2026-05-28T10:00:00+08:00,46.1,PM2.5,µg/m³
Valenzuela,5975180,14258421,2026-05-28T03:00:00Z,2026-05-28T11:00:00+08:00,44.7,PM2.5,µg/m³
Valenzuela,5975180,14258421,2026-05-28T04:00:00Z,2026-05-28T12:00:00+08:00,44.5,PM2.5,µg/m³
Valenzuela,5975180,14258421,2026-05-28T05:00:00Z,2026-05-28T13:00:00+08:00,53.8,PM2.5,µg/m³
Valenzuela,5975180,14258421,2026-05-28T06:00:00Z,2026-05-28T14:00:00+08:00,68.2,PM2.5,µg/m³
Valenzuela,5975180,14258421,2026-05-28T07:00:00Z,2026-05-28T15:00:00+08:00,93.4,PM2.5,µg/m³
Valenzuela,5975180,14258421,2026-05-28T08:00:00Z,2026-05-28T16:00:00+08:00,79.4,PM2.5,µg/m³
Valenzuela,5975180,14258421,2026-05-28T09:00:00Z,2026-05-28T17:00:00+08:00,55.4,PM2.5,µg/m³
Valenzuela,5975180,14258421,2026-05-28T10:00:00Z,2026-05-28T18:00:00+08:00,44.4,PM2.5,µg/m³
Valenzuela,5975180,14258421,2026-05-28T11:00:00Z,2026-05-28T19:00:00+08:00,40.4,PM2.5,µg/m³
Valenzuela,5975180,14258421,2026-05-28T12:00:00Z,2026-05-28T20:00:00+08:00,37.6,PM2.5,µg/m³
